DateTime,"(mm) SWE (SNODAS) at -109.1980E,35.6960N, 2011-02-22 to 2011-03-23"
10/1/03,0
10/2/03,0
10/3/03,0
10/4/03,0
10/5/03,0
10/6/03,0
10/7/03,0
10/8/03,0
10/9/03,0
10/10/03,0
10/11/03,0
10/12/03,0
10/13/03,0
10/14/03,0
10/15/03,0
10/16/03,0
10/17/03,0
10/18/03,0
10/19/03,0
10/20/03,0
10/21/03,0
10/22/03,0
10/23/03,0
10/24/03,0
10/25/03,0
10/26/03,0
10/27/03,0
10/28/03,0
10/29/03,0
10/31/03,0
11/1/03,0
11/2/03,0
11/3/03,0
11/4/03,0
11/5/03,0
11/6/03,0
11/7/03,0
11/8/03,0
11/9/03,0
11/10/03,0
11/11/03,0
11/12/03,0
11/13/03,0
11/14/03,0
11/15/03,0
11/16/03,0
11/17/03,0
11/18/03,0
11/19/03,0
11/20/03,0
11/21/03,0
11/22/03,0
11/23/03,0
11/24/03,0
11/25/03,0
11/26/03,0
11/27/03,0
11/28/03,0
11/29/03,0
11/30/03,0
12/1/03,0
12/2/03,0
12/3/03,0
12/4/03,0
12/5/03,0
12/6/03,0
12/7/03,0
12/8/03,0
12/9/03,1
12/10/03,0
12/11/03,0
12/12/03,0
12/13/03,2
12/14/03,0
12/15/03,0
12/16/03,0
12/17/03,0
12/18/03,0
12/19/03,0
12/20/03,0
12/21/03,0
12/22/03,0
12/23/03,0
12/24/03,0
12/25/03,0
12/26/03,0
12/27/03,2
12/28/03,2
12/29/03,1
12/30/03,0
12/31/03,0
1/1/04,0
1/2/04,0
1/3/04,0
1/4/04,2
1/5/04,1
1/6/04,0
1/7/04,0
1/8/04,0
1/9/04,0
1/10/04,0
1/11/04,0
1/12/04,0
1/13/04,0
1/14/04,0
1/15/04,0
1/16/04,1
1/17/04,1
1/18/04,1
1/19/04,0
1/20/04,0
1/21/04,0
1/22/04,0
1/23/04,0
1/24/04,0
1/25/04,0
1/26/04,4
1/27/04,2
1/28/04,1
1/29/04,1
1/30/04,0
1/31/04,0
2/1/04,1
2/2/04,0
2/3/04,0
2/4/04,1
2/5/04,1
2/6/04,1
2/7/04,0
2/8/04,0
2/9/04,0
2/10/04,0
2/11/04,0
2/12/04,0
2/13/04,0
2/14/04,0
2/15/04,0
2/16/04,0
2/17/04,0
2/18/04,0
2/19/04,0
2/20/04,0
2/21/04,0
2/22/04,0
2/23/04,0
2/24/04,1
2/26/04,0
2/27/04,0
2/28/04,0
2/29/04,2
3/1/04,2
3/2/04,1
3/3/04,0
3/4/04,0
3/5/04,2
3/6/04,1
3/7/04,0
3/8/04,0
3/9/04,0
3/10/04,0
3/11/04,0
3/12/04,0
3/13/04,0
3/14/04,0
3/15/04,0
3/16/04,0
3/17/04,0
3/18/04,0
3/19/04,0
3/20/04,0
3/21/04,0
3/22/04,0
3/23/04,0
3/24/04,0
3/25/04,0
3/26/04,0
3/27/04,0
3/28/04,0
3/29/04,0
3/30/04,0
3/31/04,0
4/1/04,0
4/2/04,0
4/3/04,0
4/4/04,0
4/5/04,0
4/6/04,0
4/7/04,0
4/8/04,0
4/9/04,0
4/10/04,0
4/11/04,0
4/12/04,0
4/13/04,0
4/14/04,0
4/15/04,0
4/16/04,0
4/17/04,0
4/18/04,0
4/19/04,0
4/20/04,0
4/21/04,0
4/22/04,0
4/23/04,0
4/24/04,0
4/25/04,0
4/26/04,0
4/27/04,0
4/28/04,0
4/29/04,0
4/30/04,0
5/1/04,0
5/2/04,0
5/3/04,0
5/4/04,0
5/5/04,0
5/6/04,0
5/7/04,0
5/8/04,0
5/9/04,0
5/10/04,0
5/11/04,0
5/12/04,0
5/13/04,0
5/14/04,0
5/15/04,0
5/16/04,0
5/17/04,0
5/18/04,0
5/19/04,0
5/20/04,0
5/21/04,0
5/22/04,0
5/23/04,0
5/24/04,0
5/25/04,0
5/26/04,0
5/27/04,0
5/28/04,0
5/29/04,0
5/30/04,0
5/31/04,0
6/1/04,0
6/2/04,0
6/3/04,0
6/4/04,0
6/5/04,0
6/6/04,0
6/7/04,0
6/8/04,0
6/9/04,0
6/10/04,0
6/11/04,0
6/12/04,0
6/13/04,0
6/14/04,0
6/15/04,0
6/16/04,0
6/17/04,0
6/18/04,0
6/19/04,0
6/20/04,0
6/21/04,0
6/22/04,0
6/23/04,0
6/24/04,0
6/25/04,0
6/26/04,0
6/27/04,0
6/28/04,0
6/29/04,0
6/30/04,0
7/1/04,0
7/2/04,0
7/3/04,0
7/4/04,0
7/5/04,0
7/6/04,0
7/7/04,0
7/8/04,0
7/9/04,0
7/10/04,0
7/11/04,0
7/12/04,0
7/13/04,0
7/14/04,0
7/15/04,0
7/16/04,0
7/17/04,0
7/18/04,0
7/19/04,0
7/20/04,0
7/21/04,0
7/22/04,0
7/23/04,0
7/24/04,0
7/25/04,0
7/26/04,0
7/27/04,0
7/28/04,0
7/29/04,0
7/30/04,0
7/31/04,0
8/1/04,0
8/2/04,0
8/3/04,0
8/4/04,0
8/5/04,0
8/6/04,0
8/7/04,0
8/8/04,0
8/9/04,0
8/10/04,0
8/11/04,0
8/12/04,0
8/13/04,0
8/14/04,0
8/15/04,0
8/16/04,0
8/17/04,0
8/18/04,0
8/19/04,0
8/20/04,0
8/21/04,0
8/22/04,0
8/23/04,0
8/24/04,0
8/25/04,0
8/26/04,0
8/27/04,0
8/28/04,0
8/29/04,0
8/30/04,0
9/1/04,0
9/2/04,0
9/3/04,0
9/4/04,0
9/5/04,0
9/6/04,0
9/7/04,0
9/8/04,0
9/9/04,0
9/10/04,0
9/11/04,0
9/12/04,0
9/13/04,0
9/14/04,0
9/15/04,0
9/16/04,0
9/17/04,0
9/18/04,0
9/19/04,0
9/20/04,0
9/21/04,0
9/22/04,0
9/23/04,0
9/24/04,0
9/25/04,0
9/26/04,0
9/28/04,0
9/29/04,0
9/30/04,0
10/1/04,0
10/2/04,0
10/3/04,0
10/4/04,0
10/5/04,0
10/6/04,0
10/7/04,0
10/8/04,0
10/9/04,0
10/10/04,0
10/11/04,0
10/12/04,0
10/13/04,0
10/14/04,0
10/15/04,0
10/16/04,0
10/17/04,0
10/18/04,0
10/19/04,0
10/20/04,0
10/21/04,0
10/22/04,0
10/23/04,0
10/24/04,0
10/25/04,0
10/26/04,0
10/27/04,0
10/28/04,0
10/29/04,1
10/30/04,0
10/31/04,0
11/1/04,0
11/2/04,0
11/3/04,0
11/4/04,0
11/5/04,0
11/6/04,0
11/7/04,0
11/8/04,0
11/9/04,0
11/10/04,0
11/11/04,0
11/12/04,0
11/13/04,0
11/14/04,4
11/15/04,3
11/16/04,2
11/17/04,0
11/18/04,0
11/19/04,0
11/20/04,0
11/21/04,0
11/22/04,0
11/23/04,1
11/24/04,0
11/25/04,0
11/26/04,0
11/27/04,0
11/28/04,0
11/29/04,0
11/30/04,0
12/1/04,0
12/2/04,0
12/3/04,0
12/4/04,0
12/5/04,2
12/6/04,2
12/7/04,6
12/8/04,6
12/9/04,7
12/10/04,5
12/11/04,3
12/12/04,0
12/13/04,0
12/14/04,0
12/15/04,0
12/16/04,0
12/17/04,0
12/18/04,0
12/19/04,0
12/20/04,0
12/21/04,0
12/22/04,1
12/23/04,0
12/24/04,0
12/25/04,0
12/26/04,0
12/27/04,0
12/28/04,0
12/29/04,0
12/30/04,0
12/31/04,0
1/1/05,0
1/2/05,0
1/3/05,0
1/4/05,1
1/5/05,1
1/6/05,2
1/7/05,2
1/8/05,2
1/9/05,0
1/10/05,0
1/11/05,0
1/12/05,3
1/13/05,2
1/14/05,1
1/15/05,0
1/16/05,0
1/17/05,0
1/18/05,0
1/19/05,0
1/20/05,0
1/21/05,0
1/22/05,0
1/23/05,0
1/24/05,0
1/25/05,0
1/26/05,0
1/27/05,0
1/28/05,0
1/29/05,0
1/30/05,0
1/31/05,1
2/1/05,1
2/2/05,1
2/3/05,1
2/4/05,0
2/5/05,0
2/6/05,0
2/7/05,0
2/8/05,4
2/9/05,5
2/10/05,3
2/11/05,2
2/12/05,0
2/13/05,0
2/14/05,0
2/15/05,0
2/16/05,0
2/17/05,0
2/18/05,0
2/19/05,0
2/20/05,1
2/21/05,0
2/22/05,0
2/23/05,0
2/24/05,2
2/25/05,1
2/26/05,2
2/27/05,3
2/28/05,2
3/1/05,1
3/2/05,0
3/3/05,0
3/4/05,0
3/5/05,0
3/6/05,1
3/7/05,0
3/8/05,0
3/9/05,0
3/10/05,0
3/11/05,0
3/12/05,0
3/13/05,0
3/14/05,0
3/15/05,0
3/16/05,0
3/17/05,0
3/18/05,0
3/19/05,0
3/20/05,0
3/21/05,0
3/22/05,0
3/23/05,0
3/24/05,0
3/25/05,0
3/26/05,1
3/27/05,0
3/28/05,0
3/29/05,0
3/30/05,0
3/31/05,0
4/1/05,0
4/2/05,0
4/3/05,0
4/4/05,0
4/5/05,0
4/6/05,0
4/7/05,0
4/8/05,0
4/9/05,0
4/10/05,0
4/11/05,0
4/12/05,0
4/13/05,0
4/14/05,0
4/15/05,0
4/16/05,0
4/17/05,0
4/18/05,0
4/19/05,0
4/20/05,0
4/21/05,0
4/22/05,0
4/23/05,0
4/24/05,0
4/25/05,0
4/26/05,0
4/27/05,0
4/28/05,0
4/29/05,0
4/30/05,0
5/1/05,0
5/2/05,0
5/3/05,0
5/4/05,0
5/5/05,0
5/6/05,0
5/7/05,0
5/8/05,0
5/9/05,0
5/10/05,0
5/11/05,0
5/12/05,0
5/13/05,0
5/14/05,0
5/15/05,0
5/16/05,0
5/17/05,0
5/18/05,0
5/19/05,0
5/20/05,0
5/21/05,0
5/22/05,0
5/23/05,0
5/24/05,0
5/25/05,0
5/26/05,0
5/27/05,0
5/28/05,0
5/29/05,0
5/30/05,0
5/31/05,0
6/1/05,0
6/2/05,0
6/3/05,0
6/4/05,0
6/5/05,0
6/6/05,0
6/7/05,0
6/8/05,0
6/9/05,0
6/10/05,0
6/11/05,0
6/12/05,0
6/13/05,0
6/14/05,0
6/15/05,0
6/16/05,0
6/17/05,0
6/18/05,0
6/19/05,0
6/20/05,0
6/21/05,0
6/22/05,0
6/23/05,0
6/24/05,0
6/26/05,0
6/27/05,0
6/28/05,0
6/29/05,0
6/30/05,0
7/1/05,0
7/2/05,0
7/3/05,0
7/4/05,0
7/5/05,0
7/6/05,0
7/7/05,0
7/8/05,0
7/9/05,0
7/10/05,0
7/11/05,0
7/12/05,0
7/13/05,0
7/14/05,0
7/15/05,0
7/16/05,0
7/17/05,0
7/18/05,0
7/19/05,0
7/20/05,0
7/21/05,0
7/22/05,0
7/23/05,0
7/24/05,0
7/25/05,0
7/26/05,0
7/27/05,0
7/28/05,0
7/29/05,0
7/30/05,0
7/31/05,0
8/3/05,0
8/4/05,0
8/5/05,0
8/6/05,0
8/7/05,0
8/8/05,0
8/9/05,0
8/10/05,0
8/11/05,0
8/12/05,0
8/13/05,0
8/14/05,0
8/15/05,0
8/16/05,0
8/17/05,0
8/18/05,0
8/19/05,0
8/20/05,0
8/21/05,0
8/22/05,0
8/23/05,0
8/24/05,0
8/25/05,0
8/26/05,0
8/27/05,0
8/28/05,0
8/29/05,0
8/30/05,0
8/31/05,0
9/1/05,0
9/2/05,0
9/3/05,0
9/4/05,0
9/5/05,0
9/6/05,0
9/7/05,0
9/8/05,0
9/9/05,0
9/10/05,0
9/11/05,0
9/12/05,0
9/13/05,0
9/14/05,0
9/15/05,0
9/16/05,0
9/17/05,0
9/18/05,0
9/19/05,0
9/20/05,0
9/21/05,0
9/22/05,0
9/23/05,0
9/24/05,0
9/25/05,0
9/26/05,0
9/27/05,0
9/28/05,0
9/29/05,0
9/30/05,0
10/1/05,0
10/2/05,0
10/3/05,0
10/4/05,0
10/5/05,0
10/6/05,0
10/7/05,0
10/8/05,0
10/9/05,0
10/10/05,0
10/11/05,0
10/12/05,0
10/13/05,0
10/14/05,0
10/15/05,0
10/16/05,0
10/17/05,0
10/18/05,0
10/19/05,0
10/20/05,0
10/21/05,0
10/22/05,0
10/23/05,0
10/24/05,0
10/25/05,0
10/26/05,0
10/27/05,0
10/28/05,0
10/29/05,0
10/30/05,0
10/31/05,0
11/1/05,0
11/2/05,0
11/3/05,0
11/4/05,0
11/5/05,0
11/6/05,0
11/7/05,0
11/8/05,0
11/9/05,0
11/10/05,0
11/11/05,0
11/12/05,0
11/13/05,0
11/14/05,0
11/15/05,0
11/16/05,0
11/17/05,0
11/18/05,0
11/19/05,0
11/20/05,0
11/21/05,0
11/22/05,0
11/23/05,0
11/24/05,0
11/25/05,0
11/26/05,0
11/27/05,2
11/28/05,1
11/29/05,0
11/30/05,0
12/1/05,0
12/2/05,0
12/3/05,0
12/4/05,0
12/5/05,0
12/6/05,0
12/7/05,0
12/8/05,0
12/9/05,0
12/10/05,0
12/11/05,0
12/12/05,0
12/13/05,1
12/14/05,5
12/15/05,3
12/16/05,1
12/17/05,0
12/18/05,0
12/19/05,0
12/20/05,0
12/21/05,0
12/22/05,0
12/23/05,0
12/24/05,0
12/25/05,0
12/26/05,0
12/27/05,0
12/28/05,0
12/29/05,0
12/30/05,0
12/31/05,0
1/1/06,0
1/2/06,0
1/3/06,0
1/4/06,0
1/5/06,0
1/6/06,0
1/7/06,0
1/8/06,0
1/9/06,0
1/10/06,0
1/11/06,0
1/12/06,0
1/13/06,0
1/14/06,0
1/15/06,0
1/16/06,0
1/17/06,0
1/18/06,0
1/19/06,0
1/20/06,3
1/21/06,3
1/22/06,1
1/23/06,0
1/24/06,0
1/25/06,0
1/26/06,3
1/27/06,2
1/28/06,0
1/29/06,0
1/30/06,0
1/31/06,0
2/1/06,0
2/2/06,0
2/3/06,0
2/4/06,0
2/5/06,0
2/6/06,0
2/7/06,0
2/8/06,0
2/9/06,0
2/10/06,0
2/11/06,0
2/12/06,0
2/13/06,0
2/14/06,0
2/15/06,0
2/16/06,0
2/17/06,0
2/18/06,0
2/19/06,0
2/20/06,0
2/21/06,0
2/22/06,0
2/23/06,0
2/24/06,0
2/25/06,0
2/26/06,0
2/27/06,0
2/28/06,0
3/1/06,0
3/2/06,0
3/3/06,0
3/4/06,0
3/5/06,0
3/6/06,0
3/7/06,0
3/8/06,0
3/9/06,5
3/10/06,4
3/11/06,5
3/12/06,29
3/13/06,39
3/14/06,39
3/15/06,37
3/16/06,34
3/17/06,31
3/18/06,16
3/19/06,11
3/20/06,10
3/21/06,9
3/22/06,11
3/23/06,11
3/24/06,8
3/25/06,0
3/26/06,0
3/27/06,0
3/28/06,0
3/29/06,0
3/30/06,2
3/31/06,3
4/1/06,0
4/2/06,0
4/3/06,0
4/4/06,0
4/5/06,0
4/6/06,0
4/7/06,0
4/8/06,0
4/9/06,0
4/10/06,0
4/11/06,0
4/12/06,0
4/13/06,0
4/14/06,0
4/15/06,0
4/16/06,0
4/17/06,0
4/18/06,0
4/19/06,0
4/20/06,0
4/21/06,0
4/22/06,0
4/23/06,0
4/24/06,0
4/25/06,0
4/26/06,0
4/27/06,0
4/28/06,0
4/29/06,0
4/30/06,0
5/1/06,0
5/2/06,0
5/3/06,0
5/4/06,0
5/5/06,0
5/6/06,0
5/7/06,0
5/8/06,0
5/9/06,0
5/10/06,0
5/11/06,0
5/12/06,0
5/13/06,0
5/14/06,0
5/15/06,0
5/16/06,0
5/17/06,0
5/18/06,0
5/19/06,0
5/20/06,0
5/21/06,0
5/22/06,0
5/23/06,0
5/24/06,0
5/25/06,0
5/26/06,0
5/27/06,0
5/28/06,0
5/29/06,0
5/30/06,0
5/31/06,0
6/1/06,0
6/2/06,0
6/3/06,0
6/4/06,0
6/5/06,0
6/6/06,0
6/7/06,0
6/8/06,0
6/9/06,0
6/10/06,0
6/11/06,0
6/12/06,0
6/13/06,0
6/14/06,0
6/15/06,0
6/16/06,0
6/17/06,0
6/18/06,0
6/19/06,0
6/20/06,0
6/21/06,0
6/22/06,0
6/23/06,0
6/24/06,0
6/25/06,0
6/26/06,0
6/27/06,0
6/28/06,0
6/29/06,0
6/30/06,0
7/1/06,0
7/2/06,0
7/3/06,0
7/4/06,0
7/5/06,0
7/6/06,0
7/7/06,0
7/8/06,0
7/9/06,0
7/10/06,0
7/11/06,0
7/12/06,0
7/13/06,0
7/14/06,0
7/15/06,0
7/16/06,0
7/17/06,0
7/18/06,0
7/19/06,0
7/20/06,0
7/21/06,0
7/22/06,0
7/23/06,0
7/24/06,0
7/25/06,0
7/26/06,0
7/27/06,0
7/28/06,0
7/29/06,0
7/30/06,0
7/31/06,0
8/1/06,0
8/2/06,0
8/3/06,0
8/4/06,0
8/5/06,0
8/6/06,0
8/7/06,0
8/8/06,0
8/9/06,0
8/10/06,0
8/11/06,0
8/12/06,0
8/13/06,0
8/14/06,0
8/15/06,0
8/16/06,0
8/17/06,0
8/18/06,0
8/19/06,0
8/20/06,0
8/21/06,0
8/22/06,0
8/23/06,0
8/24/06,0
8/25/06,0
8/28/06,0
8/29/06,0
8/30/06,0
8/31/06,0
9/1/06,0
9/2/06,0
9/3/06,0
9/4/06,0
9/5/06,0
9/6/06,0
9/7/06,0
9/9/06,0
9/10/06,0
9/11/06,0
9/12/06,0
9/13/06,0
9/14/06,0
9/15/06,0
9/16/06,0
9/17/06,0
9/18/06,0
9/19/06,0
9/20/06,0
9/21/06,0
9/22/06,0
9/23/06,0
9/24/06,0
9/25/06,0
9/26/06,0
9/27/06,0
9/28/06,0
9/29/06,0
10/2/06,0
10/3/06,0
10/4/06,0
10/5/06,0
10/6/06,0
10/7/06,0
10/8/06,0
10/9/06,0
10/10/06,0
10/11/06,0
10/12/06,0
10/13/06,0
10/14/06,0
10/15/06,0
10/16/06,0
10/17/06,0
10/18/06,0
10/19/06,0
10/20/06,0
10/21/06,0
10/22/06,0
10/23/06,0
10/24/06,0
10/25/06,0
10/26/06,0
10/27/06,0
10/28/06,0
10/29/06,0
10/30/06,0
10/31/06,0
11/1/06,0
11/2/06,0
11/3/06,0
11/4/06,0
11/5/06,0
11/6/06,0
11/7/06,0
11/8/06,0
11/9/06,0
11/10/06,0
11/11/06,0
11/12/06,0
11/13/06,2
11/14/06,0
11/15/06,0
11/16/06,0
11/17/06,0
11/18/06,0
11/19/06,0
11/20/06,0
11/21/06,0
11/22/06,0
11/23/06,0
11/24/06,0
11/25/06,0
11/26/06,0
11/27/06,0
11/28/06,0
11/29/06,0
11/30/06,1
12/1/06,0
12/2/06,0
12/3/06,0
12/4/06,0
12/5/06,0
12/6/06,0
12/7/06,0
12/8/06,0
12/9/06,0
12/10/06,0
12/11/06,0
12/12/06,1
12/13/06,0
12/14/06,0
12/15/06,0
12/16/06,0
12/17/06,0
12/18/06,0
12/19/06,1
12/20/06,11
12/21/06,10
12/22/06,9
12/23/06,8
12/24/06,6
12/25/06,4
12/26/06,2
12/27/06,0
12/28/06,0
12/29/06,5
12/30/06,5
12/31/06,5
1/1/07,3
1/2/07,1
1/3/07,0
1/4/07,0
1/5/07,0
1/6/07,5
1/7/07,4
1/8/07,2
1/9/07,0
1/10/07,0
1/11/07,0
1/12/07,0
1/13/07,3
1/14/07,8
1/15/07,9
1/16/07,9
1/17/07,7
1/18/07,7
1/19/07,5
1/20/07,14
1/21/07,21
1/22/07,23
1/23/07,23
1/24/07,22
1/25/07,20
1/26/07,18
1/27/07,17
1/28/07,15
1/29/07,14
1/30/07,13
1/31/07,17
2/1/07,32
2/2/07,32
2/3/07,31
2/4/07,29
2/5/07,27
2/6/07,25
2/7/07,20
2/8/07,16
2/9/07,10
2/10/07,5
2/11/07,0
2/12/07,0
2/13/07,0
2/15/07,4
2/16/07,3
2/17/07,0
2/18/07,0
2/19/07,0
2/20/07,1
2/21/07,2
2/22/07,0
2/23/07,0
2/24/07,4
2/25/07,3
2/26/07,0
2/27/07,0
2/28/07,0
3/1/07,0
3/2/07,0
3/3/07,0
3/4/07,0
3/5/07,0
3/6/07,0
3/7/07,0
3/8/07,0
3/9/07,0
3/10/07,0
3/11/07,0
3/12/07,0
3/13/07,0
3/14/07,0
3/15/07,0
3/16/07,0
3/17/07,0
3/18/07,0
3/19/07,0
3/20/07,0
3/21/07,0
3/22/07,0
3/23/07,0
3/24/07,0
3/25/07,0
3/27/07,0
3/28/07,0
3/29/07,8
3/30/07,9
3/31/07,13
4/1/07,5
4/2/07,0
4/3/07,0
4/4/07,0
4/5/07,0
4/6/07,0
4/7/07,0
4/8/07,0
4/9/07,0
4/10/07,0
4/11/07,0
4/12/07,0
4/13/07,0
4/14/07,0
4/15/07,0
4/16/07,0
4/17/07,0
4/18/07,0
4/19/07,0
4/20/07,0
4/21/07,0
4/22/07,0
4/23/07,0
4/24/07,0
4/25/07,0
4/26/07,0
4/27/07,0
4/28/07,0
4/29/07,0
4/30/07,0
5/1/07,0
5/2/07,0
5/3/07,0
5/4/07,0
5/5/07,0
5/6/07,4
5/7/07,4
5/8/07,0
5/9/07,0
5/10/07,0
5/11/07,0
5/12/07,0
5/13/07,0
5/14/07,0
5/15/07,0
5/16/07,0
5/17/07,0
5/18/07,0
5/19/07,0
5/20/07,0
5/21/07,0
5/22/07,0
5/23/07,0
5/24/07,0
5/25/07,0
5/26/07,0
5/27/07,0
5/28/07,0
5/29/07,0
5/30/07,0
5/31/07,0
6/1/07,0
6/2/07,0
6/3/07,0
6/4/07,0
6/5/07,0
6/6/07,0
6/7/07,0
6/8/07,0
6/9/07,0
6/10/07,0
6/11/07,0
6/12/07,0
6/13/07,0
6/14/07,0
6/15/07,0
6/16/07,0
6/17/07,0
6/18/07,0
6/19/07,0
6/20/07,0
6/21/07,0
6/22/07,0
6/23/07,0
6/24/07,0
6/25/07,0
6/26/07,0
6/27/07,0
6/28/07,0
6/29/07,0
6/30/07,0
7/1/07,0
7/2/07,0
7/3/07,0
7/4/07,0
7/5/07,0
7/6/07,0
7/7/07,0
7/8/07,0
7/9/07,0
7/10/07,0
7/11/07,0
7/12/07,0
7/13/07,0
7/14/07,0
7/15/07,0
7/16/07,0
7/17/07,0
7/18/07,0
7/19/07,0
7/20/07,0
7/21/07,0
7/22/07,0
7/23/07,0
7/24/07,0
7/25/07,0
7/26/07,0
7/27/07,0
7/28/07,0
7/29/07,0
7/30/07,0
7/31/07,0
8/1/07,0
8/2/07,0
8/3/07,0
8/4/07,0
8/5/07,0
8/6/07,0
8/7/07,0
8/8/07,0
8/9/07,0
8/10/07,0
8/11/07,0
8/12/07,0
8/13/07,0
8/14/07,0
8/15/07,0
8/16/07,0
8/17/07,0
8/18/07,0
8/19/07,0
8/20/07,0
8/21/07,0
8/22/07,0
8/23/07,0
8/24/07,0
8/25/07,0
8/26/07,0
8/27/07,0
8/28/07,0
8/29/07,0
8/30/07,0
8/31/07,0
9/1/07,0
9/2/07,0
9/3/07,0
9/4/07,0
9/5/07,0
9/6/07,0
9/7/07,0
9/8/07,0
9/9/07,0
9/10/07,0
9/11/07,0
9/12/07,0
9/13/07,0
9/14/07,0
9/15/07,0
9/16/07,0
9/17/07,0
9/18/07,0
9/19/07,0
9/20/07,0
9/21/07,0
9/22/07,0
9/23/07,0
9/24/07,0
9/25/07,0
9/26/07,0
9/27/07,0
9/28/07,0
9/29/07,0
9/30/07,0
10/1/07,0
10/2/07,0
10/3/07,0
10/4/07,0
10/5/07,0
10/6/07,0
10/7/07,0
10/8/07,0
10/9/07,0
10/10/07,0
10/11/07,0
10/12/07,0
10/13/07,0
10/14/07,0
10/15/07,0
10/16/07,0
10/17/07,0
10/18/07,0
10/19/07,0
10/20/07,0
10/21/07,0
10/22/07,0
10/23/07,0
10/24/07,0
10/25/07,0
10/26/07,0
10/27/07,0
10/28/07,0
10/29/07,0
10/30/07,0
10/31/07,0
11/1/07,0
11/2/07,0
11/3/07,0
11/4/07,0
11/5/07,0
11/6/07,0
11/7/07,0
11/8/07,0
11/9/07,0
11/10/07,0
11/11/07,0
11/12/07,0
11/13/07,0
11/14/07,0
11/15/07,0
11/16/07,0
11/17/07,0
11/18/07,0
11/19/07,0
11/20/07,0
11/21/07,0
11/22/07,0
11/23/07,0
11/24/07,0
11/25/07,0
11/26/07,0
11/27/07,0
11/28/07,0
11/29/07,0
11/30/07,0
12/1/07,0
12/2/07,0
12/3/07,0
12/4/07,0
12/5/07,0
12/6/07,0
12/7/07,0
12/8/07,0
12/9/07,20
12/10/07,21
12/11/07,42
12/12/07,53
12/13/07,53
12/14/07,53
12/15/07,54
12/16/07,54
12/17/07,53
12/18/07,51
12/19/07,49
12/20/07,47
12/21/07,46
12/22/07,46
12/23/07,45
12/24/07,44
12/25/07,42
12/26/07,41
12/27/07,40
12/28/07,40
12/29/07,39
12/30/07,38
12/31/07,37
1/1/08,35
1/2/08,33
1/3/08,31
1/4/08,29
1/5/08,28
1/6/08,23
1/7/08,29
1/8/08,61
1/9/08,61
1/10/08,62
1/11/08,61
1/12/08,59
1/13/08,58
1/14/08,57
1/15/08,56
1/16/08,54
1/17/08,53
1/18/08,52
1/19/08,51
1/20/08,49
1/21/08,47
1/22/08,44
1/23/08,42
1/24/08,41
1/25/08,43
1/26/08,45
1/27/08,44
1/28/08,38
1/29/08,51
1/30/08,50
1/31/08,52
2/1/08,52
2/2/08,50
2/3/08,52
2/4/08,64
2/5/08,78
2/6/08,77
2/7/08,77
2/8/08,75
2/9/08,73
2/10/08,72
2/11/08,71
2/12/08,70
2/13/08,68
2/14/08,63
2/15/08,67
2/16/08,72
2/17/08,71
2/18/08,69
2/19/08,67
2/20/08,66
2/21/08,68
2/22/08,73
2/23/08,86
2/24/08,93
2/25/08,90
2/26/08,89
2/27/08,87
2/28/08,86
2/29/08,82
3/1/08,76
3/2/08,50
3/3/08,42
3/4/08,41
3/5/08,37
3/6/08,36
3/7/08,34
3/8/08,32
3/9/08,30
3/10/08,28
3/11/08,25
3/12/08,22
3/14/08,0
3/15/08,0
3/16/08,0
3/17/08,0
3/18/08,1
3/19/08,0
3/20/08,0
3/21/08,0
3/22/08,0
3/23/08,0
3/24/08,0
3/25/08,0
3/26/08,0
3/27/08,0
3/28/08,0
3/29/08,0
3/30/08,0
3/31/08,0
4/1/08,0
4/2/08,0
4/3/08,0
4/4/08,0
4/5/08,0
4/6/08,0
4/7/08,0
4/8/08,0
4/9/08,0
4/10/08,6
4/11/08,6
4/12/08,3
4/13/08,0
4/14/08,0
4/15/08,0
4/16/08,0
4/17/08,0
4/18/08,0
4/19/08,0
4/20/08,0
4/21/08,0
4/22/08,0
4/23/08,0
4/24/08,0
4/25/08,0
4/26/08,0
4/27/08,0
4/28/08,0
4/29/08,0
4/30/08,0
5/1/08,0
5/2/08,0
5/3/08,0
5/4/08,0
5/5/08,0
5/6/08,0
5/7/08,0
5/8/08,0
5/9/08,0
5/10/08,0
5/11/08,0
5/12/08,0
5/13/08,0
5/14/08,0
5/15/08,0
5/16/08,0
5/17/08,0
5/18/08,0
5/19/08,0
5/20/08,0
5/21/08,0
5/22/08,0
5/23/08,2
5/24/08,0
5/25/08,0
5/26/08,0
5/27/08,0
5/28/08,0
5/29/08,0
5/30/08,0
5/31/08,0
6/1/08,0
6/2/08,0
6/3/08,0
6/4/08,0
6/5/08,0
6/6/08,0
6/7/08,0
6/8/08,0
6/9/08,0
6/10/08,0
6/11/08,0
6/12/08,0
6/14/08,0
6/15/08,0
6/16/08,0
6/17/08,0
6/19/08,0
6/20/08,0
6/21/08,0
6/22/08,0
6/23/08,0
6/24/08,0
6/25/08,0
6/26/08,0
6/27/08,0
6/28/08,0
6/29/08,0
6/30/08,0
7/1/08,0
7/2/08,0
7/3/08,0
7/4/08,0
7/5/08,0
7/6/08,0
7/7/08,0
7/8/08,0
7/9/08,0
7/10/08,0
7/11/08,0
7/12/08,0
7/13/08,0
7/14/08,0
7/15/08,0
7/16/08,0
7/17/08,0
7/18/08,0
7/19/08,0
7/20/08,0
7/21/08,0
7/22/08,0
7/23/08,0
7/24/08,0
7/25/08,0
7/26/08,0
7/27/08,0
7/28/08,0
7/29/08,0
7/30/08,0
7/31/08,0
8/1/08,0
8/2/08,0
8/3/08,0
8/4/08,0
8/5/08,0
8/6/08,0
8/7/08,0
8/8/08,0
8/9/08,0
8/10/08,0
8/11/08,0
8/12/08,0
8/13/08,0
8/14/08,0
8/15/08,0
8/16/08,0
8/17/08,0
8/18/08,0
8/19/08,0
8/20/08,0
8/21/08,0
8/22/08,0
8/23/08,0
8/24/08,0
8/25/08,0
8/26/08,0
8/27/08,0
8/28/08,0
8/29/08,0
8/30/08,0
8/31/08,0
9/1/08,0
9/2/08,0
9/3/08,0
9/4/08,0
9/5/08,0
9/6/08,0
9/7/08,0
9/8/08,0
9/9/08,0
9/10/08,0
9/11/08,0
9/12/08,0
9/13/08,0
9/14/08,0
9/15/08,0
9/16/08,0
9/17/08,0
9/18/08,0
9/19/08,0
9/20/08,0
9/21/08,0
9/22/08,0
9/23/08,0
9/24/08,0
9/25/08,0
9/26/08,0
9/27/08,0
9/28/08,0
9/29/08,0
9/30/08,0
10/1/08,0
10/2/08,0
10/3/08,0
10/4/08,0
10/5/08,0
10/6/08,0
10/7/08,0
10/8/08,0
10/9/08,0
10/10/08,0
10/11/08,0
10/12/08,0
10/13/08,0
10/14/08,0
10/15/08,0
10/16/08,0
10/17/08,0
10/18/08,0
10/19/08,0
10/20/08,0
10/21/08,0
10/22/08,0
10/23/08,0
10/24/08,0
10/25/08,0
10/26/08,0
10/27/08,0
10/28/08,0
10/29/08,0
10/30/08,0
10/31/08,0
11/1/08,0
11/2/08,0
11/3/08,0
11/4/08,0
11/5/08,0
11/6/08,0
11/7/08,0
11/8/08,0
11/9/08,0
11/10/08,0
11/11/08,1
11/12/08,1
11/13/08,0
11/14/08,0
11/15/08,0
11/16/08,0
11/17/08,0
11/18/08,0
11/19/08,0
11/20/08,0
11/21/08,0
11/22/08,0
11/23/08,0
11/24/08,0
11/25/08,0
11/26/08,0
11/27/08,0
11/28/08,2
11/29/08,3
11/30/08,2
12/1/08,0
12/2/08,0
12/3/08,0
12/4/08,0
12/5/08,0
12/6/08,0
12/7/08,0
12/8/08,0
12/9/08,11
12/10/08,11
12/11/08,8
12/12/08,7
12/13/08,1
12/14/08,0
12/15/08,11
12/16/08,15
12/17/08,37
12/18/08,39
12/19/08,45
12/20/08,44
12/21/08,41
12/22/08,40
12/23/08,51
12/24/08,67
12/25/08,67
12/26/08,75
12/27/08,90
12/28/08,89
12/29/08,87
12/30/08,87
12/31/08,86
1/1/09,84
1/2/09,80
1/3/09,77
1/4/09,72
1/5/09,81
1/6/09,85
1/7/09,84
1/8/09,83
1/9/09,79
1/10/09,76
1/11/09,73
1/12/09,69
1/13/09,65
1/14/09,61
1/15/09,57
1/16/09,55
1/17/09,54
1/18/09,53
1/19/09,52
1/20/09,50
1/21/09,45
1/22/09,39
1/23/09,29
1/24/09,9
1/25/09,0
1/26/09,0
1/27/09,3
1/28/09,2
1/29/09,0
1/30/09,0
1/31/09,0
2/1/09,0
2/2/09,0
2/3/09,0
2/4/09,0
2/5/09,0
2/6/09,0
2/7/09,0
2/8/09,0
2/9/09,5
2/10/09,18
2/11/09,27
2/12/09,26
2/13/09,25
2/14/09,24
2/15/09,23
2/16/09,21
2/17/09,18
2/18/09,19
2/19/09,18
2/20/09,16
2/21/09,14
2/22/09,12
2/23/09,0
2/24/09,0
2/25/09,0
2/26/09,0
2/27/09,0
2/28/09,0
3/1/09,0
3/2/09,0
3/3/09,0
3/4/09,0
3/5/09,0
3/6/09,0
3/7/09,0
3/8/09,0
3/9/09,0
3/10/09,0
3/11/09,0
3/12/09,0
3/13/09,0
3/14/09,1
3/15/09,0
3/16/09,0
3/17/09,0
3/18/09,0
3/19/09,0
3/20/09,0
3/21/09,0
3/22/09,0
3/23/09,2
3/24/09,2
3/25/09,0
3/26/09,0
3/27/09,0
3/28/09,0
3/29/09,0
3/30/09,0
3/31/09,0
4/1/09,0
4/2/09,0
4/3/09,0
4/4/09,3
4/5/09,4
4/6/09,3
4/7/09,0
4/8/09,0
4/9/09,0
4/10/09,0
4/11/09,0
4/12/09,1
4/13/09,0
4/14/09,0
4/15/09,0
4/16/09,2
4/17/09,3
4/18/09,2
4/19/09,0
4/20/09,0
4/21/09,0
4/22/09,0
4/23/09,0
4/24/09,0
4/25/09,0
4/26/09,0
4/27/09,0
4/28/09,0
4/29/09,0
4/30/09,0
5/1/09,0
5/2/09,0
5/3/09,0
5/4/09,0
5/5/09,0
5/6/09,0
5/7/09,0
5/8/09,0
5/9/09,0
5/10/09,0
5/11/09,0
5/12/09,0
5/13/09,0
5/14/09,0
5/15/09,0
5/16/09,0
5/17/09,0
5/18/09,0
5/19/09,0
5/20/09,0
5/21/09,0
5/22/09,0
5/23/09,0
5/24/09,0
5/25/09,0
5/26/09,0
5/27/09,0
5/28/09,0
5/29/09,0
5/30/09,0
5/31/09,0
6/1/09,0
6/2/09,0
6/3/09,0
6/4/09,0
6/5/09,0
6/6/09,0
6/7/09,0
6/8/09,0
6/9/09,0
6/10/09,0
6/11/09,0
6/12/09,0
6/13/09,0
6/14/09,0
6/15/09,0
6/16/09,0
6/17/09,0
6/18/09,0
6/19/09,0
6/20/09,0
6/21/09,0
6/22/09,0
6/23/09,0
6/24/09,0
6/25/09,0
6/26/09,0
6/27/09,0
6/28/09,0
6/29/09,0
6/30/09,0
7/1/09,0
7/2/09,0
7/3/09,0
7/4/09,0
7/5/09,0
7/6/09,0
7/7/09,0
7/8/09,0
7/9/09,0
7/10/09,0
7/11/09,0
7/12/09,0
7/13/09,0
7/14/09,0
7/15/09,0
7/16/09,0
7/17/09,0
7/18/09,0
7/19/09,0
7/20/09,0
7/21/09,0
7/22/09,0
7/23/09,0
7/24/09,0
7/25/09,0
7/26/09,0
7/27/09,0
7/28/09,0
7/29/09,0
7/30/09,0
7/31/09,0
8/1/09,0
8/2/09,0
8/3/09,0
8/4/09,0
8/5/09,0
8/6/09,0
8/7/09,0
8/8/09,0
8/9/09,0
8/10/09,0
8/11/09,0
8/12/09,0
8/13/09,0
8/14/09,0
8/15/09,0
8/16/09,0
8/17/09,0
8/18/09,0
8/19/09,0
8/21/09,0
8/22/09,0
8/23/09,0
8/24/09,0
8/25/09,0
8/26/09,0
8/27/09,0
8/28/09,0
8/29/09,0
8/30/09,0
8/31/09,0
9/1/09,0
9/2/09,0
9/3/09,0
9/4/09,0
9/5/09,0
9/6/09,0
9/7/09,0
9/8/09,0
9/9/09,0
9/10/09,0
9/11/09,0
9/12/09,0
9/13/09,0
9/14/09,0
9/15/09,0
9/16/09,0
9/17/09,0
9/18/09,0
9/19/09,0
9/20/09,0
9/21/09,0
9/22/09,0
9/23/09,0
9/24/09,0
9/25/09,0
9/26/09,0
9/27/09,0
9/28/09,0
9/29/09,0
9/30/09,0
10/1/09,0
10/2/09,0
10/3/09,0
10/4/09,0
10/5/09,0
10/6/09,0
10/7/09,0
10/8/09,0
10/9/09,0
10/10/09,0
10/11/09,0
10/12/09,0
10/13/09,0
10/14/09,0
10/15/09,0
10/16/09,0
10/17/09,0
10/18/09,0
10/19/09,0
10/20/09,0
10/21/09,0
10/22/09,0
10/23/09,0
10/24/09,0
10/25/09,0
10/26/09,0
10/27/09,0
10/28/09,1
10/29/09,3
10/30/09,4
10/31/09,2
11/1/09,0
11/2/09,0
11/3/09,0
11/4/09,0
11/5/09,0
11/6/09,0
11/7/09,0
11/8/09,0
11/9/09,0
11/10/09,0
11/11/09,0
11/12/09,0
11/13/09,0
11/14/09,0
11/15/09,1
11/16/09,0
11/17/09,0
11/18/09,0
11/19/09,0
11/20/09,0
11/21/09,0
11/22/09,0
11/23/09,0
11/24/09,0
11/25/09,0
11/26/09,0
11/27/09,0
11/28/09,0
11/29/09,0
11/30/09,1
12/1/09,0
12/2/09,0
12/3/09,0
12/4/09,0
12/5/09,0
12/6/09,0
12/7/09,0
12/8/09,18
12/9/09,30
12/10/09,29
12/11/09,28
12/12/09,28
12/13/09,26
12/14/09,29
12/15/09,27
12/16/09,26
12/17/09,25
12/18/09,23
12/19/09,22
12/20/09,21
12/21/09,19
12/22/09,18
12/23/09,28
12/24/09,33
12/25/09,32
12/26/09,31
12/27/09,30
12/28/09,30
12/29/09,29
12/30/09,34
12/31/09,51
1/1/10,59
1/2/10,58
1/3/10,57
1/4/10,56
1/5/10,55
1/6/10,54
1/7/10,52
1/8/10,50
1/9/10,48
1/10/10,47
1/11/10,46
1/12/10,44
1/13/10,41
1/14/10,40
1/15/10,40
1/16/10,38
1/17/10,36
1/18/10,35
1/19/10,40
1/20/10,47
1/21/10,59
1/22/10,91
1/23/10,112
1/24/10,119
1/25/10,118
1/26/10,118
1/27/10,117
1/28/10,121
1/29/10,128
1/30/10,128
1/31/10,127
2/1/10,126
2/2/10,125
2/3/10,124
2/4/10,126
2/5/10,125
2/6/10,109
2/7/10,109
2/8/10,116
2/9/10,118
2/10/10,118
2/11/10,118
2/12/10,118
2/13/10,116
2/14/10,113
2/15/10,110
2/16/10,108
2/17/10,107
2/18/10,106
2/19/10,104
2/20/10,101
2/21/10,101
2/22/10,110
2/23/10,121
2/24/10,158
2/25/10,158
2/26/10,157
2/27/10,155
2/28/10,153
3/1/10,152
3/2/10,151
3/3/10,149
3/4/10,148
3/5/10,144
3/6/10,143
3/7/10,141
3/8/10,138
3/9/10,138
3/10/10,144
3/11/10,150
3/12/10,147
3/13/10,145
3/14/10,141
3/15/10,140
3/16/10,139
3/17/10,135
3/18/10,125
3/19/10,103
3/20/10,89
3/21/10,84
3/22/10,76
3/23/10,53
3/24/10,43
3/25/10,41
3/26/10,31
3/27/10,27
3/28/10,25
3/29/10,23
3/30/10,13
3/31/10,0
4/1/10,0
4/2/10,6
4/3/10,4
4/4/10,0
4/5/10,0
4/6/10,0
4/7/10,0
4/8/10,0
4/9/10,0
4/10/10,0
4/11/10,0
4/12/10,0
4/13/10,0
4/14/10,0
4/15/10,0
4/16/10,0
4/17/10,0
4/18/10,0
4/19/10,0
4/20/10,0
4/21/10,0
4/22/10,0
4/23/10,3
4/24/10,3
4/25/10,0
4/26/10,0
4/27/10,0
4/28/10,0
4/29/10,0
4/30/10,0
5/1/10,1
5/2/10,0
5/3/10,14
5/4/10,0
5/5/10,0
5/6/10,0
5/7/10,0
5/8/10,0
5/9/10,0
5/10/10,0
5/11/10,0
5/12/10,0
5/13/10,0
5/14/10,0
5/15/10,0
5/16/10,0
5/17/10,0
5/18/10,0
5/19/10,0
5/20/10,0
5/21/10,0
5/22/10,0
5/23/10,0
5/24/10,0
5/25/10,0
5/26/10,0
5/27/10,0
5/28/10,0
5/29/10,0
5/30/10,0
5/31/10,0
6/1/10,0
6/2/10,0
6/3/10,0
6/4/10,0
6/5/10,0
6/6/10,0
6/7/10,0
6/8/10,0
6/9/10,0
6/10/10,0
6/11/10,0
6/12/10,0
6/13/10,0
6/14/10,0
6/15/10,0
6/16/10,0
6/17/10,0
6/18/10,0
6/19/10,0
6/20/10,0
6/21/10,0
6/22/10,0
6/23/10,0
6/24/10,0
6/25/10,0
6/26/10,0
6/27/10,0
6/28/10,0
6/29/10,0
6/30/10,0
7/1/10,0
7/2/10,0
7/3/10,0
7/4/10,0
7/5/10,0
7/6/10,0
7/7/10,0
7/8/10,0
7/9/10,0
7/10/10,0
7/11/10,0
7/12/10,0
7/13/10,0
7/14/10,0
7/15/10,0
7/16/10,0
7/17/10,0
7/18/10,0
7/19/10,0
7/20/10,0
7/21/10,0
7/22/10,0
7/23/10,0
7/24/10,0
7/25/10,0
7/26/10,0
7/27/10,0
7/28/10,0
7/29/10,0
7/30/10,0
7/31/10,0
8/1/10,0
8/2/10,0
8/3/10,0
8/4/10,0
8/5/10,0
8/6/10,0
8/7/10,0
8/8/10,0
8/9/10,0
8/10/10,0
8/11/10,0
8/12/10,0
8/13/10,0
8/14/10,0
8/15/10,0
8/16/10,0
8/17/10,0
8/18/10,0
8/19/10,0
8/20/10,0
8/21/10,0
8/22/10,0
8/23/10,0
8/24/10,0
8/25/10,0
8/26/10,0
8/27/10,0
8/28/10,0
8/29/10,0
8/30/10,0
8/31/10,0
9/1/10,0
9/2/10,0
9/3/10,0
9/4/10,0
9/5/10,0
9/6/10,0
9/7/10,0
9/8/10,0
9/9/10,0
9/10/10,0
9/11/10,0
9/12/10,0
9/13/10,0
9/14/10,0
9/15/10,0
9/16/10,0
9/17/10,0
9/18/10,0
9/19/10,0
9/20/10,0
9/21/10,0
9/22/10,0
9/23/10,0
9/24/10,0
9/25/10,0
9/26/10,0
9/27/10,0
9/28/10,0
9/29/10,0
9/30/10,0
10/1/10,0
10/2/10,0
10/3/10,0
10/4/10,0
10/5/10,0
10/6/10,0
10/7/10,0
10/8/10,0
10/9/10,0
10/10/10,0
10/11/10,0
10/12/10,0
10/13/10,0
10/14/10,0
10/15/10,0
10/16/10,0
10/17/10,0
10/18/10,0
10/19/10,0
10/20/10,0
10/21/10,0
10/22/10,0
10/23/10,0
10/24/10,0
10/25/10,0
10/26/10,0
10/27/10,0
10/28/10,0
10/29/10,0
10/30/10,0
10/31/10,0
11/1/10,0
11/2/10,0
11/3/10,0
11/4/10,0
11/5/10,0
11/6/10,0
11/7/10,0
11/8/10,0
11/9/10,0
11/10/10,0
11/11/10,0
11/12/10,0
11/13/10,0
11/14/10,0
11/15/10,0
11/16/10,0
11/17/10,0
11/18/10,0
11/19/10,0
11/20/10,0
11/21/10,0
11/22/10,1
11/23/10,9
11/24/10,7
11/25/10,8
11/26/10,8
11/27/10,7
11/28/10,3
11/29/10,7
11/30/10,8
12/1/10,6
12/2/10,5
12/3/10,0
12/4/10,0
12/5/10,0
12/6/10,0
12/7/10,0
12/8/10,0
12/9/10,0
12/10/10,0
12/11/10,0
12/12/10,0
12/13/10,0
12/14/10,0
12/15/10,0
12/16/10,3
12/17/10,24
12/18/10,26
12/19/10,38
12/20/10,7
12/21/10,0
12/22/10,0
12/23/10,0
12/24/10,5
12/25/10,5
12/26/10,4
12/27/10,3
12/28/10,2
12/29/10,1
12/30/10,17
12/31/10,37
1/1/11,38
1/2/11,37
1/3/11,36
1/4/11,35
1/5/11,43
1/6/11,42
1/7/11,40
1/8/11,39
1/9/11,38
1/10/11,37
1/11/11,37
1/12/11,36
1/13/11,35
1/14/11,33
1/15/11,30
1/16/11,28
1/17/11,19
1/18/11,0
1/19/11,0
1/20/11,0
1/21/11,0
1/22/11,0
1/23/11,0
1/24/11,0
1/25/11,0
1/26/11,0
1/27/11,0
1/28/11,0
1/29/11,0
1/30/11,0
1/31/11,0
2/1/11,2
2/2/11,1
2/3/11,2
2/4/11,1
2/5/11,0
2/6/11,0
2/7/11,0
2/8/11,0
2/9/11,2
2/10/11,1
2/11/11,0
2/12/11,0
2/13/11,0
2/14/11,0
2/15/11,0
2/16/11,0
2/17/11,0
2/18/11,0
2/19/11,0
2/20/11,6
2/21/11,13
2/22/11,12
2/23/11,11
2/24/11,9
2/25/11,9
2/26/11,7
2/27/11,3
2/28/11,4
3/1/11,4
3/2/11,0
3/3/11,0
3/4/11,0
3/5/11,0
3/6/11,0
3/7/11,0
3/8/11,16
3/9/11,20
3/10/11,17
3/11/11,10
3/12/11,0
3/13/11,0
3/14/11,0
3/15/11,0
3/16/11,0
3/17/11,0
3/18/11,0
3/19/11,0
3/20/11,0
3/21/11,0
3/22/11,3
3/23/11,6
3/24/11,2
3/25/11,0
3/26/11,0
3/27/11,0
3/28/11,0
3/29/11,0
3/30/11,0
3/31/11,0
4/1/11,0
4/2/11,0
4/3/11,0
4/4/11,0
4/5/11,0
4/6/11,0
4/7/11,0
4/8/11,0
4/9/11,0
4/10/11,4
4/11/11,3
4/12/11,0
4/13/11,0
4/14/11,0
4/15/11,0
4/16/11,0
4/17/11,0
4/18/11,0
4/19/11,0
4/20/11,0
4/21/11,0
4/22/11,0
4/23/11,0
4/24/11,0
4/25/11,0
4/26/11,0
4/27/11,0
4/28/11,0
4/29/11,0
4/30/11,0
5/1/11,0
5/2/11,0
5/3/11,0
5/4/11,0
5/5/11,0
5/6/11,0
5/7/11,0
5/8/11,0
5/9/11,0
5/10/11,0
5/11/11,0
5/12/11,0
5/13/11,0
5/14/11,0
5/15/11,0
5/16/11,0
5/17/11,0
5/18/11,0
5/19/11,5
5/20/11,2
5/21/11,0
5/22/11,0
5/23/11,0
5/24/11,0
5/25/11,0
5/26/11,0
5/27/11,0
5/28/11,0
5/29/11,0
5/30/11,0
5/31/11,0
6/1/11,0
6/2/11,0
6/3/11,0
6/4/11,0
6/5/11,0
6/6/11,0
6/7/11,0
6/8/11,0
6/9/11,0
6/10/11,0
6/11/11,0
6/12/11,0
6/13/11,0
6/14/11,0
6/15/11,0
6/16/11,0
6/17/11,0
6/18/11,0
6/19/11,0
6/20/11,0
6/21/11,0
6/22/11,0
6/23/11,0
6/24/11,0
6/25/11,0
6/26/11,0
6/27/11,0
6/28/11,0
6/29/11,0
6/30/11,0
7/1/11,0
7/2/11,0
7/3/11,0
7/4/11,0
7/5/11,0
7/6/11,0
7/7/11,0
7/8/11,0
7/9/11,0
7/10/11,0
7/11/11,0
7/12/11,0
7/13/11,0
7/14/11,0
7/15/11,0
7/16/11,0
7/17/11,0
7/18/11,0
7/19/11,0
7/20/11,0
7/21/11,0
7/22/11,0
7/23/11,0
7/24/11,0
7/25/11,0
7/26/11,0
7/27/11,0
7/28/11,0
7/29/11,0
7/30/11,0
7/31/11,0
8/1/11,0
8/2/11,0
8/3/11,0
8/4/11,0
8/5/11,0
8/6/11,0
8/7/11,0
8/8/11,0
8/9/11,0
8/10/11,0
8/11/11,0
8/12/11,0
8/13/11,0
8/14/11,0
8/15/11,0
8/16/11,0
8/17/11,0
8/18/11,0
8/19/11,0
8/20/11,0
8/21/11,0
8/22/11,0
8/23/11,0
8/24/11,0
8/25/11,0
8/26/11,0
8/27/11,0
8/28/11,0
8/29/11,0
8/30/11,0
8/31/11,0
9/1/11,0
9/2/11,0
9/3/11,0
9/4/11,0
9/5/11,0
9/6/11,0
9/7/11,0
9/8/11,0
9/9/11,0
9/10/11,0
9/11/11,0
9/12/11,0
9/13/11,0
9/14/11,0
9/15/11,0
9/16/11,0
9/17/11,0
9/18/11,0
9/19/11,0
9/20/11,0
9/21/11,0
9/22/11,0
9/23/11,0
9/24/11,0
9/25/11,0
9/26/11,0
9/27/11,0
9/28/11,0
9/29/11,0
9/30/11,0
10/1/11,0
10/2/11,0
10/3/11,0
10/4/11,0
10/5/11,0
10/6/11,0
10/7/11,0
10/8/11,0
10/9/11,0
10/10/11,0
10/11/11,0
10/12/11,0
10/13/11,0
10/14/11,0
10/15/11,0
10/16/11,0
10/17/11,0
10/18/11,0
10/19/11,0
10/20/11,0
10/21/11,0
10/22/11,0
10/23/11,0
10/24/11,0
10/25/11,0
10/26/11,0
10/27/11,0
10/28/11,0
10/29/11,0
10/30/11,0
10/31/11,0
11/1/11,0
11/2/11,0
11/3/11,0
11/4/11,0
11/5/11,0
11/6/11,5
11/7/11,4
11/8/11,9
11/9/11,11
11/10/11,10
11/11/11,9
11/12/11,7
11/13/11,0
11/14/11,0
11/15/11,0
11/16/11,0
11/17/11,0
11/18/11,0
11/19/11,0
11/20/11,0
11/21/11,0
11/22/11,2
11/23/11,0
11/24/11,0
11/25/11,0
11/26/11,0
11/27/11,0
11/28/11,0
11/29/11,0
11/30/11,0
12/1/11,0
12/2/11,0
12/3/11,12
12/4/11,20
12/5/11,21
12/6/11,23
12/7/11,22
12/8/11,10
12/9/11,9
12/10/11,7
12/11/11,6
12/12/11,5
12/13/11,10
12/14/11,12
12/15/11,18
12/16/11,14
12/17/11,12
12/18/11,10
12/19/11,9
12/20/11,12
12/21/11,18
12/22/11,18
12/23/11,21
12/24/11,20
12/25/11,18
12/26/11,17
12/27/11,15
12/28/11,12
12/29/11,10
12/30/11,2
12/31/11,0
1/1/12,0
1/2/12,0
1/3/12,0
1/4/12,7
1/5/12,4
1/6/12,2
1/7/12,0
1/8/12,0
1/9/12,2
1/10/12,2
1/11/12,0
1/12/12,0
1/13/12,0
1/14/12,0
1/15/12,0
1/16/12,0
1/17/12,10
1/18/12,13
1/19/12,10
1/20/12,0
1/21/12,0
1/22/12,5
1/23/12,8
1/24/12,13
1/25/12,13
1/26/12,11
1/27/12,4
1/28/12,0
1/29/12,0
1/30/12,0
1/31/12,0
2/1/12,0
2/2/12,0
2/3/12,0
2/4/12,2
2/5/12,1
2/6/12,0
2/7/12,0
2/8/12,0
2/9/12,0
2/10/12,0
2/11/12,0
2/12/12,0
2/13/12,4
2/14/12,7
2/15/12,16
2/16/12,16
2/17/12,14
2/18/12,12
2/19/12,10
2/20/12,14
2/21/12,13
2/22/12,11
2/23/12,2
2/24/12,0
2/25/12,0
2/26/12,0
2/27/12,0
2/28/12,0
2/29/12,3
3/1/12,2
3/2/12,1
3/3/12,2
3/4/12,0
3/5/12,0
3/6/12,0
3/7/12,0
3/8/12,0
3/9/12,1
3/10/12,0
3/11/12,0
3/12/12,0
3/13/12,0
3/14/12,0
3/15/12,0
3/16/12,0
3/17/12,0
3/18/12,0
3/19/12,5
3/20/12,11
3/21/12,9
3/22/12,2
3/23/12,0
3/24/12,0
3/25/12,0
3/26/12,0
3/27/12,0
3/28/12,0
3/29/12,0
3/30/12,0
3/31/12,0
4/1/12,0
4/2/12,0
4/3/12,0
4/4/12,0
4/5/12,0
4/6/12,0
4/7/12,0
4/8/12,0
4/9/12,0
4/10/12,0
4/11/12,0
4/12/12,0
4/13/12,0
4/14/12,0
4/15/12,8
4/16/12,10
4/17/12,5
4/18/12,0
4/19/12,0
4/20/12,0
4/21/12,0
4/22/12,0
4/23/12,0
4/24/12,0
4/25/12,0
4/26/12,0
4/27/12,0
4/28/12,0
4/29/12,0
4/30/12,0
5/1/12,0
5/2/12,0
5/3/12,0
5/4/12,0
5/5/12,0
5/6/12,0
5/7/12,0
5/8/12,0
5/9/12,0
5/10/12,0
5/11/12,0
5/12/12,0
5/13/12,0
5/14/12,0
5/15/12,0
5/16/12,0
5/17/12,0
5/18/12,0
5/19/12,0
5/20/12,0
5/21/12,0
5/22/12,0
5/23/12,0
5/24/12,0
5/25/12,0
5/26/12,0
5/27/12,0
5/28/12,0
5/29/12,0
5/30/12,0
5/31/12,0
6/1/12,0
6/2/12,0
6/3/12,0
6/4/12,0
6/5/12,0
6/6/12,0
6/7/12,0
6/8/12,0
6/9/12,0
6/10/12,0
6/11/12,0
6/12/12,0
6/13/12,0
6/14/12,0
6/15/12,0
6/16/12,0
6/17/12,0
6/18/12,0
6/19/12,0
6/20/12,0
6/21/12,0
6/22/12,0
6/23/12,0
6/24/12,0
6/25/12,0
6/26/12,0
6/27/12,0
6/28/12,0
6/29/12,0
6/30/12,0
7/1/12,0
7/2/12,0
7/3/12,0
7/4/12,0
7/5/12,0
7/6/12,0
7/7/12,0
7/8/12,0
7/9/12,0
7/10/12,0
7/11/12,0
7/12/12,0
7/13/12,0
7/14/12,0
7/15/12,0
7/16/12,0
7/17/12,0
7/18/12,0
7/19/12,0
7/20/12,0
7/21/12,0
7/22/12,0
7/23/12,0
7/24/12,0
7/25/12,0
7/26/12,0
7/27/12,0
7/28/12,0
7/29/12,0
7/30/12,0
7/31/12,0
8/1/12,0
8/2/12,0
8/3/12,0
8/4/12,0
8/5/12,0
8/6/12,0
8/7/12,0
8/8/12,0
8/9/12,0
8/10/12,0
8/11/12,0
8/12/12,0
8/13/12,0
8/14/12,0
8/15/12,0
8/16/12,0
8/17/12,0
8/18/12,0
8/19/12,0
8/20/12,0
8/21/12,0
8/22/12,0
8/23/12,0
8/24/12,0
8/25/12,0
8/26/12,0
8/27/12,0
8/28/12,0
8/29/12,0
8/30/12,0
8/31/12,0
9/1/12,0
9/2/12,0
9/3/12,0
9/4/12,0
9/5/12,0
9/6/12,0
9/7/12,0
9/8/12,0
9/9/12,0
9/10/12,0
9/11/12,0
9/12/12,0
9/13/12,0
9/14/12,0
9/15/12,0
9/16/12,0
9/17/12,0
9/18/12,0
9/19/12,0
9/20/12,0
9/21/12,0
9/22/12,0
9/23/12,0
9/24/12,0
9/25/12,0
9/26/12,0
9/27/12,0
9/28/12,0
9/29/12,0
9/30/12,0
10/1/12,0
10/2/12,0
10/3/12,0
10/4/12,0
10/5/12,0
10/6/12,0
10/7/12,0
10/8/12,0
10/9/12,0
10/10/12,0
10/11/12,0
10/12/12,0
10/13/12,0
10/14/12,0
10/15/12,0
10/16/12,0
10/17/12,0
10/18/12,0
10/19/12,0
10/20/12,0
10/21/12,0
10/22/12,0
10/23/12,0
10/24/12,0
10/25/12,0
10/26/12,0
10/27/12,0
10/28/12,0
10/29/12,0
10/30/12,0
10/31/12,0
11/1/12,0
11/2/12,0
11/3/12,0
11/4/12,0
11/5/12,0
11/6/12,0
11/7/12,0
11/8/12,0
11/9/12,0
11/10/12,0
11/11/12,5
11/12/12,5
11/13/12,4
11/14/12,3
11/15/12,0
11/16/12,0
11/17/12,0
11/18/12,0
11/19/12,0
11/20/12,0
11/21/12,0
11/22/12,0
11/23/12,0
11/24/12,0
11/25/12,0
11/26/12,0
11/27/12,0
11/28/12,0
11/29/12,0
11/30/12,0
12/1/12,0
12/2/12,0
12/3/12,0
12/4/12,0
12/5/12,0
12/6/12,0
12/7/12,0
12/8/12,0
12/9/12,0
12/10/12,0
12/11/12,0
12/12/12,0
12/13/12,0
12/14/12,0
12/15/12,16
12/16/12,29
12/17/12,31
12/18/12,30
12/19/12,31
12/21/12,44
12/22/12,42
12/23/12,41
12/24/12,39
12/25/12,40
12/26/12,40
12/27/12,39
12/28/12,41
12/29/12,41
12/30/12,40
12/31/12,41
1/1/13,45
1/2/13,45
1/3/13,45
1/4/13,44
1/5/13,44
1/6/13,43
1/7/13,41
1/8/13,40
1/9/13,38
1/10/13,37
1/11/13,34
1/12/13,39
1/13/13,39
1/14/13,38
1/15/13,38
1/16/13,38
1/17/13,37
1/18/13,36
1/19/13,36
1/20/13,35
1/21/13,34
1/22/13,33
1/23/13,32
1/24/13,31
1/25/13,29
1/26/13,27
1/27/13,12
1/28/13,12
1/29/13,32
1/30/13,35
1/31/13,34
2/1/13,33
2/2/13,32
2/3/13,31
2/4/13,30
2/5/13,30
2/6/13,30
2/7/13,28
2/8/13,27
2/9/13,24
2/10/13,26
2/11/13,38
2/12/13,44
2/13/13,44
2/14/13,42
2/15/13,41
2/16/13,39
2/17/13,38
2/18/13,35
2/19/13,34
2/20/13,31
2/21/13,40
2/22/13,44
2/23/13,44
2/24/13,43
2/25/13,44
2/26/13,42
2/27/13,55
2/28/13,54
3/1/13,52
3/2/13,49
3/3/13,45
3/4/13,20
3/5/13,10
3/6/13,4
3/7/13,0
3/8/13,0
3/9/13,1
3/10/13,7
3/11/13,6
3/12/13,1
3/13/13,0
3/14/13,0
3/15/13,0
3/16/13,0
3/17/13,0
3/18/13,0
3/19/13,0
3/20/13,0
3/21/13,0
3/22/13,0
3/23/13,0
3/24/13,0
3/25/13,0
3/26/13,0
3/27/13,0
3/28/13,0
3/29/13,0
3/30/13,0
3/31/13,0
4/1/13,0
4/2/13,0
4/3/13,0
4/4/13,0
4/5/13,0
4/6/13,0
4/7/13,0
4/8/13,0
4/9/13,3
4/10/13,15
4/11/13,13
4/12/13,2
4/13/13,0
4/14/13,0
4/15/13,0
4/16/13,0
4/17/13,0
4/18/13,1
4/19/13,0
4/20/13,0
4/21/13,0
4/22/13,0
4/23/13,0
4/24/13,0
4/25/13,0
4/26/13,0
4/27/13,0
4/28/13,0
4/29/13,0
4/30/13,0
5/1/13,0
5/2/13,0
5/3/13,0
5/4/13,0
5/5/13,0
5/6/13,0
5/7/13,0
5/8/13,0
5/9/13,0
5/10/13,0
5/11/13,0
5/12/13,0
5/13/13,0
5/14/13,0
5/15/13,0
5/16/13,0
5/17/13,0
5/18/13,0
5/19/13,0
5/20/13,0
5/21/13,0
5/22/13,0
5/23/13,0
5/24/13,0
5/25/13,0
5/26/13,0
5/27/13,0
5/28/13,0
5/29/13,0
5/30/13,0
5/31/13,0
6/1/13,0
6/2/13,0
6/3/13,0
6/4/13,0
6/5/13,0
6/6/13,0
6/7/13,0
6/8/13,0
6/9/13,0
6/10/13,0
6/11/13,0
6/12/13,0
6/13/13,0
6/14/13,0
6/15/13,0
6/16/13,0
6/17/13,0
6/18/13,0
6/19/13,0
6/20/13,0
6/21/13,0
6/22/13,0
6/23/13,0
6/24/13,0
6/25/13,0
6/26/13,0
6/27/13,0
6/28/13,0
6/29/13,0
6/30/13,0
7/1/13,0
7/2/13,0
7/3/13,0
7/4/13,0
7/5/13,0
7/6/13,0
7/7/13,0
7/8/13,0
7/9/13,0
7/10/13,0
7/11/13,0
7/12/13,0
7/13/13,0
7/14/13,0
7/15/13,0
7/16/13,0
7/17/13,0
7/18/13,0
7/19/13,0
7/20/13,0
7/21/13,0
7/22/13,0
7/23/13,0
7/24/13,0
7/25/13,0
7/26/13,0
7/27/13,0
7/28/13,0
7/29/13,0
7/30/13,0
7/31/13,0
8/1/13,0
8/2/13,0
8/3/13,0
8/4/13,0
8/5/13,0
8/6/13,0
8/7/13,0
8/8/13,0
8/9/13,0
8/10/13,0
8/11/13,0
8/12/13,0
8/13/13,0
8/14/13,0
8/15/13,0
8/16/13,0
8/17/13,0
8/18/13,0
8/19/13,0
8/20/13,0
8/21/13,0
8/22/13,0
8/23/13,0
8/24/13,0
8/25/13,0
8/26/13,0
8/27/13,0
8/28/13,0
8/29/13,0
8/30/13,0
8/31/13,0
9/1/13,0
9/2/13,0
9/3/13,0
9/4/13,0
9/5/13,0
9/6/13,0
9/7/13,0
9/8/13,0
9/9/13,0
9/10/13,0
9/11/13,0
9/12/13,0
9/13/13,0
9/14/13,0
9/15/13,0
9/16/13,0
9/17/13,0
9/18/13,0
9/19/13,0
9/20/13,0
9/21/13,0
9/22/13,0
9/23/13,0
9/24/13,0
9/25/13,0
9/26/13,0
9/27/13,0
9/28/13,0
9/29/13,0
9/30/13,0
10/1/13,0
10/2/13,0
10/3/13,0
10/4/13,0
10/5/13,0
10/6/13,0
10/7/13,0
10/8/13,0
10/9/13,0
10/10/13,0
10/11/13,0
10/12/13,0
10/13/13,0
10/14/13,0
10/15/13,0
10/16/13,0
10/17/13,0
10/18/13,0
10/19/13,0
10/20/13,0
10/21/13,0
10/22/13,0
10/23/13,0
10/24/13,0
10/25/13,0
10/26/13,0
10/27/13,0
10/28/13,0
10/29/13,0
10/30/13,0
10/31/13,0
11/1/13,0
11/2/13,0
11/3/13,0
11/4/13,0
11/5/13,0
11/6/13,2
11/7/13,1
11/8/13,0
11/9/13,0
11/10/13,0
11/11/13,0
11/12/13,0
11/13/13,0
11/14/13,0
11/15/13,0
11/16/13,0
11/17/13,0
11/18/13,0
11/19/13,0
11/20/13,0
11/21/13,0
11/22/13,0
11/23/13,8
11/24/13,12
11/25/13,31
11/26/13,31
11/27/13,31
11/28/13,15
11/29/13,14
11/30/13,14
12/1/13,13
12/2/13,14
12/3/13,12
12/4/13,0
12/5/13,2
12/6/13,1
12/7/13,1
12/8/13,1
12/9/13,9
12/10/13,9
12/11/13,9
12/12/13,8
12/13/13,7
12/14/13,7
12/15/13,6
12/16/13,5
12/17/13,3
12/18/13,2
12/19/13,0
12/20/13,0
12/21/13,0
12/22/13,3
12/23/13,2
12/24/13,2
12/25/13,1
12/26/13,0
12/27/13,0
12/28/13,0
12/29/13,0
12/30/13,0
12/31/13,0
1/1/14,0
1/2/14,0
1/3/14,0
1/4/14,0
1/5/14,0
1/6/14,0
1/7/14,0
1/8/14,0
1/9/14,0
1/10/14,0
1/11/14,0
1/12/14,0
1/13/14,0
1/14/14,0
1/15/14,0
1/16/14,0
1/17/14,0
1/18/14,0
1/19/14,0
1/20/14,0
1/21/14,0
1/22/14,0
1/23/14,0
1/24/14,0
1/25/14,0
1/26/14,0
1/27/14,0
1/28/14,0
1/29/14,0
1/30/14,0
1/31/14,0
2/1/14,4
2/2/14,5
2/3/14,5
2/4/14,9
2/5/14,8
2/6/14,9
2/7/14,11
2/8/14,14
2/9/14,12
2/10/14,0
2/11/14,0
2/12/14,0
2/13/14,0
2/14/14,0
2/15/14,0
2/16/14,0
2/17/14,0
2/18/14,0
2/19/14,0
2/20/14,0
2/21/14,0
2/22/14,0
2/23/14,0
2/24/14,0
2/25/14,0
2/26/14,0
2/27/14,0
2/28/14,0
3/1/14,0
3/2/14,4
3/3/14,18
3/4/14,17
3/5/14,11
3/6/14,4
3/7/14,0
3/8/14,0
3/9/14,0
3/10/14,0
3/11/14,0
3/12/14,0
3/13/14,0
3/14/14,0
3/15/14,0
3/16/14,0
3/17/14,0
3/18/14,0
3/19/14,0
3/20/14,0
3/21/14,0
3/22/14,0
3/23/14,0
3/24/14,0
3/25/14,0
3/26/14,0
3/27/14,2
3/28/14,0
3/29/14,0
3/30/14,0
3/31/14,0
4/1/14,0
4/2/14,0
4/3/14,2
4/4/14,4
4/5/14,0
4/6/14,0
4/7/14,0
4/8/14,0
4/9/14,0
4/10/14,0
4/11/14,0
4/12/14,0
4/13/14,0
4/14/14,0
4/15/14,0
4/16/14,0
4/17/14,0
4/18/14,0
4/19/14,0
4/20/14,0
4/21/14,0
4/22/14,0
4/23/14,0
4/24/14,0
4/25/14,0
4/26/14,0
4/27/14,3
4/28/14,0
4/29/14,0
4/30/14,0
5/1/14,0
5/2/14,0
5/3/14,0
5/4/14,0
5/5/14,0
5/6/14,0
5/7/14,0
5/8/14,0
5/9/14,0
5/10/14,0
5/11/14,0
5/12/14,0
5/13/14,0
5/14/14,0
5/15/14,0
5/16/14,0
5/17/14,0
5/18/14,0
5/19/14,0
5/20/14,0
5/21/14,0
5/22/14,0
5/23/14,0
5/24/14,0
5/25/14,0
5/26/14,0
5/27/14,0
5/28/14,0
5/29/14,0
5/30/14,0
5/31/14,0
6/1/14,0
6/2/14,0
6/3/14,0
6/4/14,0
6/5/14,0
6/6/14,0
6/7/14,0
6/8/14,0
6/9/14,0
6/10/14,0
6/11/14,0
6/12/14,0
6/13/14,0
6/14/14,0
6/15/14,0
6/16/14,0
6/17/14,0
6/18/14,0
6/19/14,0
6/20/14,0
6/21/14,0
6/22/14,0
6/23/14,0
6/24/14,0
6/25/14,0
6/26/14,0
6/27/14,0
6/28/14,0
6/29/14,0
6/30/14,0
7/1/14,0
7/2/14,0
7/3/14,0
7/4/14,0
7/5/14,0
7/6/14,0
7/7/14,0
7/8/14,0
7/9/14,0
7/10/14,0
7/11/14,0
7/12/14,0
7/13/14,0
7/14/14,0
7/15/14,0
7/16/14,0
7/17/14,0
7/18/14,0
7/19/14,0
7/20/14,0
7/21/14,0
7/22/14,0
7/23/14,0
7/24/14,0
7/25/14,0
7/26/14,0
7/27/14,0
7/28/14,0
7/29/14,0
7/30/14,0
7/31/14,0
8/1/14,0
8/2/14,0
8/3/14,0
8/4/14,0
8/5/14,0
8/6/14,0
8/7/14,0
8/8/14,0
8/9/14,0
8/10/14,0
8/11/14,0
8/12/14,0
8/13/14,0
8/14/14,0
8/15/14,0
8/16/14,0
8/17/14,0
8/18/14,0
8/19/14,0
8/20/14,0
8/21/14,0
8/22/14,0
8/23/14,0
8/24/14,0
8/25/14,0
8/26/14,0
8/27/14,0
8/28/14,0
8/29/14,0
8/30/14,0
8/31/14,0
9/1/14,0
9/2/14,0
9/3/14,0
9/4/14,0
9/5/14,0
9/6/14,0
9/7/14,0
9/8/14,0
9/9/14,0
9/10/14,0
9/11/14,0
9/12/14,0
9/13/14,0
9/14/14,0
9/15/14,0
9/16/14,0
9/17/14,0
9/18/14,0
9/19/14,0
9/20/14,0
9/21/14,0
9/22/14,0
9/23/14,0
9/24/14,0
9/25/14,0
9/26/14,0
9/27/14,0
9/28/14,0
9/29/14,0
9/30/14,0
10/1/14,0
10/2/14,0
10/3/14,0
10/4/14,0
10/5/14,0
10/6/14,0
10/7/14,0
10/8/14,0
10/9/14,0
10/10/14,0
10/11/14,0
10/12/14,0
10/13/14,0
10/14/14,0
10/15/14,0
10/16/14,0
10/17/14,0
10/18/14,0
10/19/14,0
10/20/14,0
10/21/14,0
10/22/14,0
10/23/14,0
10/24/14,0
10/25/14,0
10/26/14,0
10/27/14,0
10/28/14,0
10/29/14,0
10/30/14,0
10/31/14,0
11/1/14,0
11/2/14,0
11/3/14,0
11/4/14,0
11/5/14,0
11/6/14,0
11/7/14,0
11/8/14,0
11/9/14,0
11/10/14,0
11/11/14,0
11/12/14,0
11/13/14,0
11/14/14,0
11/15/14,0
11/16/14,0
11/17/14,2
11/18/14,1
11/19/14,0
11/20/14,0
11/21/14,0
11/22/14,0
11/23/14,0
11/24/14,0
11/25/14,0
11/26/14,0
11/27/14,0
11/28/14,0
11/29/14,0
11/30/14,0
12/1/14,0
12/2/14,0
12/3/14,0
12/4/14,0
12/5/14,0
12/6/14,0
12/7/14,0
12/8/14,0
12/9/14,0
12/10/14,0
12/11/14,0
12/12/14,0
12/13/14,0
12/14/14,4
12/15/14,4
12/16/14,4
12/17/14,3
12/18/14,9
12/19/14,14
12/20/14,14
12/21/14,13
12/22/14,13
12/23/14,0
12/24/14,0
12/25/14,0
12/26/14,7
12/27/14,9
12/28/14,9
12/29/14,8
12/30/14,6
12/31/14,3
1/1/15,2
1/2/15,8
1/3/15,8
1/4/15,7
1/5/15,7
1/6/15,6
1/7/15,5
1/8/15,0
1/9/15,0
1/10/15,0
1/11/15,0
1/12/15,0
1/13/15,12
1/14/15,29
1/15/15,30
1/16/15,30
1/17/15,28
1/18/15,27
1/19/15,26
1/20/15,22
1/21/15,21
1/22/15,28
1/23/15,27
1/24/15,26
1/25/15,25
1/26/15,23
1/27/15,19
1/28/15,0
1/29/15,0
1/30/15,0
1/31/15,28
2/1/15,34
2/2/15,33
2/3/15,32
2/4/15,28
2/5/15,9
2/6/15,5
2/7/15,0
2/8/15,0
2/9/15,0
2/10/15,0
2/11/15,0
2/12/15,0
2/13/15,0
2/14/15,0
2/15/15,0
2/16/15,0
2/17/15,0
2/18/15,0
2/19/15,0
2/20/15,0
2/21/15,0
2/22/15,0
2/23/15,0
2/24/15,5
2/25/15,16
2/26/15,15
2/27/15,14
2/28/15,19
3/1/15,29
3/2/15,30
3/3/15,5
3/4/15,5
3/5/15,4
3/6/15,2
3/7/15,0
3/8/15,0
3/9/15,0
3/10/15,0
3/11/15,0
3/12/15,0
3/13/15,0
3/14/15,0
3/15/15,0
3/16/15,0
3/17/15,0
3/18/15,0
3/19/15,0
3/20/15,0
3/21/15,0
3/22/15,0
3/23/15,0
3/24/15,0
3/25/15,0
3/26/15,0
3/27/15,0
3/28/15,0
3/29/15,0
3/30/15,0
3/31/15,0
4/1/15,0
4/2/15,0
4/3/15,0
4/4/15,0
4/5/15,0
4/6/15,0
4/7/15,0
4/8/15,0
4/9/15,0
4/10/15,0
4/11/15,0
4/12/15,0
4/13/15,0
4/14/15,0
4/15/15,0
4/16/15,0
4/17/15,0
4/18/15,0
4/19/15,0
4/20/15,0
4/21/15,0
4/22/15,0
4/23/15,0
4/24/15,0
4/25/15,0
4/26/15,0
4/27/15,7
4/28/15,0
4/29/15,0
4/30/15,0
5/1/15,0
5/2/15,0
5/3/15,0
5/4/15,0
5/5/15,0
5/6/15,0
5/7/15,0
5/8/15,0
5/9/15,0
5/10/15,3
5/11/15,0
5/12/15,0
5/13/15,0
5/14/15,0
5/15/15,0
5/16/15,3
5/17/15,0
5/18/15,0
5/19/15,0
5/20/15,0
5/21/15,0
5/22/15,0
5/23/15,0
5/24/15,0
5/25/15,0
5/26/15,0
5/27/15,0
5/28/15,0
5/29/15,0
5/30/15,0
5/31/15,0
6/1/15,0
6/2/15,0
6/3/15,0
6/4/15,0
6/5/15,0
6/6/15,0
6/7/15,0
6/8/15,0
6/9/15,0
6/10/15,0
6/11/15,0
6/12/15,0
6/13/15,0
6/14/15,0
6/15/15,0
6/16/15,0
6/17/15,0
6/18/15,0
6/19/15,0
6/20/15,0
6/21/15,0
6/22/15,0
6/23/15,0
6/24/15,0
6/25/15,0
6/26/15,0
6/27/15,0
6/28/15,0
6/29/15,0
6/30/15,0
7/1/15,0
7/2/15,0
7/3/15,0
7/4/15,0
7/5/15,0
7/6/15,0
7/7/15,0
7/8/15,0
7/9/15,0
7/10/15,0
7/11/15,0
7/12/15,0
7/13/15,0
7/14/15,0
7/15/15,0
7/16/15,0
7/17/15,0
7/18/15,0
7/19/15,0
7/20/15,0
7/21/15,0
7/22/15,0
7/23/15,0
7/24/15,0
7/25/15,0
7/26/15,0
7/27/15,0
7/28/15,0
7/29/15,0
7/30/15,0
7/31/15,0
8/1/15,0
8/2/15,0
8/3/15,0
8/4/15,0
8/5/15,0
8/6/15,0
8/7/15,0
8/8/15,0
8/9/15,0
8/10/15,0
8/11/15,0
8/12/15,0
8/13/15,0
8/14/15,0
8/15/15,0
8/16/15,0
8/17/15,0
8/18/15,0
8/19/15,0
8/20/15,0
8/21/15,0
8/22/15,0
8/23/15,0
8/24/15,0
8/25/15,0
8/26/15,0
8/27/15,0
8/28/15,0
8/29/15,0
8/30/15,0
8/31/15,0
9/1/15,0
9/2/15,0
9/3/15,0
9/4/15,0
9/5/15,0
9/6/15,0
9/7/15,0
9/8/15,0
9/9/15,0
9/10/15,0
9/11/15,0
9/12/15,0
9/13/15,0
9/14/15,0
9/15/15,0
9/16/15,0
9/17/15,0
9/18/15,0
9/19/15,0
9/20/15,0
9/21/15,0
9/22/15,0
9/23/15,0
9/24/15,0
9/25/15,0
9/26/15,0
9/27/15,0
9/28/15,0
9/29/15,0
9/30/15,0
10/1/15,0
10/2/15,0
10/3/15,0
10/4/15,0
10/5/15,0
10/6/15,0
10/7/15,0
10/8/15,0
10/9/15,0
10/10/15,0
10/11/15,0
10/12/15,0
10/13/15,0
10/14/15,0
10/15/15,0
10/16/15,0
10/17/15,0
10/18/15,0
10/19/15,0
10/20/15,0
10/21/15,0
10/22/15,0
10/23/15,0
10/24/15,0
10/25/15,0
10/26/15,0
10/27/15,0
10/28/15,0
10/29/15,0
10/30/15,0
10/31/15,0
11/1/15,0
11/2/15,0
11/3/15,0
11/4/15,0
11/5/15,11
11/6/15,16
11/7/15,16
11/8/15,15
11/9/15,12
11/10/15,0
11/11/15,2
11/12/15,1
11/13/15,0
11/14/15,0
11/15/15,0
11/16/15,0
11/17/15,15
11/18/15,17
11/19/15,15
11/20/15,15
11/21/15,4
11/22/15,2
11/23/15,0
11/24/15,0
11/25/15,0
11/26/15,0
11/27/15,0
11/28/15,0
11/29/15,0
11/30/15,0
12/1/15,0
12/2/15,0
12/3/15,0
12/4/15,0
12/5/15,0
12/6/15,0
12/7/15,0
12/8/15,0
12/9/15,0
12/10/15,0
12/11/15,0
12/12/15,1
12/13/15,19
12/14/15,18
12/15/15,23
12/16/15,23
12/17/15,23
12/18/15,23
12/19/15,22
12/20/15,20
12/21/15,21
12/22/15,21
12/23/15,30
12/24/15,44
12/25/15,46
12/26/15,49
12/27/15,49
12/28/15,49
12/29/15,48
12/30/15,50
12/31/15,50
1/1/16,50
1/2/16,50
1/3/16,49
1/4/16,48
1/5/16,53
1/6/16,57
1/7/16,69
1/8/16,80
1/9/16,87
1/10/16,87
1/11/16,88
1/12/16,87
1/13/16,87
1/14/16,86
1/15/16,85
1/16/16,88
1/17/16,88
1/18/16,86
1/19/16,84
1/20/16,84
1/21/16,84
1/22/16,83
1/23/16,83
1/24/16,80
1/25/16,79
1/26/16,78
1/27/16,78
1/28/16,76
1/29/16,76
1/30/16,73
1/31/16,59
2/1/16,49
2/2/16,61
2/3/16,62
2/4/16,61
2/5/16,61
2/6/16,60
2/7/16,60
2/8/16,57
2/9/16,43
2/10/16,34
2/11/16,24
2/12/16,13
2/13/16,4
2/14/16,0
2/15/16,0
2/16/16,0
2/17/16,0
2/18/16,0
2/19/16,0
2/20/16,0
2/21/16,0
2/22/16,0
2/23/16,0
2/24/16,0
2/25/16,0
2/26/16,0
2/27/16,0
2/28/16,0
2/29/16,0
3/1/16,0
3/2/16,0
3/3/16,0
3/4/16,0
3/5/16,0
3/6/16,0
3/7/16,0
3/8/16,0
3/9/16,0
3/10/16,0
3/11/16,0
3/12/16,0
3/13/16,0
3/14/16,0
3/15/16,0
3/16/16,0
3/17/16,0
3/18/16,0
3/19/16,0
3/20/16,0
3/21/16,0
3/22/16,0
3/23/16,0
3/24/16,0
3/25/16,0
3/26/16,0
3/27/16,0
3/28/16,0
3/29/16,0
3/30/16,1
3/31/16,0
4/1/16,0
4/2/16,0
4/3/16,0
4/4/16,0
4/5/16,0
4/6/16,0
4/7/16,0
4/8/16,0
4/9/16,0
4/10/16,0
4/11/16,0
4/12/16,0
4/13/16,0
4/14/16,0
4/15/16,0
4/16/16,5
4/17/16,14
4/18/16,14
4/19/16,11
4/20/16,0
4/21/16,0
4/22/16,0
4/23/16,0
4/24/16,0
4/25/16,0
4/26/16,0
4/27/16,0
4/28/16,0
4/29/16,0
4/30/16,0
5/1/16,0
5/2/16,9
5/3/16,2
5/4/16,0
5/5/16,0
5/6/16,0
5/7/16,0
5/8/16,0
5/9/16,0
5/10/16,0
5/11/16,0
5/12/16,0
5/13/16,0
5/14/16,0
5/15/16,0
5/16/16,0
5/17/16,0
5/18/16,0
5/19/16,0
5/20/16,0
5/21/16,0
5/22/16,0
5/23/16,0
5/24/16,0
5/25/16,0
5/26/16,0
5/27/16,0
5/28/16,0
5/29/16,0
5/30/16,0
5/31/16,0
6/1/16,0
6/2/16,0
6/3/16,0
6/4/16,0
6/5/16,0
6/6/16,0
6/7/16,0
6/8/16,0
6/9/16,0
6/10/16,0
6/11/16,0
6/12/16,0
6/13/16,0
6/14/16,0
6/15/16,0
6/16/16,0
6/17/16,0
6/18/16,0
6/19/16,0
6/20/16,0
6/21/16,0
6/22/16,0
6/23/16,0
6/24/16,0
6/25/16,0
6/26/16,0
6/27/16,0
6/28/16,0
6/29/16,0
6/30/16,0
7/1/16,0
7/2/16,0
7/3/16,0
7/4/16,0
7/5/16,0
7/6/16,0
7/7/16,0
7/8/16,0
7/9/16,0
7/10/16,0
7/11/16,0
7/12/16,0
7/13/16,0
7/14/16,0
7/15/16,0
7/16/16,0
7/17/16,0
7/18/16,0
7/19/16,0
7/20/16,0
7/21/16,0
7/22/16,0
7/23/16,0
7/24/16,0
7/25/16,0
7/26/16,0
7/27/16,0
7/28/16,0
7/29/16,0
7/30/16,0
7/31/16,0
8/1/16,0
8/2/16,0
8/3/16,0
8/4/16,0
8/5/16,0
8/6/16,0
8/7/16,0
8/8/16,0
8/9/16,0
8/10/16,0
8/11/16,0
8/12/16,0
8/13/16,0
8/14/16,0
8/15/16,0
8/16/16,0
8/17/16,0
8/18/16,0
8/19/16,0
8/20/16,0
8/21/16,0
8/22/16,0
8/23/16,0
8/24/16,0
8/25/16,0
8/26/16,0
8/27/16,0
8/28/16,0
8/29/16,0
8/30/16,0
8/31/16,0
9/1/16,0
9/2/16,0
9/3/16,0
9/4/16,0
9/5/16,0
9/6/16,0
9/7/16,0
9/8/16,0
9/9/16,0
9/10/16,0
9/11/16,0
9/12/16,0
9/13/16,0
9/14/16,0
9/15/16,0
9/16/16,0
9/17/16,0
9/18/16,0
9/19/16,0
9/20/16,0
9/21/16,0
9/22/16,0
9/23/16,0
9/24/16,0
9/25/16,0
9/26/16,0
9/27/16,0
9/28/16,0
9/29/16,0
9/30/16,0
10/1/16,0
10/2/16,0
10/3/16,0
10/4/16,0
10/5/16,0
10/6/16,0
10/7/16,0
10/8/16,0
10/9/16,0
10/10/16,0
10/11/16,0
10/12/16,0
10/13/16,0
10/14/16,0
10/15/16,0
10/16/16,0
10/17/16,0
10/18/16,0
10/19/16,0
10/20/16,0
10/21/16,0
10/22/16,0
10/23/16,0
10/24/16,0
10/25/16,0
10/26/16,0
10/27/16,0
10/28/16,0
10/29/16,0
10/30/16,0
10/31/16,0
11/1/16,0
11/2/16,0
11/3/16,0
11/4/16,0
11/5/16,0
11/6/16,0
11/7/16,0
11/8/16,0
11/9/16,0
11/10/16,0
11/11/16,0
11/12/16,0
11/13/16,0
11/14/16,0
11/15/16,0
11/16/16,0
11/17/16,0
11/18/16,0
11/19/16,0
11/20/16,0
11/21/16,0
11/22/16,0
11/23/16,0
11/24/16,0
11/25/16,0
11/26/16,0
11/27/16,0
11/28/16,5
11/29/16,11
11/30/16,11
12/1/16,10
12/2/16,10
12/3/16,10
12/4/16,9
12/5/16,8
12/6/16,5
12/7/16,2
12/8/16,2
12/9/16,1
12/10/16,0
12/11/16,0
12/12/16,0
12/13/16,0
12/14/16,0
12/15/16,0
12/16/16,0
12/17/16,0
12/18/16,5
12/19/16,5
12/20/16,7
12/21/16,7
12/22/16,4
12/23/16,1
12/24/16,3
12/25/16,2
12/26/16,4
12/27/16,4
12/28/16,2
12/29/16,0
12/30/16,0
12/31/16,0
1/1/17,2
1/2/17,7
1/3/17,10
1/4/17,10
1/5/17,9
1/6/17,7
1/7/17,15
1/8/17,14
1/9/17,2
1/10/17,0
1/11/17,0
1/12/17,0
1/13/17,0
1/14/17,0
1/15/17,0
1/16/17,0
1/17/17,2
1/18/17,5
1/19/17,5
1/20/17,14
1/21/17,25
1/22/17,34
1/23/17,35
1/24/17,49
1/25/17,56
1/26/17,57
1/27/17,57
1/28/17,56
1/29/17,55
1/30/17,54
1/31/17,54
2/1/17,53
2/2/17,49
2/3/17,46
2/4/17,42
2/5/17,33
2/6/17,24
2/7/17,17
2/8/17,5
2/9/17,0
2/10/17,0
2/11/17,0
2/12/17,0
2/13/17,2
2/14/17,12
2/15/17,12
2/16/17,9
2/17/17,3
2/18/17,0
2/19/17,0
2/20/17,4
2/21/17,1
2/22/17,0
2/23/17,0
2/24/17,0
2/25/17,0
2/26/17,0
2/27/17,2
2/28/17,11
3/1/17,42
3/2/17,41
3/3/17,39
3/4/17,37
3/5/17,8
3/6/17,0
3/7/17,0
3/8/17,0
3/9/17,0
3/10/17,0
3/11/17,0
3/12/17,0
3/13/17,0
3/14/17,0
3/15/17,0
3/16/17,0
3/17/17,0
3/18/17,0
3/19/17,0
3/20/17,0
3/21/17,0
3/22/17,0
3/23/17,0
3/24/17,12
3/25/17,0
3/26/17,0
3/27/17,0
3/28/17,1
3/29/17,0
3/30/17,0
3/31/17,0
4/1/17,4
4/2/17,5
4/3/17,0
4/4/17,2
4/5/17,3
4/6/17,0
4/7/17,0
4/8/17,0
4/9/17,0
4/10/17,0
4/11/17,0
4/12/17,0
4/13/17,0
4/14/17,0
4/15/17,0
4/16/17,0
4/17/17,0
4/18/17,0
4/19/17,0
4/20/17,0
4/21/17,0
4/22/17,0
4/23/17,0
4/24/17,0
4/25/17,0
4/26/17,0
4/27/17,0
4/28/17,0
4/29/17,3
4/30/17,2
5/1/17,0
5/2/17,0
5/3/17,0
5/4/17,0
5/5/17,0
5/6/17,0
5/7/17,0
5/8/17,0
5/9/17,0
5/10/17,0
5/11/17,0
5/12/17,0
5/13/17,0
5/14/17,0
5/15/17,0
5/16/17,0
5/17/17,0
5/18/17,0
5/19/17,1
5/20/17,0
5/21/17,0
5/22/17,0
5/23/17,0
5/24/17,0
5/25/17,0
5/26/17,0
5/27/17,0
5/28/17,0
5/29/17,0
5/30/17,0
5/31/17,0
6/1/17,0
6/2/17,0
6/3/17,0
6/4/17,0
6/5/17,0
6/6/17,0
6/7/17,0
6/8/17,0
6/9/17,0
6/10/17,0
6/11/17,0
6/12/17,0
6/13/17,0
6/14/17,0
6/15/17,0
6/16/17,0
6/17/17,0
6/18/17,0
6/19/17,0
6/20/17,0
6/21/17,0
6/22/17,0
6/23/17,0
6/24/17,0
6/25/17,0
6/26/17,0
6/27/17,0
6/28/17,0
6/29/17,0
6/30/17,0
7/1/17,0
7/2/17,0
7/3/17,0
7/4/17,0
7/5/17,0
7/6/17,0
7/7/17,0
7/8/17,0
7/9/17,0
7/10/17,0
7/11/17,0
7/12/17,0
7/13/17,0
7/14/17,0
7/15/17,0
7/16/17,0
7/17/17,0
7/18/17,0
7/19/17,0
7/20/17,0
7/21/17,0
7/22/17,0
7/23/17,0
7/24/17,0
7/25/17,0
7/26/17,0
7/27/17,0
7/28/17,0
7/29/17,0
7/30/17,0
7/31/17,0
8/1/17,0
8/2/17,0
8/3/17,0
8/4/17,0
8/5/17,0
8/6/17,0
8/7/17,0
8/8/17,0
8/9/17,0
8/10/17,0
8/11/17,0
8/12/17,0
8/13/17,0
8/14/17,0
8/15/17,0
8/16/17,0
8/17/17,0
8/18/17,0
8/19/17,0
8/20/17,0
8/21/17,0
8/22/17,0
8/23/17,0
8/24/17,0
8/25/17,0
8/26/17,0
8/27/17,0
8/28/17,0
8/29/17,0
8/30/17,0
8/31/17,0
9/1/17,0
9/2/17,0
9/3/17,0
9/4/17,0
9/5/17,0
9/6/17,0
9/7/17,0
9/8/17,0
9/9/17,0
9/10/17,0
9/11/17,0
9/12/17,0
9/13/17,0
9/14/17,0
9/15/17,0
9/16/17,0
9/17/17,0
9/18/17,0
9/19/17,0
9/20/17,0
9/21/17,0
9/22/17,0
9/23/17,0
9/24/17,0
9/25/17,0
9/26/17,0
9/27/17,0
9/28/17,0
9/29/17,0
9/30/17,0
10/1/17,0
10/2/17,0
10/3/17,0
10/4/17,0
10/5/17,0
10/6/17,0
10/7/17,0
10/8/17,0
10/9/17,0
10/10/17,0
10/11/17,0
10/12/17,0
10/13/17,0
10/14/17,0
10/15/17,0
10/16/17,0
10/17/17,0
10/18/17,0
10/19/17,0
10/20/17,0
10/21/17,0
10/22/17,0
10/23/17,0
10/24/17,0
10/25/17,0
10/26/17,0
10/27/17,0
10/28/17,0
10/29/17,0
10/30/17,0
10/31/17,0
11/1/17,0
11/2/17,0
11/3/17,0
11/4/17,0
11/5/17,0
11/6/17,0
11/7/17,0
11/8/17,0
11/9/17,0
11/10/17,0
11/11/17,0
11/12/17,0
11/13/17,0
11/14/17,0
11/15/17,0
11/16/17,0
11/17/17,0
11/18/17,0
11/19/17,0
11/20/17,0
11/21/17,0
11/22/17,0
11/23/17,0
11/24/17,0
11/25/17,0
11/26/17,0
11/27/17,0
11/28/17,0
11/29/17,0
11/30/17,0
12/1/17,0
12/2/17,0
12/3/17,0
12/4/17,0
12/5/17,0
12/6/17,0
12/7/17,0
12/8/17,0
12/9/17,0
12/10/17,0
12/11/17,0
12/12/17,0
12/13/17,0
12/14/17,0
12/15/17,0
12/16/17,0
12/17/17,0
12/18/17,0
12/19/17,0
12/20/17,0
12/21/17,0
12/22/17,1
12/23/17,1
12/24/17,0
12/25/17,0
12/26/17,0
12/27/17,0
12/28/17,0
12/29/17,0
12/30/17,0
12/31/17,0
1/1/18,0
1/2/18,0
1/3/18,0
1/4/18,0
1/5/18,0
1/6/18,0
1/7/18,0
1/8/18,0
1/9/18,0
1/10/18,0
1/11/18,6
1/12/18,5
1/13/18,0
1/14/18,0
1/15/18,0
1/16/18,0
1/17/18,0
1/18/18,0
1/19/18,0
1/20/18,0
1/21/18,8
1/22/18,10
1/23/18,10
1/24/18,20
1/25/18,18
1/26/18,14
1/27/18,13
1/28/18,12
1/29/18,10
1/30/18,9
1/31/18,3
2/1/18,0
2/2/18,0
2/3/18,0
2/4/18,0
2/5/18,0
2/6/18,0
2/7/18,0
2/8/18,0
2/9/18,0
2/10/18,0
2/11/18,2
2/12/18,1
2/13/18,0
2/14/18,0
2/15/18,7
2/16/18,11
2/17/18,11
2/18/18,10
2/19/18,0
2/20/18,6
2/21/18,11
2/22/18,10
2/23/18,8
2/24/18,9
2/25/18,8
2/26/18,7
2/27/18,2
2/28/18,0
3/1/18,0
3/2/18,0
3/3/18,0
3/4/18,0
3/5/18,0
3/6/18,0
3/7/18,0
3/8/18,0
3/9/18,0
3/10/18,0
3/11/18,0
3/12/18,3
3/13/18,2
3/14/18,0
3/15/18,0
3/16/18,1
3/17/18,0
3/18/18,0
3/19/18,3
3/20/18,3
3/21/18,1
3/22/18,0
3/23/18,0
3/24/18,0
3/25/18,0
3/26/18,0
3/27/18,0
3/28/18,0
3/29/18,0
3/30/18,0
3/31/18,0
4/1/18,0
4/2/18,0
4/3/18,0
4/4/18,0
4/5/18,0
4/6/18,0
4/7/18,0
4/8/18,0
4/9/18,0
4/10/18,0
4/11/18,0
4/12/18,0
4/13/18,0
4/14/18,0
4/15/18,0
4/16/18,0
4/17/18,0
4/18/18,0
4/19/18,0
4/20/18,0
4/21/18,2
4/22/18,0
4/23/18,0
4/24/18,0
4/25/18,0
4/26/18,0
4/27/18,0
4/28/18,0
4/29/18,0
4/30/18,0
5/1/18,0
5/2/18,0
5/3/18,2
5/4/18,0
5/5/18,0
5/6/18,0
5/7/18,0
5/8/18,0
5/9/18,0
5/10/18,0
5/11/18,0
5/12/18,0
5/13/18,0
5/14/18,0
5/15/18,0
5/16/18,0
5/17/18,0
5/18/18,0
5/19/18,0
5/20/18,0
5/21/18,0
5/22/18,0
5/23/18,0
5/24/18,0
5/25/18,0
5/26/18,0
5/27/18,0
5/28/18,0
5/29/18,0
5/30/18,0
5/31/18,0
6/1/18,0
6/2/18,0
6/3/18,0
6/4/18,0
6/5/18,0
6/6/18,0
6/7/18,0
6/8/18,0
6/9/18,0
6/10/18,0
6/11/18,0
6/12/18,0
6/13/18,0
6/14/18,0
6/15/18,0
6/16/18,0
6/17/18,0
6/18/18,0
6/19/18,0
6/20/18,0
6/21/18,0
6/22/18,0
6/23/18,0
6/24/18,0
6/25/18,0
6/26/18,0
6/27/18,0
6/28/18,0
6/29/18,0
6/30/18,0
7/1/18,0
7/2/18,0
7/3/18,0
7/4/18,0
7/5/18,0
7/6/18,0
7/7/18,0
7/8/18,0
7/9/18,0
7/10/18,0
7/11/18,0
7/12/18,0
7/13/18,0
7/14/18,0
7/15/18,0
7/16/18,0
7/17/18,0
7/18/18,0
7/19/18,0
7/20/18,0
7/21/18,0
7/22/18,0
7/23/18,0
7/24/18,0
7/25/18,0
7/26/18,0
7/27/18,0
7/28/18,0
7/29/18,0
7/30/18,0
7/31/18,0
8/1/18,0
8/2/18,0
8/3/18,0
8/4/18,0
8/5/18,0
8/6/18,0
8/7/18,0
8/8/18,0
8/9/18,0
8/10/18,0
8/11/18,0
8/12/18,0
8/13/18,0
8/14/18,0
8/15/18,0
8/16/18,0
8/17/18,0
8/18/18,0
8/19/18,0
8/20/18,0
8/21/18,0
8/22/18,0
8/23/18,0
8/24/18,0
8/25/18,0
8/26/18,0
8/27/18,0
8/28/18,0
8/29/18,0
8/30/18,0
8/31/18,0
9/1/18,0
9/2/18,0
9/3/18,0
9/4/18,0
9/5/18,0
9/6/18,0
9/7/18,0
9/8/18,0
9/9/18,0
9/10/18,0
9/11/18,0
9/12/18,0
9/13/18,0
9/14/18,0
9/15/18,0
9/16/18,0
9/17/18,0
9/18/18,0
9/19/18,0
9/20/18,0
9/21/18,0
9/22/18,0
9/23/18,0
9/24/18,0
9/25/18,0
9/26/18,0
9/27/18,0
9/28/18,0
9/29/18,0
9/30/18,0
10/1/18,0
10/2/18,0
10/3/18,0
10/4/18,0
10/5/18,0
10/6/18,0
10/7/18,0
10/8/18,0
10/9/18,0
10/10/18,0
10/11/18,0
10/12/18,0
10/13/18,0
10/14/18,0
10/15/18,0
10/16/18,0
10/17/18,1
10/18/18,0
10/19/18,0
10/20/18,0
10/21/18,0
10/22/18,0
10/23/18,0
10/24/18,0
10/25/18,0
10/26/18,0
10/27/18,0
10/28/18,0
10/29/18,0
10/30/18,0
10/31/18,4
11/1/18,2
11/2/18,0
11/3/18,0
11/4/18,0
11/5/18,0
11/6/18,0
11/7/18,0
11/8/18,0
11/9/18,0
11/10/18,0
11/11/18,0
11/12/18,0
11/13/18,0
11/14/18,0
11/15/18,0
11/16/18,0
11/17/18,0
11/18/18,0
11/19/18,0
11/20/18,0
11/21/18,0
11/22/18,0
11/23/18,0
11/24/18,0
11/25/18,0
11/26/18,0
11/27/18,0
11/28/18,0
11/29/18,0
11/30/18,0
12/1/18,0
12/2/18,0
12/3/18,0
12/4/18,0
12/5/18,0
12/6/18,0
12/7/18,0
12/8/18,0
12/9/18,0
12/10/18,0
12/11/18,0
12/12/18,0
12/13/18,0
12/14/18,0
12/15/18,0
12/16/18,14
12/17/18,0
12/18/18,0
12/19/18,0
12/20/18,0
12/21/18,0
12/22/18,0
12/23/18,0
12/24/18,0
12/25/18,0
12/26/18,0
12/27/18,0
12/28/18,0
12/29/18,0
12/30/18,0
12/31/18,0
1/1/19,0
1/2/19,0
1/3/19,0
1/4/19,0
1/5/19,0
1/6/19,0
1/7/19,36
1/8/19,36
1/9/19,36
1/10/19,35
1/11/19,35
1/12/19,35
1/13/19,34
1/14/19,47
1/15/19,46
1/16/19,46
1/17/19,51
1/18/19,45
1/19/19,59
1/20/19,57
1/21/19,48
1/22/19,44
1/23/19,43
1/24/19,45
1/25/19,44
1/26/19,43
1/27/19,41
1/28/19,39
1/29/19,30
1/30/19,28
1/31/19,28
2/1/19,22
2/2/19,17
2/3/19,7
2/4/19,0
2/5/19,0
2/6/19,0
2/7/19,14
2/8/19,13
2/9/19,12
2/10/19,8
2/11/19,5
2/12/19,14
2/13/19,13
2/14/19,9
2/15/19,0
2/16/19,0
2/17/19,3
2/18/19,6
2/19/19,21
2/20/19,28
2/21/19,28
2/22/19,40
2/23/19,50
2/24/19,49
2/25/19,49
2/26/19,48
2/27/19,46
2/28/19,33
3/1/19,10
3/2/19,0
3/3/19,1
3/4/19,0
3/5/19,14
3/6/19,0
3/7/19,0
3/8/19,0
3/9/19,2
3/10/19,0
3/11/19,0
3/12/19,0
3/13/19,1
3/14/19,20
3/15/19,20
3/16/19,19
3/17/19,15
3/18/19,9
3/19/19,0
3/20/19,0
3/21/19,0
3/22/19,0
3/23/19,0
3/24/19,0
3/25/19,0
3/26/19,5
3/27/19,0
3/28/19,0
3/29/19,0
3/30/19,0
3/31/19,0
4/1/19,0
4/2/19,0
4/3/19,0
4/4/19,0
4/5/19,0
4/6/19,0
4/7/19,0
4/8/19,0
4/9/19,0
4/10/19,0
4/11/19,1
4/12/19,0
4/13/19,0
4/14/19,0
4/15/19,0
4/16/19,0
4/17/19,0
4/18/19,0
4/19/19,0
4/20/19,0
4/21/19,0
4/22/19,0
4/23/19,0
4/24/19,0
4/25/19,0
4/26/19,0
4/27/19,0
4/28/19,0
4/29/19,0
4/30/19,0
5/1/19,0
5/2/19,0
5/3/19,0
5/4/19,0
5/5/19,0
5/6/19,0
5/7/19,0
5/8/19,0
5/9/19,0
5/10/19,0
5/11/19,0
5/12/19,0
5/13/19,0
5/14/19,0
5/15/19,0
5/16/19,0
5/17/19,0
5/18/19,0
5/19/19,0
5/20/19,0
5/21/19,3
5/22/19,0
5/23/19,0
5/24/19,0
5/25/19,0
5/26/19,0
5/27/19,0
5/28/19,0
5/29/19,0
5/30/19,0
5/31/19,0
6/1/19,0
6/2/19,0
6/3/19,0
6/4/19,0
6/5/19,0
6/6/19,0
6/7/19,0
6/8/19,0
6/9/19,0
6/10/19,0
6/11/19,0
6/12/19,0
6/13/19,0
6/14/19,0
6/15/19,0
6/16/19,0
6/17/19,0
6/18/19,0
6/19/19,0
6/20/19,0
6/21/19,0
6/22/19,0
6/23/19,0
6/24/19,0
6/25/19,0
6/26/19,0
6/27/19,0
6/28/19,0
6/29/19,0
6/30/19,0
7/1/19,0
7/2/19,0
7/3/19,0
7/4/19,0
7/5/19,0
7/6/19,0
7/7/19,0
7/8/19,0
7/9/19,0
7/10/19,0
7/11/19,0
7/12/19,0
7/13/19,0
7/14/19,0
7/15/19,0
7/16/19,0
7/17/19,0
7/18/19,0
7/19/19,0
7/20/19,0
7/21/19,0
7/22/19,0
7/23/19,0
7/24/19,0
7/25/19,0
7/26/19,0
7/27/19,0
7/28/19,0
7/29/19,0
7/30/19,0
7/31/19,0
8/1/19,0
8/2/19,0
8/3/19,0
8/4/19,0
8/5/19,0
8/6/19,0
8/7/19,0
8/8/19,0
8/9/19,0
8/10/19,0
8/11/19,0
8/12/19,0
8/13/19,0
8/14/19,0
8/15/19,0
8/16/19,0
8/17/19,0
8/18/19,0
8/19/19,0
8/20/19,0
8/21/19,0
8/22/19,0
8/23/19,0
8/24/19,0
8/25/19,0
8/26/19,0
8/27/19,0
8/28/19,0
8/29/19,0
8/30/19,0
8/31/19,0
9/1/19,0
9/2/19,0
9/3/19,0
9/4/19,0
9/5/19,0
9/6/19,0
9/7/19,0
9/8/19,0
9/9/19,0
9/10/19,0
9/11/19,0
9/12/19,0
9/13/19,0
9/14/19,0
9/15/19,0
9/16/19,0
9/17/19,0
9/18/19,0
9/19/19,0
9/20/19,0
9/21/19,0
9/22/19,0
9/23/19,0
9/24/19,0
9/25/19,0
9/26/19,0
9/27/19,0
9/28/19,0
9/29/19,0
9/30/19,0
10/1/19,0
10/2/19,0
10/3/19,0
10/4/19,0
10/5/19,0
10/6/19,0
10/7/19,0
10/8/19,0
10/9/19,0
10/10/19,0
10/11/19,0
10/12/19,0
10/13/19,0
10/14/19,0
10/15/19,0
10/16/19,0
10/17/19,0
10/18/19,0
10/19/19,0
10/20/19,0
10/21/19,0
10/22/19,0
10/23/19,0
10/24/19,0
10/25/19,0
10/26/19,0
10/27/19,0
10/28/19,0
10/29/19,2
10/30/19,0
10/31/19,0
11/1/19,0
11/2/19,0
11/3/19,0
11/4/19,0
11/5/19,0
11/6/19,0
11/7/19,0
11/8/19,0
11/9/19,0
11/10/19,0
11/11/19,0
11/12/19,0
11/13/19,0
11/14/19,0
11/15/19,0
11/16/19,0
11/17/19,0
11/18/19,0
11/19/19,0
11/20/19,0
11/21/19,0
11/22/19,8
11/23/19,8
11/24/19,8
11/25/19,6
11/26/19,3
11/27/19,2
11/28/19,0
11/29/19,0
11/30/19,14
12/1/19,16
12/2/19,15
12/3/19,15
12/4/19,21
12/5/19,12
12/6/19,4
12/7/19,3
12/8/19,0
12/9/19,1
12/10/19,2
12/11/19,1
12/12/19,0
12/13/19,0
12/14/19,0
12/15/19,0
12/16/19,7
12/17/19,6
12/18/19,6
12/19/19,4
12/20/19,3
12/21/19,2
12/22/19,1
12/23/19,0
12/24/19,0
12/25/19,6
12/26/19,8
12/27/19,9
12/28/19,15
12/29/19,16
12/30/19,16
12/31/19,16
1/1/20,15
1/2/20,15
1/3/20,15
1/4/20,14
1/5/20,13
1/6/20,6
1/7/20,4
1/8/20,4
1/9/20,1
1/10/20,1
1/11/20,0
1/12/20,0
1/13/20,0
1/14/20,0
1/15/20,0
1/16/20,0
1/17/20,7
1/18/20,7
1/19/20,7
1/20/20,6
1/21/20,5
1/22/20,17
1/23/20,17
1/24/20,15
1/25/20,14
1/26/20,9
1/27/20,1
1/28/20,9
1/29/20,8
1/30/20,7
1/31/20,6
2/1/20,4
2/2/20,0
2/3/20,0
2/4/20,0
2/5/20,0
2/6/20,0
2/7/20,0
2/8/20,0
2/9/20,0
2/10/20,0
2/11/20,2
2/12/20,5
2/13/20,0
2/14/20,0
2/15/20,0
2/16/20,0
2/17/20,0
2/18/20,0
2/19/20,0
2/20/20,0
2/21/20,0
2/22/20,0
2/23/20,0
2/24/20,4
2/25/20,5
2/26/20,4
2/27/20,2
2/28/20,0
2/29/20,0
3/1/20,0
3/2/20,0
3/3/20,0
3/4/20,0
3/5/20,0
3/6/20,0
3/7/20,0
3/8/20,0
3/9/20,0
3/10/20,0
3/11/20,0
3/12/20,0
3/13/20,0
3/14/20,4
3/15/20,0
3/16/20,0
3/17/20,0
3/18/20,0
3/19/20,5
3/20/20,11
3/21/20,10
3/22/20,0
3/23/20,0
3/24/20,3
3/25/20,0
3/26/20,0
3/27/20,0
3/28/20,5
3/29/20,3
3/30/20,0
3/31/20,0
4/1/20,0
4/2/20,0
4/3/20,0
4/4/20,0
4/5/20,0
4/6/20,0
4/7/20,0
4/8/20,0
4/9/20,0
4/10/20,0
4/11/20,0
4/12/20,0
4/13/20,0
4/14/20,14
4/15/20,9
4/16/20,0
4/17/20,0
4/18/20,0
4/19/20,0
4/20/20,0
4/21/20,0
4/22/20,0
4/23/20,0
4/24/20,0
4/25/20,0
4/26/20,0
4/27/20,0
4/28/20,0
4/29/20,0
4/30/20,0