"DateTime","(mm) SWE (SNODAS) at -109.0600E,36.3300N, 2003-10-01 to 2020-06-16"
"2003-10-01",0
"2003-10-02",0
"2003-10-03",0
"2003-10-04",0
"2003-10-05",0
"2003-10-06",0
"2003-10-07",0
"2003-10-08",0
"2003-10-09",0
"2003-10-10",0
"2003-10-11",0
"2003-10-12",0
"2003-10-13",0
"2003-10-14",0
"2003-10-15",0
"2003-10-16",0
"2003-10-17",0
"2003-10-18",0
"2003-10-19",0
"2003-10-20",0
"2003-10-21",0
"2003-10-22",0
"2003-10-23",0
"2003-10-24",0
"2003-10-25",0
"2003-10-26",0
"2003-10-27",0
"2003-10-28",0
"2003-10-29",0
"2003-10-31",0
"2003-11-01",0
"2003-11-02",0
"2003-11-03",0
"2003-11-04",0
"2003-11-05",0
"2003-11-06",0
"2003-11-07",0
"2003-11-08",0
"2003-11-09",0
"2003-11-10",0
"2003-11-11",0
"2003-11-12",0
"2003-11-13",0
"2003-11-14",0
"2003-11-15",0
"2003-11-16",0
"2003-11-17",0
"2003-11-18",0
"2003-11-19",0
"2003-11-20",0
"2003-11-21",0
"2003-11-22",0
"2003-11-23",0
"2003-11-24",0
"2003-11-25",0
"2003-11-26",0
"2003-11-27",0
"2003-11-28",0
"2003-11-29",0
"2003-11-30",0
"2003-12-01",0
"2003-12-02",0
"2003-12-03",0
"2003-12-04",0
"2003-12-05",0
"2003-12-06",0
"2003-12-07",0
"2003-12-08",0
"2003-12-09",0
"2003-12-10",0
"2003-12-11",0
"2003-12-12",0
"2003-12-13",0
"2003-12-14",0
"2003-12-15",0
"2003-12-16",0
"2003-12-17",0
"2003-12-18",0
"2003-12-19",0
"2003-12-20",0
"2003-12-21",0
"2003-12-22",0
"2003-12-23",0
"2003-12-24",0
"2003-12-25",0
"2003-12-26",0
"2003-12-27",1
"2003-12-28",1
"2003-12-29",1
"2003-12-30",0
"2003-12-31",0
"2004-01-01",0
"2004-01-02",0
"2004-01-03",0
"2004-01-04",0
"2004-01-05",0
"2004-01-06",0
"2004-01-07",0
"2004-01-08",0
"2004-01-09",0
"2004-01-10",0
"2004-01-11",0
"2004-01-12",0
"2004-01-13",0
"2004-01-14",0
"2004-01-15",0
"2004-01-16",0
"2004-01-17",0
"2004-01-18",0
"2004-01-19",0
"2004-01-20",0
"2004-01-21",1
"2004-01-22",1
"2004-01-23",0
"2004-01-24",0
"2004-01-25",0
"2004-01-26",3
"2004-01-27",2
"2004-01-28",1
"2004-01-29",1
"2004-01-30",0
"2004-01-31",0
"2004-02-01",2
"2004-02-02",1
"2004-02-03",0
"2004-02-04",1
"2004-02-05",0
"2004-02-06",0
"2004-02-07",0
"2004-02-08",0
"2004-02-09",0
"2004-02-10",0
"2004-02-11",0
"2004-02-12",0
"2004-02-13",0
"2004-02-14",0
"2004-02-15",0
"2004-02-16",0
"2004-02-17",0
"2004-02-18",0
"2004-02-19",0
"2004-02-20",0
"2004-02-21",0
"2004-02-22",0
"2004-02-23",0
"2004-02-24",1
"2004-02-26",1
"2004-02-27",0
"2004-02-28",0
"2004-02-29",1
"2004-03-01",0
"2004-03-02",0
"2004-03-03",0
"2004-03-04",0
"2004-03-05",2
"2004-03-06",1
"2004-03-07",0
"2004-03-08",0
"2004-03-09",0
"2004-03-10",0
"2004-03-11",0
"2004-03-12",0
"2004-03-13",0
"2004-03-14",0
"2004-03-15",0
"2004-03-16",0
"2004-03-17",0
"2004-03-18",0
"2004-03-19",0
"2004-03-20",0
"2004-03-21",0
"2004-03-22",0
"2004-03-23",0
"2004-03-24",0
"2004-03-25",0
"2004-03-26",0
"2004-03-27",0
"2004-03-28",0
"2004-03-29",0
"2004-03-30",0
"2004-03-31",0
"2004-04-01",0
"2004-04-02",0
"2004-04-03",0
"2004-04-04",3
"2004-04-05",6
"2004-04-06",6
"2004-04-07",4
"2004-04-08",1
"2004-04-09",1
"2004-04-10",0
"2004-04-11",0
"2004-04-12",0
"2004-04-13",0
"2004-04-14",0
"2004-04-15",0
"2004-04-16",0
"2004-04-17",0
"2004-04-18",0
"2004-04-19",0
"2004-04-20",0
"2004-04-21",0
"2004-04-22",0
"2004-04-23",0
"2004-04-24",0
"2004-04-25",0
"2004-04-26",0
"2004-04-27",0
"2004-04-28",0
"2004-04-29",0
"2004-04-30",0
"2004-05-01",0
"2004-05-02",0
"2004-05-03",0
"2004-05-04",0
"2004-05-05",0
"2004-05-06",0
"2004-05-07",0
"2004-05-08",0
"2004-05-09",0
"2004-05-10",0
"2004-05-11",0
"2004-05-12",0
"2004-05-13",0
"2004-05-14",0
"2004-05-15",0
"2004-05-16",0
"2004-05-17",0
"2004-05-18",0
"2004-05-19",0
"2004-05-20",0
"2004-05-21",0
"2004-05-22",0
"2004-05-23",0
"2004-05-24",0
"2004-05-25",0
"2004-05-26",0
"2004-05-27",0
"2004-05-28",0
"2004-05-29",0
"2004-05-30",0
"2004-05-31",0
"2004-06-01",0
"2004-06-02",0
"2004-06-03",0
"2004-06-04",0
"2004-06-05",0
"2004-06-06",0
"2004-06-07",0
"2004-06-08",0
"2004-06-09",0
"2004-06-10",0
"2004-06-11",0
"2004-06-12",0
"2004-06-13",0
"2004-06-14",0
"2004-06-15",0
"2004-06-16",0
"2004-06-17",0
"2004-06-18",0
"2004-06-19",0
"2004-06-20",0
"2004-06-21",0
"2004-06-22",0
"2004-06-23",0
"2004-06-24",0
"2004-06-25",0
"2004-06-26",0
"2004-06-27",0
"2004-06-28",0
"2004-06-29",0
"2004-06-30",0
"2004-07-01",0
"2004-07-02",0
"2004-07-03",0
"2004-07-04",0
"2004-07-05",0
"2004-07-06",0
"2004-07-07",0
"2004-07-08",0
"2004-07-09",0
"2004-07-10",0
"2004-07-11",0
"2004-07-12",0
"2004-07-13",0
"2004-07-14",0
"2004-07-15",0
"2004-07-16",0
"2004-07-17",0
"2004-07-18",0
"2004-07-19",0
"2004-07-20",0
"2004-07-21",0
"2004-07-22",0
"2004-07-23",0
"2004-07-24",0
"2004-07-25",0
"2004-07-26",0
"2004-07-27",0
"2004-07-28",0
"2004-07-29",0
"2004-07-30",0
"2004-07-31",0
"2004-08-01",0
"2004-08-02",0
"2004-08-03",0
"2004-08-04",0
"2004-08-05",0
"2004-08-06",0
"2004-08-07",0
"2004-08-08",0
"2004-08-09",0
"2004-08-10",0
"2004-08-11",0
"2004-08-12",0
"2004-08-13",0
"2004-08-14",0
"2004-08-15",0
"2004-08-16",0
"2004-08-17",0
"2004-08-18",0
"2004-08-19",0
"2004-08-20",0
"2004-08-21",0
"2004-08-22",0
"2004-08-23",0
"2004-08-24",0
"2004-08-25",0
"2004-08-26",0
"2004-08-27",0
"2004-08-28",0
"2004-08-29",0
"2004-08-30",0
"2004-09-01",0
"2004-09-02",0
"2004-09-03",0
"2004-09-04",0
"2004-09-05",0
"2004-09-06",0
"2004-09-07",0
"2004-09-08",0
"2004-09-09",0
"2004-09-10",0
"2004-09-11",0
"2004-09-12",0
"2004-09-13",0
"2004-09-14",0
"2004-09-15",0
"2004-09-16",0
"2004-09-17",0
"2004-09-18",0
"2004-09-19",0
"2004-09-20",0
"2004-09-21",0
"2004-09-22",0
"2004-09-23",0
"2004-09-24",0
"2004-09-25",0
"2004-09-26",0
"2004-09-28",0
"2004-09-29",0
"2004-09-30",0
"2004-10-01",0
"2004-10-02",0
"2004-10-03",0
"2004-10-04",0
"2004-10-05",0
"2004-10-06",0
"2004-10-07",0
"2004-10-08",0
"2004-10-09",0
"2004-10-10",0
"2004-10-11",0
"2004-10-12",0
"2004-10-13",0
"2004-10-14",0
"2004-10-15",0
"2004-10-16",0
"2004-10-17",0
"2004-10-18",0
"2004-10-19",0
"2004-10-20",0
"2004-10-21",0
"2004-10-22",0
"2004-10-23",0
"2004-10-24",0
"2004-10-25",0
"2004-10-26",0
"2004-10-27",0
"2004-10-28",0
"2004-10-29",0
"2004-10-30",0
"2004-10-31",0
"2004-11-01",0
"2004-11-02",0
"2004-11-03",0
"2004-11-04",0
"2004-11-05",0
"2004-11-06",0
"2004-11-07",0
"2004-11-08",0
"2004-11-09",0
"2004-11-10",0
"2004-11-11",0
"2004-11-12",0
"2004-11-13",0
"2004-11-14",3
"2004-11-15",3
"2004-11-16",3
"2004-11-17",3
"2004-11-18",3
"2004-11-19",3
"2004-11-20",2
"2004-11-21",3
"2004-11-22",7
"2004-11-23",6
"2004-11-24",5
"2004-11-25",4
"2004-11-26",3
"2004-11-27",3
"2004-11-28",1
"2004-11-29",2
"2004-11-30",2
"2004-12-01",1
"2004-12-02",1
"2004-12-03",0
"2004-12-04",0
"2004-12-05",2
"2004-12-06",3
"2004-12-07",4
"2004-12-08",4
"2004-12-09",6
"2004-12-10",5
"2004-12-11",4
"2004-12-12",0
"2004-12-13",0
"2004-12-14",0
"2004-12-15",0
"2004-12-16",0
"2004-12-17",0
"2004-12-18",0
"2004-12-19",0
"2004-12-20",0
"2004-12-21",0
"2004-12-22",0
"2004-12-23",0
"2004-12-24",0
"2004-12-25",0
"2004-12-26",0
"2004-12-27",0
"2004-12-28",0
"2004-12-29",0
"2004-12-30",0
"2004-12-31",0
"2005-01-01",0
"2005-01-02",0
"2005-01-03",0
"2005-01-04",3
"2005-01-05",2
"2005-01-06",3
"2005-01-07",3
"2005-01-08",4
"2005-01-09",2
"2005-01-10",0
"2005-01-11",0
"2005-01-12",2
"2005-01-13",3
"2005-01-14",2
"2005-01-15",1
"2005-01-16",0
"2005-01-17",0
"2005-01-18",0
"2005-01-19",0
"2005-01-20",0
"2005-01-21",0
"2005-01-22",0
"2005-01-23",0
"2005-01-24",0
"2005-01-25",0
"2005-01-26",0
"2005-01-27",0
"2005-01-28",0
"2005-01-29",0
"2005-01-30",0
"2005-01-31",1
"2005-02-01",2
"2005-02-02",2
"2005-02-03",2
"2005-02-04",1
"2005-02-05",0
"2005-02-06",0
"2005-02-07",0
"2005-02-08",2
"2005-02-09",2
"2005-02-10",1
"2005-02-11",0
"2005-02-12",0
"2005-02-13",0
"2005-02-14",0
"2005-02-15",0
"2005-02-16",0
"2005-02-17",0
"2005-02-18",0
"2005-02-19",0
"2005-02-20",0
"2005-02-21",0
"2005-02-22",0
"2005-02-23",0
"2005-02-24",2
"2005-02-25",1
"2005-02-26",1
"2005-02-27",2
"2005-02-28",1
"2005-03-01",0
"2005-03-02",0
"2005-03-03",0
"2005-03-04",0
"2005-03-05",0
"2005-03-06",0
"2005-03-07",0
"2005-03-08",0
"2005-03-09",0
"2005-03-10",0
"2005-03-11",0
"2005-03-12",0
"2005-03-13",0
"2005-03-14",0
"2005-03-15",0
"2005-03-16",0
"2005-03-17",0
"2005-03-18",0
"2005-03-19",0
"2005-03-20",0
"2005-03-21",2
"2005-03-22",1
"2005-03-23",0
"2005-03-24",0
"2005-03-25",0
"2005-03-26",0
"2005-03-27",0
"2005-03-28",0
"2005-03-29",0
"2005-03-30",1
"2005-03-31",1
"2005-04-01",0
"2005-04-02",0
"2005-04-03",0
"2005-04-04",0
"2005-04-05",0
"2005-04-06",0
"2005-04-07",0
"2005-04-08",0
"2005-04-09",0
"2005-04-10",0
"2005-04-11",0
"2005-04-12",0
"2005-04-13",0
"2005-04-14",0
"2005-04-15",0
"2005-04-16",0
"2005-04-17",0
"2005-04-18",0
"2005-04-19",0
"2005-04-20",0
"2005-04-21",0
"2005-04-22",0
"2005-04-23",0
"2005-04-24",0
"2005-04-25",0
"2005-04-26",0
"2005-04-27",0
"2005-04-28",0
"2005-04-29",0
"2005-04-30",0
"2005-05-01",0
"2005-05-02",0
"2005-05-03",0
"2005-05-04",0
"2005-05-05",0
"2005-05-06",0
"2005-05-07",0
"2005-05-08",0
"2005-05-09",0
"2005-05-10",0
"2005-05-11",0
"2005-05-12",0
"2005-05-13",0
"2005-05-14",0
"2005-05-15",0
"2005-05-16",0
"2005-05-17",0
"2005-05-18",0
"2005-05-19",0
"2005-05-20",0
"2005-05-21",0
"2005-05-22",0
"2005-05-23",0
"2005-05-24",0
"2005-05-25",0
"2005-05-26",0
"2005-05-27",0
"2005-05-28",0
"2005-05-29",0
"2005-05-30",0
"2005-05-31",0
"2005-06-01",0
"2005-06-02",0
"2005-06-03",0
"2005-06-04",0
"2005-06-05",0
"2005-06-06",0
"2005-06-07",0
"2005-06-08",0
"2005-06-09",0
"2005-06-10",0
"2005-06-11",0
"2005-06-12",0
"2005-06-13",0
"2005-06-14",0
"2005-06-15",0
"2005-06-16",0
"2005-06-17",0
"2005-06-18",0
"2005-06-19",0
"2005-06-20",0
"2005-06-21",0
"2005-06-22",0
"2005-06-23",0
"2005-06-24",0
"2005-06-26",0
"2005-06-27",0
"2005-06-28",0
"2005-06-29",0
"2005-06-30",0
"2005-07-01",0
"2005-07-02",0
"2005-07-03",0
"2005-07-04",0
"2005-07-05",0
"2005-07-06",0
"2005-07-07",0
"2005-07-08",0
"2005-07-09",0
"2005-07-10",0
"2005-07-11",0
"2005-07-12",0
"2005-07-13",0
"2005-07-14",0
"2005-07-15",0
"2005-07-16",0
"2005-07-17",0
"2005-07-18",0
"2005-07-19",0
"2005-07-20",0
"2005-07-21",0
"2005-07-22",0
"2005-07-23",0
"2005-07-24",0
"2005-07-25",0
"2005-07-26",0
"2005-07-27",0
"2005-07-28",0
"2005-07-29",0
"2005-07-30",0
"2005-07-31",0
"2005-08-03",0
"2005-08-04",0
"2005-08-05",0
"2005-08-06",0
"2005-08-07",0
"2005-08-08",0
"2005-08-09",0
"2005-08-10",0
"2005-08-11",0
"2005-08-12",0
"2005-08-13",0
"2005-08-14",0
"2005-08-15",0
"2005-08-16",0
"2005-08-17",0
"2005-08-18",0
"2005-08-19",0
"2005-08-20",0
"2005-08-21",0
"2005-08-22",0
"2005-08-23",0
"2005-08-24",0
"2005-08-25",0
"2005-08-26",0
"2005-08-27",0
"2005-08-28",0
"2005-08-29",0
"2005-08-30",0
"2005-08-31",0
"2005-09-01",0
"2005-09-02",0
"2005-09-03",0
"2005-09-04",0
"2005-09-05",0
"2005-09-06",0
"2005-09-07",0
"2005-09-08",0
"2005-09-09",0
"2005-09-10",0
"2005-09-11",0
"2005-09-12",0
"2005-09-13",0
"2005-09-14",0
"2005-09-15",0
"2005-09-16",0
"2005-09-17",0
"2005-09-18",0
"2005-09-19",0
"2005-09-20",0
"2005-09-21",0
"2005-09-22",0
"2005-09-23",0
"2005-09-24",0
"2005-09-25",0
"2005-09-26",0
"2005-09-27",0
"2005-09-28",0
"2005-09-29",0
"2005-09-30",0
"2005-10-01",0
"2005-10-02",0
"2005-10-03",0
"2005-10-04",0
"2005-10-05",0
"2005-10-06",0
"2005-10-07",0
"2005-10-08",0
"2005-10-09",0
"2005-10-10",0
"2005-10-11",0
"2005-10-12",0
"2005-10-13",0
"2005-10-14",0
"2005-10-15",0
"2005-10-16",0
"2005-10-17",0
"2005-10-18",0
"2005-10-19",0
"2005-10-20",0
"2005-10-21",0
"2005-10-22",0
"2005-10-23",0
"2005-10-24",0
"2005-10-25",0
"2005-10-26",0
"2005-10-27",0
"2005-10-28",0
"2005-10-29",0
"2005-10-30",0
"2005-10-31",0
"2005-11-01",0
"2005-11-02",0
"2005-11-03",0
"2005-11-04",0
"2005-11-05",0
"2005-11-06",0
"2005-11-07",0
"2005-11-08",0
"2005-11-09",0
"2005-11-10",0
"2005-11-11",0
"2005-11-12",0
"2005-11-13",0
"2005-11-14",0
"2005-11-15",0
"2005-11-16",0
"2005-11-17",0
"2005-11-18",0
"2005-11-19",0
"2005-11-20",0
"2005-11-21",0
"2005-11-22",0
"2005-11-23",0
"2005-11-24",0
"2005-11-25",0
"2005-11-26",0
"2005-11-27",1
"2005-11-28",1
"2005-11-29",0
"2005-11-30",0
"2005-12-01",0
"2005-12-02",0
"2005-12-03",0
"2005-12-04",5
"2005-12-05",5
"2005-12-06",4
"2005-12-07",2
"2005-12-08",2
"2005-12-09",1
"2005-12-10",0
"2005-12-11",0
"2005-12-12",0
"2005-12-13",0
"2005-12-14",2
"2005-12-15",0
"2005-12-16",0
"2005-12-17",0
"2005-12-18",0
"2005-12-19",0
"2005-12-20",0
"2005-12-21",0
"2005-12-22",0
"2005-12-23",0
"2005-12-24",0
"2005-12-25",0
"2005-12-26",0
"2005-12-27",0
"2005-12-28",0
"2005-12-29",0
"2005-12-30",0
"2005-12-31",0
"2006-01-01",0
"2006-01-02",0
"2006-01-03",0
"2006-01-04",0
"2006-01-05",0
"2006-01-06",0
"2006-01-07",0
"2006-01-08",0
"2006-01-09",0
"2006-01-10",0
"2006-01-11",0
"2006-01-12",0
"2006-01-13",0
"2006-01-14",0
"2006-01-15",0
"2006-01-16",0
"2006-01-17",0
"2006-01-18",0
"2006-01-19",0
"2006-01-20",11
"2006-01-21",10
"2006-01-22",10
"2006-01-23",9
"2006-01-24",8
"2006-01-25",7
"2006-01-26",7
"2006-01-27",7
"2006-01-28",5
"2006-01-29",5
"2006-01-30",6
"2006-01-31",5
"2006-02-01",4
"2006-02-02",2
"2006-02-03",1
"2006-02-04",0
"2006-02-05",0
"2006-02-06",0
"2006-02-07",0
"2006-02-08",0
"2006-02-09",0
"2006-02-10",0
"2006-02-11",0
"2006-02-12",0
"2006-02-13",0
"2006-02-14",0
"2006-02-15",0
"2006-02-16",1
"2006-02-17",4
"2006-02-18",1
"2006-02-19",0
"2006-02-20",0
"2006-02-21",0
"2006-02-22",0
"2006-02-23",0
"2006-02-24",0
"2006-02-25",0
"2006-02-26",0
"2006-02-27",0
"2006-02-28",0
"2006-03-01",0
"2006-03-02",0
"2006-03-03",0
"2006-03-04",0
"2006-03-05",0
"2006-03-06",0
"2006-03-07",0
"2006-03-08",0
"2006-03-09",5
"2006-03-10",6
"2006-03-11",10
"2006-03-12",26
"2006-03-13",36
"2006-03-14",35
"2006-03-15",34
"2006-03-16",32
"2006-03-17",30
"2006-03-18",28
"2006-03-19",26
"2006-03-20",26
"2006-03-21",27
"2006-03-22",31
"2006-03-23",38
"2006-03-24",37
"2006-03-25",37
"2006-03-26",34
"2006-03-27",28
"2006-03-28",27
"2006-03-29",24
"2006-03-30",24
"2006-03-31",24
"2006-04-01",18
"2006-04-02",20
"2006-04-03",19
"2006-04-04",10
"2006-04-05",0
"2006-04-06",0
"2006-04-07",0
"2006-04-08",0
"2006-04-09",0
"2006-04-10",0
"2006-04-11",0
"2006-04-12",0
"2006-04-13",0
"2006-04-14",0
"2006-04-15",0
"2006-04-16",0
"2006-04-17",0
"2006-04-18",0
"2006-04-19",0
"2006-04-20",0
"2006-04-21",0
"2006-04-22",0
"2006-04-23",0
"2006-04-24",0
"2006-04-25",0
"2006-04-26",0
"2006-04-27",0
"2006-04-28",0
"2006-04-29",0
"2006-04-30",0
"2006-05-01",0
"2006-05-02",0
"2006-05-03",0
"2006-05-04",0
"2006-05-05",0
"2006-05-06",0
"2006-05-07",0
"2006-05-08",0
"2006-05-09",0
"2006-05-10",0
"2006-05-11",0
"2006-05-12",0
"2006-05-13",0
"2006-05-14",0
"2006-05-15",0
"2006-05-16",0
"2006-05-17",0
"2006-05-18",0
"2006-05-19",0
"2006-05-20",0
"2006-05-21",0
"2006-05-22",0
"2006-05-23",0
"2006-05-24",0
"2006-05-25",0
"2006-05-26",0
"2006-05-27",0
"2006-05-28",0
"2006-05-29",0
"2006-05-30",0
"2006-05-31",0
"2006-06-01",0
"2006-06-02",0
"2006-06-03",0
"2006-06-04",0
"2006-06-05",0
"2006-06-06",0
"2006-06-07",0
"2006-06-08",0
"2006-06-09",0
"2006-06-10",0
"2006-06-11",0
"2006-06-12",0
"2006-06-13",0
"2006-06-14",0
"2006-06-15",0
"2006-06-16",0
"2006-06-17",0
"2006-06-18",0
"2006-06-19",0
"2006-06-20",0
"2006-06-21",0
"2006-06-22",0
"2006-06-23",0
"2006-06-24",0
"2006-06-25",0
"2006-06-26",0
"2006-06-27",0
"2006-06-28",0
"2006-06-29",0
"2006-06-30",0
"2006-07-01",0
"2006-07-02",0
"2006-07-03",0
"2006-07-04",0
"2006-07-05",0
"2006-07-06",0
"2006-07-07",0
"2006-07-08",0
"2006-07-09",0
"2006-07-10",0
"2006-07-11",0
"2006-07-12",0
"2006-07-13",0
"2006-07-14",0
"2006-07-15",0
"2006-07-16",0
"2006-07-17",0
"2006-07-18",0
"2006-07-19",0
"2006-07-20",0
"2006-07-21",0
"2006-07-22",0
"2006-07-23",0
"2006-07-24",0
"2006-07-25",0
"2006-07-26",0
"2006-07-27",0
"2006-07-28",0
"2006-07-29",0
"2006-07-30",0
"2006-07-31",0
"2006-08-01",0
"2006-08-02",0
"2006-08-03",0
"2006-08-04",0
"2006-08-05",0
"2006-08-06",0
"2006-08-07",0
"2006-08-08",0
"2006-08-09",0
"2006-08-10",0
"2006-08-11",0
"2006-08-12",0
"2006-08-13",0
"2006-08-14",0
"2006-08-15",0
"2006-08-16",0
"2006-08-17",0
"2006-08-18",0
"2006-08-19",0
"2006-08-20",0
"2006-08-21",0
"2006-08-22",0
"2006-08-23",0
"2006-08-24",0
"2006-08-25",0
"2006-08-28",0
"2006-08-29",0
"2006-08-30",0
"2006-08-31",0
"2006-09-01",0
"2006-09-02",0
"2006-09-03",0
"2006-09-04",0
"2006-09-05",0
"2006-09-06",0
"2006-09-07",0
"2006-09-09",0
"2006-09-10",0
"2006-09-11",0
"2006-09-12",0
"2006-09-13",0
"2006-09-14",0
"2006-09-15",0
"2006-09-16",0
"2006-09-17",0
"2006-09-18",0
"2006-09-19",0
"2006-09-20",0
"2006-09-21",0
"2006-09-22",0
"2006-09-23",0
"2006-09-24",0
"2006-09-25",0
"2006-09-26",0
"2006-09-27",0
"2006-09-28",0
"2006-09-29",0
"2006-10-02",0
"2006-10-03",0
"2006-10-04",0
"2006-10-05",0
"2006-10-06",0
"2006-10-07",0
"2006-10-08",0
"2006-10-09",0
"2006-10-10",0
"2006-10-11",0
"2006-10-12",0
"2006-10-13",0
"2006-10-14",0
"2006-10-15",0
"2006-10-16",0
"2006-10-17",0
"2006-10-18",0
"2006-10-19",0
"2006-10-20",0
"2006-10-21",0
"2006-10-22",0
"2006-10-23",0
"2006-10-24",0
"2006-10-25",0
"2006-10-26",0
"2006-10-27",0
"2006-10-28",0
"2006-10-29",0
"2006-10-30",0
"2006-10-31",0
"2006-11-01",0
"2006-11-02",0
"2006-11-03",0
"2006-11-04",0
"2006-11-05",0
"2006-11-06",0
"2006-11-07",0
"2006-11-08",0
"2006-11-09",0
"2006-11-10",0
"2006-11-11",0
"2006-11-12",0
"2006-11-13",3
"2006-11-14",1
"2006-11-15",0
"2006-11-16",0
"2006-11-17",0
"2006-11-18",0
"2006-11-19",0
"2006-11-20",0
"2006-11-21",0
"2006-11-22",0
"2006-11-23",0
"2006-11-24",0
"2006-11-25",0
"2006-11-26",0
"2006-11-27",0
"2006-11-28",0
"2006-11-29",1
"2006-11-30",3
"2006-12-01",2
"2006-12-02",1
"2006-12-03",0
"2006-12-04",0
"2006-12-05",0
"2006-12-06",0
"2006-12-07",0
"2006-12-08",0
"2006-12-09",0
"2006-12-10",0
"2006-12-11",1
"2006-12-12",2
"2006-12-13",1
"2006-12-14",0
"2006-12-15",0
"2006-12-16",0
"2006-12-17",0
"2006-12-18",0
"2006-12-19",2
"2006-12-20",13
"2006-12-21",14
"2006-12-22",13
"2006-12-23",12
"2006-12-24",11
"2006-12-25",9
"2006-12-26",7
"2006-12-27",5
"2006-12-28",1
"2006-12-29",1
"2006-12-30",3
"2006-12-31",2
"2007-01-01",0
"2007-01-02",0
"2007-01-03",0
"2007-01-04",0
"2007-01-05",0
"2007-01-06",3
"2007-01-07",2
"2007-01-08",1
"2007-01-09",0
"2007-01-10",0
"2007-01-11",0
"2007-01-12",0
"2007-01-13",4
"2007-01-14",7
"2007-01-15",8
"2007-01-16",7
"2007-01-17",6
"2007-01-18",6
"2007-01-19",5
"2007-01-20",6
"2007-01-21",10
"2007-01-22",10
"2007-01-23",10
"2007-01-24",9
"2007-01-25",8
"2007-01-26",7
"2007-01-27",6
"2007-01-28",4
"2007-01-29",4
"2007-01-30",2
"2007-01-31",4
"2007-02-01",19
"2007-02-02",19
"2007-02-03",18
"2007-02-04",16
"2007-02-05",14
"2007-02-06",13
"2007-02-07",12
"2007-02-08",11
"2007-02-09",8
"2007-02-10",7
"2007-02-11",6
"2007-02-12",7
"2007-02-13",9
"2007-02-15",11
"2007-02-16",9
"2007-02-17",7
"2007-02-18",6
"2007-02-19",4
"2007-02-20",10
"2007-02-21",13
"2007-02-22",12
"2007-02-23",10
"2007-02-24",12
"2007-02-25",11
"2007-02-26",9
"2007-02-27",8
"2007-02-28",5
"2007-03-01",6
"2007-03-02",6
"2007-03-03",5
"2007-03-04",4
"2007-03-05",3
"2007-03-06",1
"2007-03-07",0
"2007-03-08",0
"2007-03-09",0
"2007-03-10",0
"2007-03-11",0
"2007-03-12",0
"2007-03-13",0
"2007-03-14",0
"2007-03-15",0
"2007-03-16",0
"2007-03-17",0
"2007-03-18",0
"2007-03-19",0
"2007-03-20",0
"2007-03-21",0
"2007-03-22",0
"2007-03-23",0
"2007-03-24",0
"2007-03-25",0
"2007-03-27",0
"2007-03-28",0
"2007-03-29",6
"2007-03-30",9
"2007-03-31",10
"2007-04-01",8
"2007-04-02",2
"2007-04-03",0
"2007-04-04",0
"2007-04-05",0
"2007-04-06",0
"2007-04-07",0
"2007-04-08",0
"2007-04-09",0
"2007-04-10",0
"2007-04-11",0
"2007-04-12",0
"2007-04-13",0
"2007-04-14",4
"2007-04-15",1
"2007-04-16",0
"2007-04-17",0
"2007-04-18",0
"2007-04-19",0
"2007-04-20",0
"2007-04-21",0
"2007-04-22",0
"2007-04-23",0
"2007-04-24",0
"2007-04-25",1
"2007-04-26",0
"2007-04-27",0
"2007-04-28",0
"2007-04-29",0
"2007-04-30",0
"2007-05-01",0
"2007-05-02",0
"2007-05-03",0
"2007-05-04",0
"2007-05-05",0
"2007-05-06",8
"2007-05-07",8
"2007-05-08",8
"2007-05-09",0
"2007-05-10",0
"2007-05-11",0
"2007-05-12",0
"2007-05-13",0
"2007-05-14",0
"2007-05-15",0
"2007-05-16",0
"2007-05-17",0
"2007-05-18",0
"2007-05-19",0
"2007-05-20",0
"2007-05-21",0
"2007-05-22",0
"2007-05-23",0
"2007-05-24",0
"2007-05-25",0
"2007-05-26",0
"2007-05-27",0
"2007-05-28",0
"2007-05-29",0
"2007-05-30",0
"2007-05-31",0
"2007-06-01",0
"2007-06-02",0
"2007-06-03",0
"2007-06-04",0
"2007-06-05",0
"2007-06-06",0
"2007-06-07",0
"2007-06-08",0
"2007-06-09",0
"2007-06-10",0
"2007-06-11",0
"2007-06-12",0
"2007-06-13",0
"2007-06-14",0
"2007-06-15",0
"2007-06-16",0
"2007-06-17",0
"2007-06-18",0
"2007-06-19",0
"2007-06-20",0
"2007-06-21",0
"2007-06-22",0
"2007-06-23",0
"2007-06-24",0
"2007-06-25",0
"2007-06-26",0
"2007-06-27",0
"2007-06-28",0
"2007-06-29",0
"2007-06-30",0
"2007-07-01",0
"2007-07-02",0
"2007-07-03",0
"2007-07-04",0
"2007-07-05",0
"2007-07-06",0
"2007-07-07",0
"2007-07-08",0
"2007-07-09",0
"2007-07-10",0
"2007-07-11",0
"2007-07-12",0
"2007-07-13",0
"2007-07-14",0
"2007-07-15",0
"2007-07-16",0
"2007-07-17",0
"2007-07-18",0
"2007-07-19",0
"2007-07-20",0
"2007-07-21",0
"2007-07-22",0
"2007-07-23",0
"2007-07-24",0
"2007-07-25",0
"2007-07-26",0
"2007-07-27",0
"2007-07-28",0
"2007-07-29",0
"2007-07-30",0
"2007-07-31",0
"2007-08-01",0
"2007-08-02",0
"2007-08-03",0
"2007-08-04",0
"2007-08-05",0
"2007-08-06",0
"2007-08-07",0
"2007-08-08",0
"2007-08-09",0
"2007-08-10",0
"2007-08-11",0
"2007-08-12",0
"2007-08-13",0
"2007-08-14",0
"2007-08-15",0
"2007-08-16",0
"2007-08-17",0
"2007-08-18",0
"2007-08-19",0
"2007-08-20",0
"2007-08-21",0
"2007-08-22",0
"2007-08-23",0
"2007-08-24",0
"2007-08-25",0
"2007-08-26",0
"2007-08-27",0
"2007-08-28",0
"2007-08-29",0
"2007-08-30",0
"2007-08-31",0
"2007-09-01",0
"2007-09-02",0
"2007-09-03",0
"2007-09-04",0
"2007-09-05",0
"2007-09-06",0
"2007-09-07",0
"2007-09-08",0
"2007-09-09",0
"2007-09-10",0
"2007-09-11",0
"2007-09-12",0
"2007-09-13",0
"2007-09-14",0
"2007-09-15",0
"2007-09-16",0
"2007-09-17",0
"2007-09-18",0
"2007-09-19",0
"2007-09-20",0
"2007-09-21",0
"2007-09-22",0
"2007-09-23",0
"2007-09-24",0
"2007-09-25",0
"2007-09-26",0
"2007-09-27",0
"2007-09-28",0
"2007-09-29",0
"2007-09-30",0
"2007-10-01",0
"2007-10-02",0
"2007-10-03",0
"2007-10-04",0
"2007-10-05",0
"2007-10-06",0
"2007-10-07",0
"2007-10-08",0
"2007-10-09",0
"2007-10-10",0
"2007-10-11",0
"2007-10-12",0
"2007-10-13",0
"2007-10-14",0
"2007-10-15",0
"2007-10-16",0
"2007-10-17",0
"2007-10-18",0
"2007-10-19",0
"2007-10-20",0
"2007-10-21",0
"2007-10-22",0
"2007-10-23",0
"2007-10-24",0
"2007-10-25",0
"2007-10-26",0
"2007-10-27",0
"2007-10-28",0
"2007-10-29",0
"2007-10-30",0
"2007-10-31",0
"2007-11-01",0
"2007-11-02",0
"2007-11-03",0
"2007-11-04",0
"2007-11-05",0
"2007-11-06",0
"2007-11-07",0
"2007-11-08",0
"2007-11-09",0
"2007-11-10",0
"2007-11-11",0
"2007-11-12",0
"2007-11-13",0
"2007-11-14",0
"2007-11-15",0
"2007-11-16",0
"2007-11-17",0
"2007-11-18",0
"2007-11-19",0
"2007-11-20",0
"2007-11-21",0
"2007-11-22",0
"2007-11-23",0
"2007-11-24",0
"2007-11-25",0
"2007-11-26",0
"2007-11-27",0
"2007-11-28",0
"2007-11-29",0
"2007-11-30",0
"2007-12-01",0
"2007-12-02",0
"2007-12-03",1
"2007-12-04",0
"2007-12-05",0
"2007-12-06",0
"2007-12-07",0
"2007-12-08",0
"2007-12-09",18
"2007-12-10",18
"2007-12-11",36
"2007-12-12",43
"2007-12-13",43
"2007-12-14",42
"2007-12-15",44
"2007-12-16",43
"2007-12-17",42
"2007-12-18",41
"2007-12-19",40
"2007-12-20",39
"2007-12-21",38
"2007-12-22",41
"2007-12-23",40
"2007-12-24",38
"2007-12-25",37
"2007-12-26",37
"2007-12-27",36
"2007-12-28",36
"2007-12-29",36
"2007-12-30",35
"2007-12-31",35
"2008-01-01",33
"2008-01-02",32
"2008-01-03",30
"2008-01-04",28
"2008-01-05",27
"2008-01-06",30
"2008-01-07",46
"2008-01-08",79
"2008-01-09",79
"2008-01-10",82
"2008-01-11",80
"2008-01-12",79
"2008-01-13",78
"2008-01-14",77
"2008-01-15",76
"2008-01-16",74
"2008-01-17",74
"2008-01-18",73
"2008-01-19",72
"2008-01-20",71
"2008-01-21",69
"2008-01-22",67
"2008-01-23",66
"2008-01-24",66
"2008-01-25",68
"2008-01-26",70
"2008-01-27",69
"2008-01-28",73
"2008-01-29",91
"2008-01-30",90
"2008-01-31",94
"2008-02-01",94
"2008-02-02",93
"2008-02-03",94
"2008-02-04",107
"2008-02-05",115
"2008-02-06",114
"2008-02-07",114
"2008-02-08",112
"2008-02-09",110
"2008-02-10",109
"2008-02-11",108
"2008-02-12",106
"2008-02-13",105
"2008-02-14",102
"2008-02-15",111
"2008-02-16",116
"2008-02-17",115
"2008-02-18",113
"2008-02-19",111
"2008-02-20",109
"2008-02-21",110
"2008-02-22",115
"2008-02-23",128
"2008-02-24",137
"2008-02-25",142
"2008-02-26",145
"2008-02-27",143
"2008-02-28",142
"2008-02-29",140
"2008-03-01",139
"2008-03-02",135
"2008-03-03",134
"2008-03-04",134
"2008-03-05",131
"2008-03-06",130
"2008-03-07",129
"2008-03-08",128
"2008-03-09",127
"2008-03-10",126
"2008-03-11",125
"2008-03-12",124
"2008-03-14",118
"2008-03-15",116
"2008-03-16",114
"2008-03-17",113
"2008-03-18",113
"2008-03-19",112
"2008-03-20",111
"2008-03-21",107
"2008-03-22",106
"2008-03-23",104
"2008-03-24",103
"2008-03-25",100
"2008-03-26",96
"2008-03-27",90
"2008-03-28",81
"2008-03-29",76
"2008-03-30",70
"2008-03-31",61
"2008-04-01",58
"2008-04-02",56
"2008-04-03",52
"2008-04-04",50
"2008-04-05",49
"2008-04-06",46
"2008-04-07",41
"2008-04-08",37
"2008-04-09",34
"2008-04-10",36
"2008-04-11",39
"2008-04-12",37
"2008-04-13",36
"2008-04-14",33
"2008-04-15",19
"2008-04-16",0
"2008-04-17",0
"2008-04-18",0
"2008-04-19",0
"2008-04-20",0
"2008-04-21",0
"2008-04-22",0
"2008-04-23",0
"2008-04-24",0
"2008-04-25",0
"2008-04-26",0
"2008-04-27",0
"2008-04-28",0
"2008-04-29",0
"2008-04-30",0
"2008-05-01",0
"2008-05-02",0
"2008-05-03",0
"2008-05-04",0
"2008-05-05",0
"2008-05-06",0
"2008-05-07",0
"2008-05-08",0
"2008-05-09",0
"2008-05-10",0
"2008-05-11",0
"2008-05-12",0
"2008-05-13",0
"2008-05-14",0
"2008-05-15",0
"2008-05-16",0
"2008-05-17",0
"2008-05-18",0
"2008-05-19",0
"2008-05-20",0
"2008-05-21",0
"2008-05-22",0
"2008-05-23",0
"2008-05-24",2
"2008-05-25",2
"2008-05-26",0
"2008-05-27",0
"2008-05-28",0
"2008-05-29",0
"2008-05-30",0
"2008-05-31",0
"2008-06-01",0
"2008-06-02",0
"2008-06-03",0
"2008-06-04",0
"2008-06-05",0
"2008-06-06",0
"2008-06-07",0
"2008-06-08",0
"2008-06-09",0
"2008-06-10",0
"2008-06-11",0
"2008-06-12",0
"2008-06-14",0
"2008-06-15",0
"2008-06-16",0
"2008-06-17",0
"2008-06-19",0
"2008-06-20",0
"2008-06-21",0
"2008-06-22",0
"2008-06-23",0
"2008-06-24",0
"2008-06-25",0
"2008-06-26",0
"2008-06-27",0
"2008-06-28",0
"2008-06-29",0
"2008-06-30",0
"2008-07-01",0
"2008-07-02",0
"2008-07-03",0
"2008-07-04",0
"2008-07-05",0
"2008-07-06",0
"2008-07-07",0
"2008-07-08",0
"2008-07-09",0
"2008-07-10",0
"2008-07-11",0
"2008-07-12",0
"2008-07-13",0
"2008-07-14",0
"2008-07-15",0
"2008-07-16",0
"2008-07-17",0
"2008-07-18",0
"2008-07-19",0
"2008-07-20",0
"2008-07-21",0
"2008-07-22",0
"2008-07-23",0
"2008-07-24",0
"2008-07-25",0
"2008-07-26",0
"2008-07-27",0
"2008-07-28",0
"2008-07-29",0
"2008-07-30",0
"2008-07-31",0
"2008-08-01",0
"2008-08-02",0
"2008-08-03",0
"2008-08-04",0
"2008-08-05",0
"2008-08-06",0
"2008-08-07",0
"2008-08-08",0
"2008-08-09",0
"2008-08-10",0
"2008-08-11",0
"2008-08-12",0
"2008-08-13",0
"2008-08-14",0
"2008-08-15",0
"2008-08-16",0
"2008-08-17",0
"2008-08-18",0
"2008-08-19",0
"2008-08-20",0
"2008-08-21",0
"2008-08-22",0
"2008-08-23",0
"2008-08-24",0
"2008-08-25",0
"2008-08-26",0
"2008-08-27",0
"2008-08-28",0
"2008-08-29",0
"2008-08-30",0
"2008-08-31",0
"2008-09-01",0
"2008-09-02",0
"2008-09-03",0
"2008-09-04",0
"2008-09-05",0
"2008-09-06",0
"2008-09-07",0
"2008-09-08",0
"2008-09-09",0
"2008-09-10",0
"2008-09-11",0
"2008-09-12",0
"2008-09-13",0
"2008-09-14",0
"2008-09-15",0
"2008-09-16",0
"2008-09-17",0
"2008-09-18",0
"2008-09-19",0
"2008-09-20",0
"2008-09-21",0
"2008-09-22",0
"2008-09-23",0
"2008-09-24",0
"2008-09-25",0
"2008-09-26",0
"2008-09-27",0
"2008-09-28",0
"2008-09-29",0
"2008-09-30",0
"2008-10-01",0
"2008-10-02",0
"2008-10-03",0
"2008-10-04",0
"2008-10-05",0
"2008-10-06",0
"2008-10-07",0
"2008-10-08",0
"2008-10-09",0
"2008-10-10",0
"2008-10-11",0
"2008-10-12",0
"2008-10-13",0
"2008-10-14",0
"2008-10-15",0
"2008-10-16",0
"2008-10-17",0
"2008-10-18",0
"2008-10-19",0
"2008-10-20",0
"2008-10-21",0
"2008-10-22",0
"2008-10-23",0
"2008-10-24",0
"2008-10-25",0
"2008-10-26",0
"2008-10-27",0
"2008-10-28",0
"2008-10-29",0
"2008-10-30",0
"2008-10-31",0
"2008-11-01",0
"2008-11-02",0
"2008-11-03",0
"2008-11-04",0
"2008-11-05",0
"2008-11-06",4
"2008-11-07",2
"2008-11-08",0
"2008-11-09",0
"2008-11-10",0
"2008-11-11",1
"2008-11-12",0
"2008-11-13",0
"2008-11-14",0
"2008-11-15",0
"2008-11-16",0
"2008-11-17",0
"2008-11-18",0
"2008-11-19",0
"2008-11-20",0
"2008-11-21",0
"2008-11-22",0
"2008-11-23",0
"2008-11-24",0
"2008-11-25",0
"2008-11-26",0
"2008-11-27",0
"2008-11-28",3
"2008-11-29",5
"2008-11-30",4
"2008-12-01",1
"2008-12-02",0
"2008-12-03",0
"2008-12-04",0
"2008-12-05",0
"2008-12-06",0
"2008-12-07",0
"2008-12-08",0
"2008-12-09",4
"2008-12-10",4
"2008-12-11",2
"2008-12-12",0
"2008-12-13",0
"2008-12-14",0
"2008-12-15",11
"2008-12-16",14
"2008-12-17",40
"2008-12-18",43
"2008-12-19",49
"2008-12-20",48
"2008-12-21",47
"2008-12-22",46
"2008-12-23",54
"2008-12-24",68
"2008-12-25",68
"2008-12-26",80
"2008-12-27",94
"2008-12-28",93
"2008-12-29",92
"2008-12-30",91
"2008-12-31",90
"2009-01-01",88
"2009-01-02",86
"2009-01-03",85
"2009-01-04",88
"2009-01-05",93
"2009-01-06",96
"2009-01-07",95
"2009-01-08",93
"2009-01-09",92
"2009-01-10",90
"2009-01-11",88
"2009-01-12",86
"2009-01-13",83
"2009-01-14",81
"2009-01-15",79
"2009-01-16",77
"2009-01-17",77
"2009-01-18",76
"2009-01-19",75
"2009-01-20",74
"2009-01-21",73
"2009-01-22",72
"2009-01-23",71
"2009-01-24",73
"2009-01-25",71
"2009-01-26",70
"2009-01-27",75
"2009-01-28",74
"2009-01-29",72
"2009-01-30",70
"2009-01-31",68
"2009-02-01",67
"2009-02-02",65
"2009-02-03",63
"2009-02-04",61
"2009-02-05",60
"2009-02-06",57
"2009-02-07",55
"2009-02-08",53
"2009-02-09",53
"2009-02-10",71
"2009-02-11",86
"2009-02-12",85
"2009-02-13",84
"2009-02-14",83
"2009-02-15",83
"2009-02-16",82
"2009-02-17",79
"2009-02-18",79
"2009-02-19",78
"2009-02-20",77
"2009-02-21",75
"2009-02-22",74
"2009-02-23",71
"2009-02-24",50
"2009-02-25",42
"2009-02-26",29
"2009-02-27",22
"2009-02-28",18
"2009-03-01",17
"2009-03-02",14
"2009-03-03",0
"2009-03-04",0
"2009-03-05",0
"2009-03-06",0
"2009-03-07",0
"2009-03-08",2
"2009-03-09",0
"2009-03-10",0
"2009-03-11",0
"2009-03-12",0
"2009-03-13",0
"2009-03-14",7
"2009-03-15",8
"2009-03-16",6
"2009-03-17",4
"2009-03-18",0
"2009-03-19",0
"2009-03-20",0
"2009-03-21",0
"2009-03-22",0
"2009-03-23",3
"2009-03-24",4
"2009-03-25",3
"2009-03-26",1
"2009-03-27",8
"2009-03-28",7
"2009-03-29",5
"2009-03-30",2
"2009-03-31",5
"2009-04-01",3
"2009-04-02",1
"2009-04-03",0
"2009-04-04",5
"2009-04-05",10
"2009-04-06",9
"2009-04-07",8
"2009-04-08",2
"2009-04-09",0
"2009-04-10",0
"2009-04-11",0
"2009-04-12",0
"2009-04-13",0
"2009-04-14",0
"2009-04-15",0
"2009-04-16",2
"2009-04-17",2
"2009-04-18",3
"2009-04-19",0
"2009-04-20",0
"2009-04-21",0
"2009-04-22",0
"2009-04-23",0
"2009-04-24",0
"2009-04-25",0
"2009-04-26",0
"2009-04-27",0
"2009-04-28",0
"2009-04-29",0
"2009-04-30",0
"2009-05-01",0
"2009-05-02",0
"2009-05-03",0
"2009-05-04",0
"2009-05-05",0
"2009-05-06",0
"2009-05-07",0
"2009-05-08",0
"2009-05-09",0
"2009-05-10",0
"2009-05-11",0
"2009-05-12",0
"2009-05-13",0
"2009-05-14",0
"2009-05-15",0
"2009-05-16",0
"2009-05-17",0
"2009-05-18",0
"2009-05-19",0
"2009-05-20",0
"2009-05-21",0
"2009-05-22",0
"2009-05-23",0
"2009-05-24",0
"2009-05-25",0
"2009-05-26",0
"2009-05-27",0
"2009-05-28",0
"2009-05-29",0
"2009-05-30",0
"2009-05-31",0
"2009-06-01",0
"2009-06-02",0
"2009-06-03",0
"2009-06-04",0
"2009-06-05",0
"2009-06-06",0
"2009-06-07",0
"2009-06-08",0
"2009-06-09",0
"2009-06-10",0
"2009-06-11",0
"2009-06-12",0
"2009-06-13",0
"2009-06-14",0
"2009-06-15",0
"2009-06-16",0
"2009-06-17",0
"2009-06-18",0
"2009-06-19",0
"2009-06-20",0
"2009-06-21",0
"2009-06-22",0
"2009-06-23",0
"2009-06-24",0
"2009-06-25",0
"2009-06-26",0
"2009-06-27",0
"2009-06-28",0
"2009-06-29",0
"2009-06-30",0
"2009-07-01",0
"2009-07-02",0
"2009-07-03",0
"2009-07-04",0
"2009-07-05",0
"2009-07-06",0
"2009-07-07",0
"2009-07-08",0
"2009-07-09",0
"2009-07-10",0
"2009-07-11",0
"2009-07-12",0
"2009-07-13",0
"2009-07-14",0
"2009-07-15",0
"2009-07-16",0
"2009-07-17",0
"2009-07-18",0
"2009-07-19",0
"2009-07-20",0
"2009-07-21",0
"2009-07-22",0
"2009-07-23",0
"2009-07-24",0
"2009-07-25",0
"2009-07-26",0
"2009-07-27",0
"2009-07-28",0
"2009-07-29",0
"2009-07-30",0
"2009-07-31",0
"2009-08-01",0
"2009-08-02",0
"2009-08-03",0
"2009-08-04",0
"2009-08-05",0
"2009-08-06",0
"2009-08-07",0
"2009-08-08",0
"2009-08-09",0
"2009-08-10",0
"2009-08-11",0
"2009-08-12",0
"2009-08-13",0
"2009-08-14",0
"2009-08-15",0
"2009-08-16",0
"2009-08-17",0
"2009-08-18",0
"2009-08-19",0
"2009-08-21",0
"2009-08-22",0
"2009-08-23",0
"2009-08-24",0
"2009-08-25",0
"2009-08-26",0
"2009-08-27",0
"2009-08-28",0
"2009-08-29",0
"2009-08-30",0
"2009-08-31",0
"2009-09-01",0
"2009-09-02",0
"2009-09-03",0
"2009-09-04",0
"2009-09-05",0
"2009-09-06",0
"2009-09-07",0
"2009-09-08",0
"2009-09-09",0
"2009-09-10",0
"2009-09-11",0
"2009-09-12",0
"2009-09-13",0
"2009-09-14",0
"2009-09-15",0
"2009-09-16",0
"2009-09-17",0
"2009-09-18",0
"2009-09-19",0
"2009-09-20",0
"2009-09-21",0
"2009-09-22",0
"2009-09-23",0
"2009-09-24",0
"2009-09-25",0
"2009-09-26",0
"2009-09-27",0
"2009-09-28",0
"2009-09-29",0
"2009-09-30",0
"2009-10-01",0
"2009-10-02",0
"2009-10-03",0
"2009-10-04",0
"2009-10-05",0
"2009-10-06",0
"2009-10-07",0
"2009-10-08",0
"2009-10-09",0
"2009-10-10",0
"2009-10-11",0
"2009-10-12",0
"2009-10-13",0
"2009-10-14",0
"2009-10-15",0
"2009-10-16",0
"2009-10-17",0
"2009-10-18",0
"2009-10-19",0
"2009-10-20",0
"2009-10-21",0
"2009-10-22",0
"2009-10-23",0
"2009-10-24",0
"2009-10-25",0
"2009-10-26",0
"2009-10-27",0
"2009-10-28",3
"2009-10-29",7
"2009-10-30",9
"2009-10-31",7
"2009-11-01",5
"2009-11-02",0
"2009-11-03",0
"2009-11-04",0
"2009-11-05",0
"2009-11-06",0
"2009-11-07",0
"2009-11-08",0
"2009-11-09",0
"2009-11-10",0
"2009-11-11",0
"2009-11-12",0
"2009-11-13",0
"2009-11-14",0
"2009-11-15",0
"2009-11-16",2
"2009-11-17",2
"2009-11-18",1
"2009-11-19",0
"2009-11-20",0
"2009-11-21",0
"2009-11-22",0
"2009-11-23",0
"2009-11-24",0
"2009-11-25",0
"2009-11-26",0
"2009-11-27",0
"2009-11-28",0
"2009-11-29",0
"2009-11-30",0
"2009-12-01",0
"2009-12-02",0
"2009-12-03",0
"2009-12-04",0
"2009-12-05",0
"2009-12-06",0
"2009-12-07",0
"2009-12-08",13
"2009-12-09",22
"2009-12-10",21
"2009-12-11",21
"2009-12-12",20
"2009-12-13",21
"2009-12-14",25
"2009-12-15",24
"2009-12-16",23
"2009-12-17",22
"2009-12-18",20
"2009-12-19",19
"2009-12-20",18
"2009-12-21",16
"2009-12-22",15
"2009-12-23",22
"2009-12-24",26
"2009-12-25",25
"2009-12-26",24
"2009-12-27",24
"2009-12-28",24
"2009-12-29",23
"2009-12-30",28
"2009-12-31",45
"2010-01-01",43
"2010-01-02",41
"2010-01-03",40
"2010-01-04",39
"2010-01-05",38
"2010-01-06",37
"2010-01-07",35
"2010-01-08",33
"2010-01-09",32
"2010-01-10",30
"2010-01-11",30
"2010-01-12",29
"2010-01-13",27
"2010-01-14",27
"2010-01-15",30
"2010-01-16",29
"2010-01-17",27
"2010-01-18",26
"2010-01-19",35
"2010-01-20",41
"2010-01-21",48
"2010-01-22",80
"2010-01-23",100
"2010-01-24",104
"2010-01-25",104
"2010-01-26",303
"2010-01-27",302
"2010-01-28",304
"2010-01-29",315
"2010-01-30",315
"2010-01-31",315
"2010-02-01",314
"2010-02-02",314
"2010-02-03",313
"2010-02-04",318
"2010-02-05",318
"2010-02-06",326
"2010-02-07",326
"2010-02-08",336
"2010-02-09",337
"2010-02-10",338
"2010-02-11",338
"2010-02-12",337
"2010-02-13",372
"2010-02-14",370
"2010-02-15",368
"2010-02-16",367
"2010-02-17",367
"2010-02-18",366
"2010-02-19",364
"2010-02-20",363
"2010-02-21",363
"2010-02-22",375
"2010-02-23",387
"2010-02-24",444
"2010-02-25",446
"2010-02-26",445
"2010-02-27",444
"2010-02-28",442
"2010-03-01",442
"2010-03-02",476
"2010-03-03",475
"2010-03-04",474
"2010-03-05",472
"2010-03-06",483
"2010-03-07",482
"2010-03-08",486
"2010-03-09",486
"2010-03-10",495
"2010-03-11",500
"2010-03-12",530
"2010-03-13",528
"2010-03-14",526
"2010-03-15",528
"2010-03-16",528
"2010-03-17",527
"2010-03-18",524
"2010-03-19",522
"2010-03-20",522
"2010-03-21",521
"2010-03-22",519
"2010-03-23",517
"2010-03-24",515
"2010-03-25",526
"2010-03-26",524
"2010-03-27",526
"2010-03-28",524
"2010-03-29",522
"2010-03-30",519
"2010-03-31",513
"2010-04-01",501
"2010-04-02",507
"2010-04-03",507
"2010-04-04",505
"2010-04-05",501
"2010-04-06",496
"2010-04-07",449
"2010-04-08",447
"2010-04-09",446
"2010-04-10",442
"2010-04-11",433
"2010-04-12",425
"2010-04-13",411
"2010-04-14",405
"2010-04-15",363
"2010-04-16",348
"2010-04-17",325
"2010-04-18",309
"2010-04-19",292
"2010-04-20",223
"2010-04-21",201
"2010-04-22",172
"2010-04-23",171
"2010-04-24",166
"2010-04-25",158
"2010-04-26",146
"2010-04-27",132
"2010-04-28",105
"2010-04-29",60
"2010-04-30",54
"2010-05-01",53
"2010-05-02",54
"2010-05-03",57
"2010-05-04",54
"2010-05-05",31
"2010-05-06",0
"2010-05-07",0
"2010-05-08",0
"2010-05-09",0
"2010-05-10",0
"2010-05-11",0
"2010-05-12",0
"2010-05-13",0
"2010-05-14",0
"2010-05-15",0
"2010-05-16",0
"2010-05-17",0
"2010-05-18",0
"2010-05-19",0
"2010-05-20",0
"2010-05-21",0
"2010-05-22",0
"2010-05-23",0
"2010-05-24",0
"2010-05-25",0
"2010-05-26",0
"2010-05-27",0
"2010-05-28",0
"2010-05-29",0
"2010-05-30",0
"2010-05-31",0
"2010-06-01",0
"2010-06-02",0
"2010-06-03",0
"2010-06-04",0
"2010-06-05",0
"2010-06-06",0
"2010-06-07",0
"2010-06-08",0
"2010-06-09",0
"2010-06-10",0
"2010-06-11",0
"2010-06-12",0
"2010-06-13",0
"2010-06-14",0
"2010-06-15",0
"2010-06-16",0
"2010-06-17",0
"2010-06-18",0
"2010-06-19",0
"2010-06-20",0
"2010-06-21",0
"2010-06-22",0
"2010-06-23",0
"2010-06-24",0
"2010-06-25",0
"2010-06-26",0
"2010-06-27",0
"2010-06-28",0
"2010-06-29",0
"2010-06-30",0
"2010-07-01",0
"2010-07-02",0
"2010-07-03",0
"2010-07-04",0
"2010-07-05",0
"2010-07-06",0
"2010-07-07",0
"2010-07-08",0
"2010-07-09",0
"2010-07-10",0
"2010-07-11",0
"2010-07-12",0
"2010-07-13",0
"2010-07-14",0
"2010-07-15",0
"2010-07-16",0
"2010-07-17",0
"2010-07-18",0
"2010-07-19",0
"2010-07-20",0
"2010-07-21",0
"2010-07-22",0
"2010-07-23",0
"2010-07-24",0
"2010-07-25",0
"2010-07-26",0
"2010-07-27",0
"2010-07-28",0
"2010-07-29",0
"2010-07-30",0
"2010-07-31",0
"2010-08-01",0
"2010-08-02",0
"2010-08-03",0
"2010-08-04",0
"2010-08-05",0
"2010-08-06",0
"2010-08-07",0
"2010-08-08",0
"2010-08-09",0
"2010-08-10",0
"2010-08-11",0
"2010-08-12",0
"2010-08-13",0
"2010-08-14",0
"2010-08-15",0
"2010-08-16",0
"2010-08-17",0
"2010-08-18",0
"2010-08-19",0
"2010-08-20",0
"2010-08-21",0
"2010-08-22",0
"2010-08-23",0
"2010-08-24",0
"2010-08-25",0
"2010-08-26",0
"2010-08-27",0
"2010-08-28",0
"2010-08-29",0
"2010-08-30",0
"2010-08-31",0
"2010-09-01",0
"2010-09-02",0
"2010-09-03",0
"2010-09-04",0
"2010-09-05",0
"2010-09-06",0
"2010-09-07",0
"2010-09-08",0
"2010-09-09",0
"2010-09-10",0
"2010-09-11",0
"2010-09-12",0
"2010-09-13",0
"2010-09-14",0
"2010-09-15",0
"2010-09-16",0
"2010-09-17",0
"2010-09-18",0
"2010-09-19",0
"2010-09-20",0
"2010-09-21",0
"2010-09-22",0
"2010-09-23",0
"2010-09-24",0
"2010-09-25",0
"2010-09-26",0
"2010-09-27",0
"2010-09-28",0
"2010-09-29",0
"2010-09-30",0
"2010-10-01",0
"2010-10-02",0
"2010-10-03",0
"2010-10-04",0
"2010-10-05",0
"2010-10-06",0
"2010-10-07",0
"2010-10-08",0
"2010-10-09",0
"2010-10-10",0
"2010-10-11",0
"2010-10-12",0
"2010-10-13",0
"2010-10-14",0
"2010-10-15",0
"2010-10-16",0
"2010-10-17",0
"2010-10-18",0
"2010-10-19",0
"2010-10-20",0
"2010-10-21",0
"2010-10-22",0
"2010-10-23",0
"2010-10-24",0
"2010-10-25",0
"2010-10-26",0
"2010-10-27",0
"2010-10-28",0
"2010-10-29",0
"2010-10-30",0
"2010-10-31",0
"2010-11-01",0
"2010-11-02",0
"2010-11-03",0
"2010-11-04",0
"2010-11-05",0
"2010-11-06",0
"2010-11-07",0
"2010-11-08",0
"2010-11-09",0
"2010-11-10",1
"2010-11-11",0
"2010-11-12",0
"2010-11-13",0
"2010-11-14",0
"2010-11-15",0
"2010-11-16",0
"2010-11-17",0
"2010-11-18",0
"2010-11-19",0
"2010-11-20",0
"2010-11-21",0
"2010-11-22",5
"2010-11-23",13
"2010-11-24",12
"2010-11-25",17
"2010-11-26",16
"2010-11-27",15
"2010-11-28",13
"2010-11-29",15
"2010-11-30",15
"2010-12-01",14
"2010-12-02",13
"2010-12-03",12
"2010-12-04",7
"2010-12-05",5
"2010-12-06",4
"2010-12-07",21
"2010-12-08",19
"2010-12-09",18
"2010-12-10",17
"2010-12-11",16
"2010-12-12",14
"2010-12-13",12
"2010-12-14",9
"2010-12-15",1
"2010-12-16",2
"2010-12-17",17
"2010-12-18",19
"2010-12-19",43
"2010-12-20",53
"2010-12-21",52
"2010-12-22",54
"2010-12-23",54
"2010-12-24",56
"2010-12-25",56
"2010-12-26",55
"2010-12-27",53
"2010-12-28",65
"2010-12-29",64
"2010-12-30",81
"2010-12-31",98
"2011-01-01",100
"2011-01-02",100
"2011-01-03",99
"2011-01-04",98
"2011-01-05",117
"2011-01-06",116
"2011-01-07",114
"2011-01-08",114
"2011-01-09",113
"2011-01-10",113
"2011-01-11",114
"2011-01-12",114
"2011-01-13",113
"2011-01-14",112
"2011-01-15",109
"2011-01-16",107
"2011-01-17",105
"2011-01-18",103
"2011-01-19",115
"2011-01-20",113
"2011-01-21",111
"2011-01-22",109
"2011-01-23",108
"2011-01-24",106
"2011-01-25",104
"2011-01-26",101
"2011-01-27",100
"2011-01-28",98
"2011-01-29",98
"2011-01-30",96
"2011-01-31",94
"2011-02-01",95
"2011-02-02",94
"2011-02-03",102
"2011-02-04",101
"2011-02-05",98
"2011-02-06",96
"2011-02-07",94
"2011-02-08",92
"2011-02-09",95
"2011-02-10",105
"2011-02-11",104
"2011-02-12",103
"2011-02-13",102
"2011-02-14",101
"2011-02-15",98
"2011-02-16",96
"2011-02-17",92
"2011-02-18",91
"2011-02-19",88
"2011-02-20",96
"2011-02-21",103
"2011-02-22",103
"2011-02-23",122
"2011-02-24",121
"2011-02-25",121
"2011-02-26",120
"2011-02-27",117
"2011-02-28",116
"2011-03-01",116
"2011-03-02",114
"2011-03-03",119
"2011-03-04",116
"2011-03-05",114
"2011-03-06",113
"2011-03-07",111
"2011-03-08",114
"2011-03-09",117
"2011-03-10",115
"2011-03-11",114
"2011-03-12",109
"2011-03-13",101
"2011-03-14",94
"2011-03-15",89
"2011-03-16",80
"2011-03-17",70
"2011-03-18",50
"2011-03-19",42
"2011-03-20",31
"2011-03-21",25
"2011-03-22",25
"2011-03-23",30
"2011-03-24",29
"2011-03-25",26
"2011-03-26",26
"2011-03-27",29
"2011-03-28",29
"2011-03-29",25
"2011-03-30",23
"2011-03-31",21
"2011-04-01",4
"2011-04-02",0
"2011-04-03",0
"2011-04-04",0
"2011-04-05",0
"2011-04-06",0
"2011-04-07",0
"2011-04-08",0
"2011-04-09",0
"2011-04-10",4
"2011-04-11",4
"2011-04-12",0
"2011-04-13",0
"2011-04-14",0
"2011-04-15",0
"2011-04-16",0
"2011-04-17",0
"2011-04-18",0
"2011-04-19",0
"2011-04-20",0
"2011-04-21",0
"2011-04-22",0
"2011-04-23",0
"2011-04-24",0
"2011-04-25",0
"2011-04-26",0
"2011-04-27",0
"2011-04-28",0
"2011-04-29",0
"2011-04-30",0
"2011-05-01",0
"2011-05-02",0
"2011-05-03",0
"2011-05-04",0
"2011-05-05",0
"2011-05-06",0
"2011-05-07",0
"2011-05-08",0
"2011-05-09",0
"2011-05-10",0
"2011-05-11",0
"2011-05-12",1
"2011-05-13",0
"2011-05-14",0
"2011-05-15",0
"2011-05-16",0
"2011-05-17",0
"2011-05-18",0
"2011-05-19",0
"2011-05-20",3
"2011-05-21",0
"2011-05-22",0
"2011-05-23",0
"2011-05-24",0
"2011-05-25",0
"2011-05-26",0
"2011-05-27",0
"2011-05-28",0
"2011-05-29",0
"2011-05-30",0
"2011-05-31",0
"2011-06-01",0
"2011-06-02",0
"2011-06-03",0
"2011-06-04",0
"2011-06-05",0
"2011-06-06",0
"2011-06-07",0
"2011-06-08",0
"2011-06-09",0
"2011-06-10",0
"2011-06-11",0
"2011-06-12",0
"2011-06-13",0
"2011-06-14",0
"2011-06-15",0
"2011-06-16",0
"2011-06-17",0
"2011-06-18",0
"2011-06-19",0
"2011-06-20",0
"2011-06-21",0
"2011-06-22",0
"2011-06-23",0
"2011-06-24",0
"2011-06-25",0
"2011-06-26",0
"2011-06-27",0
"2011-06-28",0
"2011-06-29",0
"2011-06-30",0
"2011-07-01",0
"2011-07-02",0
"2011-07-03",0
"2011-07-04",0
"2011-07-05",0
"2011-07-06",0
"2011-07-07",0
"2011-07-08",0
"2011-07-09",0
"2011-07-10",0
"2011-07-11",0
"2011-07-12",0
"2011-07-13",0
"2011-07-14",0
"2011-07-15",0
"2011-07-16",0
"2011-07-17",0
"2011-07-18",0
"2011-07-19",0
"2011-07-20",0
"2011-07-21",0
"2011-07-22",0
"2011-07-23",0
"2011-07-24",0
"2011-07-25",0
"2011-07-26",0
"2011-07-27",0
"2011-07-28",0
"2011-07-29",0
"2011-07-30",0
"2011-07-31",0
"2011-08-01",0
"2011-08-02",0
"2011-08-03",0
"2011-08-04",0
"2011-08-05",0
"2011-08-06",0
"2011-08-07",0
"2011-08-08",0
"2011-08-09",0
"2011-08-10",0
"2011-08-11",0
"2011-08-12",0
"2011-08-13",0
"2011-08-14",0
"2011-08-15",0
"2011-08-16",0
"2011-08-17",0
"2011-08-18",0
"2011-08-19",0
"2011-08-20",0
"2011-08-21",0
"2011-08-22",0
"2011-08-23",0
"2011-08-24",0
"2011-08-25",0
"2011-08-26",0
"2011-08-27",0
"2011-08-28",0
"2011-08-29",0
"2011-08-30",0
"2011-08-31",0
"2011-09-01",0
"2011-09-02",0
"2011-09-03",0
"2011-09-04",0
"2011-09-05",0
"2011-09-06",0
"2011-09-07",0
"2011-09-08",0
"2011-09-09",0
"2011-09-10",0
"2011-09-11",0
"2011-09-12",0
"2011-09-13",0
"2011-09-14",0
"2011-09-15",0
"2011-09-16",0
"2011-09-17",0
"2011-09-18",0
"2011-09-19",0
"2011-09-20",0
"2011-09-21",0
"2011-09-22",0
"2011-09-23",0
"2011-09-24",0
"2011-09-25",0
"2011-09-26",0
"2011-09-27",0
"2011-09-28",0
"2011-09-29",0
"2011-09-30",0
"2011-10-01",0
"2011-10-02",0
"2011-10-03",0
"2011-10-04",0
"2011-10-05",0
"2011-10-06",0
"2011-10-07",0
"2011-10-08",3
"2011-10-09",2
"2011-10-10",2
"2011-10-11",0
"2011-10-12",0
"2011-10-13",0
"2011-10-14",0
"2011-10-15",0
"2011-10-16",0
"2011-10-17",0
"2011-10-18",0
"2011-10-19",0
"2011-10-20",0
"2011-10-21",0
"2011-10-22",0
"2011-10-23",0
"2011-10-24",0
"2011-10-25",0
"2011-10-26",0
"2011-10-27",0
"2011-10-28",0
"2011-10-29",0
"2011-10-30",0
"2011-10-31",0
"2011-11-01",0
"2011-11-02",0
"2011-11-03",0
"2011-11-04",0
"2011-11-05",0
"2011-11-06",4
"2011-11-07",4
"2011-11-08",8
"2011-11-09",11
"2011-11-10",10
"2011-11-11",9
"2011-11-12",8
"2011-11-13",6
"2011-11-14",12
"2011-11-15",12
"2011-11-16",46
"2011-11-17",45
"2011-11-18",44
"2011-11-19",42
"2011-11-20",41
"2011-11-21",40
"2011-11-22",42
"2011-11-23",42
"2011-11-24",39
"2011-11-25",37
"2011-11-26",36
"2011-11-27",33
"2011-11-28",32
"2011-11-29",28
"2011-11-30",46
"2011-12-01",44
"2011-12-02",46
"2011-12-03",53
"2011-12-04",65
"2011-12-05",65
"2011-12-06",69
"2011-12-07",69
"2011-12-08",49
"2011-12-09",48
"2011-12-10",47
"2011-12-11",46
"2011-12-12",45
"2011-12-13",49
"2011-12-14",49
"2011-12-15",54
"2011-12-16",74
"2011-12-17",73
"2011-12-18",71
"2011-12-19",70
"2011-12-20",72
"2011-12-21",76
"2011-12-22",76
"2011-12-23",76
"2011-12-24",76
"2011-12-25",75
"2011-12-26",73
"2011-12-27",72
"2011-12-28",77
"2011-12-29",75
"2011-12-30",73
"2011-12-31",70
"2012-01-01",66
"2012-01-02",64
"2012-01-03",63
"2012-01-04",78
"2012-01-05",77
"2012-01-06",75
"2012-01-07",74
"2012-01-08",73
"2012-01-09",72
"2012-01-10",74
"2012-01-11",73
"2012-01-12",71
"2012-01-13",69
"2012-01-14",67
"2012-01-15",66
"2012-01-16",64
"2012-01-17",79
"2012-01-18",79
"2012-01-19",77
"2012-01-20",75
"2012-01-21",73
"2012-01-22",81
"2012-01-23",87
"2012-01-24",93
"2012-01-25",111
"2012-01-26",108
"2012-01-27",107
"2012-01-28",105
"2012-01-29",103
"2012-01-30",102
"2012-01-31",123
"2012-02-01",122
"2012-02-02",121
"2012-02-03",122
"2012-02-04",125
"2012-02-05",124
"2012-02-06",124
"2012-02-07",126
"2012-02-08",125
"2012-02-09",125
"2012-02-10",123
"2012-02-11",122
"2012-02-12",121
"2012-02-13",123
"2012-02-14",149
"2012-02-15",156
"2012-02-16",156
"2012-02-17",155
"2012-02-18",154
"2012-02-19",152
"2012-02-20",155
"2012-02-21",155
"2012-02-22",154
"2012-02-23",152
"2012-02-24",150
"2012-02-25",148
"2012-02-26",146
"2012-02-27",144
"2012-02-28",162
"2012-02-29",168
"2012-03-01",167
"2012-03-02",169
"2012-03-03",175
"2012-03-04",173
"2012-03-05",172
"2012-03-06",171
"2012-03-07",165
"2012-03-08",165
"2012-03-09",165
"2012-03-10",164
"2012-03-11",164
"2012-03-12",162
"2012-03-13",175
"2012-03-14",171
"2012-03-15",169
"2012-03-16",135
"2012-03-17",126
"2012-03-18",117
"2012-03-19",117
"2012-03-20",122
"2012-03-21",121
"2012-03-22",119
"2012-03-23",116
"2012-03-24",108
"2012-03-25",89
"2012-03-26",61
"2012-03-27",45
"2012-03-28",33
"2012-03-29",20
"2012-03-30",9
"2012-03-31",0
"2012-04-01",0
"2012-04-02",0
"2012-04-03",7
"2012-04-04",8
"2012-04-05",0
"2012-04-06",0
"2012-04-07",0
"2012-04-08",0
"2012-04-09",0
"2012-04-10",0
"2012-04-11",0
"2012-04-12",0
"2012-04-13",2
"2012-04-14",0
"2012-04-15",5
"2012-04-16",7
"2012-04-17",20
"2012-04-18",11
"2012-04-19",0
"2012-04-20",0
"2012-04-21",0
"2012-04-22",0
"2012-04-23",0
"2012-04-24",0
"2012-04-25",0
"2012-04-26",0
"2012-04-27",0
"2012-04-28",0
"2012-04-29",0
"2012-04-30",0
"2012-05-01",0
"2012-05-02",0
"2012-05-03",0
"2012-05-04",0
"2012-05-05",0
"2012-05-06",0
"2012-05-07",0
"2012-05-08",0
"2012-05-09",0
"2012-05-10",0
"2012-05-11",0
"2012-05-12",0
"2012-05-13",0
"2012-05-14",0
"2012-05-15",0
"2012-05-16",0
"2012-05-17",0
"2012-05-18",0
"2012-05-19",0
"2012-05-20",0
"2012-05-21",0
"2012-05-22",0
"2012-05-23",0
"2012-05-24",0
"2012-05-25",0
"2012-05-26",0
"2012-05-27",0
"2012-05-28",0
"2012-05-29",0
"2012-05-30",0
"2012-05-31",0
"2012-06-01",0
"2012-06-02",0
"2012-06-03",0
"2012-06-04",0
"2012-06-05",0
"2012-06-06",0
"2012-06-07",0
"2012-06-08",0
"2012-06-09",0
"2012-06-10",0
"2012-06-11",0
"2012-06-12",0
"2012-06-13",0
"2012-06-14",0
"2012-06-15",0
"2012-06-16",0
"2012-06-17",0
"2012-06-18",0
"2012-06-19",0
"2012-06-20",0
"2012-06-21",0
"2012-06-22",0
"2012-06-23",0
"2012-06-24",0
"2012-06-25",0
"2012-06-26",0
"2012-06-27",0
"2012-06-28",0
"2012-06-29",0
"2012-06-30",0
"2012-07-01",0
"2012-07-02",0
"2012-07-03",0
"2012-07-04",0
"2012-07-05",0
"2012-07-06",0
"2012-07-07",0
"2012-07-08",0
"2012-07-09",0
"2012-07-10",0
"2012-07-11",0
"2012-07-12",0
"2012-07-13",0
"2012-07-14",0
"2012-07-15",0
"2012-07-16",0
"2012-07-17",0
"2012-07-18",0
"2012-07-19",0
"2012-07-20",0
"2012-07-21",0
"2012-07-22",0
"2012-07-23",0
"2012-07-24",0
"2012-07-25",0
"2012-07-26",0
"2012-07-27",0
"2012-07-28",0
"2012-07-29",0
"2012-07-30",0
"2012-07-31",0
"2012-08-01",0
"2012-08-02",0
"2012-08-03",0
"2012-08-04",0
"2012-08-05",0
"2012-08-06",0
"2012-08-07",0
"2012-08-08",0
"2012-08-09",0
"2012-08-10",0
"2012-08-11",0
"2012-08-12",0
"2012-08-13",0
"2012-08-14",0
"2012-08-15",0
"2012-08-16",0
"2012-08-17",0
"2012-08-18",0
"2012-08-19",0
"2012-08-20",0
"2012-08-21",0
"2012-08-22",0
"2012-08-23",0
"2012-08-24",0
"2012-08-25",0
"2012-08-26",0
"2012-08-27",0
"2012-08-28",0
"2012-08-29",0
"2012-08-30",0
"2012-08-31",0
"2012-09-01",0
"2012-09-02",0
"2012-09-03",0
"2012-09-04",0
"2012-09-05",0
"2012-09-06",0
"2012-09-07",0
"2012-09-08",0
"2012-09-09",0
"2012-09-10",0
"2012-09-11",0
"2012-09-12",0
"2012-09-13",0
"2012-09-14",0
"2012-09-15",0
"2012-09-16",0
"2012-09-17",0
"2012-09-18",0
"2012-09-19",0
"2012-09-20",0
"2012-09-21",0
"2012-09-22",0
"2012-09-23",0
"2012-09-24",0
"2012-09-25",0
"2012-09-26",0
"2012-09-27",0
"2012-09-28",0
"2012-09-29",0
"2012-09-30",0
"2012-10-01",0
"2012-10-02",0
"2012-10-03",0
"2012-10-04",0
"2012-10-05",0
"2012-10-06",0
"2012-10-07",0
"2012-10-08",0
"2012-10-09",0
"2012-10-10",0
"2012-10-11",0
"2012-10-12",0
"2012-10-13",0
"2012-10-14",0
"2012-10-15",0
"2012-10-16",0
"2012-10-17",0
"2012-10-18",0
"2012-10-19",0
"2012-10-20",0
"2012-10-21",0
"2012-10-22",0
"2012-10-23",0
"2012-10-24",0
"2012-10-25",0
"2012-10-26",0
"2012-10-27",0
"2012-10-28",0
"2012-10-29",0
"2012-10-30",0
"2012-10-31",0
"2012-11-01",0
"2012-11-02",0
"2012-11-03",0
"2012-11-04",0
"2012-11-05",0
"2012-11-06",0
"2012-11-07",0
"2012-11-08",0
"2012-11-09",0
"2012-11-10",0
"2012-11-11",13
"2012-11-12",13
"2012-11-13",12
"2012-11-14",11
"2012-11-15",10
"2012-11-16",9
"2012-11-17",6
"2012-11-18",0
"2012-11-19",0
"2012-11-20",0
"2012-11-21",0
"2012-11-22",0
"2012-11-23",0
"2012-11-24",0
"2012-11-25",0
"2012-11-26",0
"2012-11-27",0
"2012-11-28",0
"2012-11-29",0
"2012-11-30",0
"2012-12-01",0
"2012-12-02",0
"2012-12-03",0
"2012-12-04",0
"2012-12-05",0
"2012-12-06",0
"2012-12-07",0
"2012-12-08",0
"2012-12-09",0
"2012-12-10",2
"2012-12-11",1
"2012-12-12",0
"2012-12-13",0
"2012-12-14",1
"2012-12-15",10
"2012-12-16",19
"2012-12-17",21
"2012-12-18",21
"2012-12-19",21
"2012-12-21",45
"2012-12-22",43
"2012-12-23",42
"2012-12-24",40
"2012-12-25",51
"2012-12-26",52
"2012-12-27",66
"2012-12-28",75
"2012-12-29",75
"2012-12-30",74
"2012-12-31",75
"2013-01-01",80
"2013-01-02",80
"2013-01-03",79
"2013-01-04",79
"2013-01-05",78
"2013-01-06",77
"2013-01-07",76
"2013-01-08",75
"2013-01-09",73
"2013-01-10",72
"2013-01-11",80
"2013-01-12",87
"2013-01-13",87
"2013-01-14",87
"2013-01-15",88
"2013-01-16",87
"2013-01-17",86
"2013-01-18",86
"2013-01-19",91
"2013-01-20",91
"2013-01-21",90
"2013-01-22",88
"2013-01-23",87
"2013-01-24",86
"2013-01-25",85
"2013-01-26",85
"2013-01-27",101
"2013-01-28",102
"2013-01-29",151
"2013-01-30",155
"2013-01-31",154
"2013-02-01",153
"2013-02-02",152
"2013-02-03",151
"2013-02-04",151
"2013-02-05",150
"2013-02-06",178
"2013-02-07",178
"2013-02-08",177
"2013-02-09",174
"2013-02-10",186
"2013-02-11",203
"2013-02-12",206
"2013-02-13",205
"2013-02-14",204
"2013-02-15",203
"2013-02-16",202
"2013-02-17",201
"2013-02-18",198
"2013-02-19",197
"2013-02-20",195
"2013-02-21",197
"2013-02-22",203
"2013-02-23",203
"2013-02-24",204
"2013-02-25",204
"2013-02-26",203
"2013-02-27",240
"2013-02-28",239
"2013-03-01",238
"2013-03-02",237
"2013-03-03",235
"2013-03-04",233
"2013-03-05",239
"2013-03-06",238
"2013-03-07",234
"2013-03-08",232
"2013-03-09",236
"2013-03-10",241
"2013-03-11",240
"2013-03-12",234
"2013-03-13",233
"2013-03-14",230
"2013-03-15",225
"2013-03-16",215
"2013-03-17",206
"2013-03-18",193
"2013-03-19",175
"2013-03-20",167
"2013-03-21",156
"2013-03-22",144
"2013-03-23",132
"2013-03-24",125
"2013-03-25",122
"2013-03-26",106
"2013-03-27",103
"2013-03-28",99
"2013-03-29",94
"2013-03-30",86
"2013-03-31",76
"2013-04-01",65
"2013-04-02",50
"2013-04-03",0
"2013-04-04",0
"2013-04-05",0
"2013-04-06",0
"2013-04-07",0
"2013-04-08",0
"2013-04-09",9
"2013-04-10",18
"2013-04-11",17
"2013-04-12",17
"2013-04-13",23
"2013-04-14",6
"2013-04-15",0
"2013-04-16",0
"2013-04-17",0
"2013-04-18",2
"2013-04-19",0
"2013-04-20",0
"2013-04-21",0
"2013-04-22",0
"2013-04-23",0
"2013-04-24",0
"2013-04-25",0
"2013-04-26",0
"2013-04-27",0
"2013-04-28",0
"2013-04-29",0
"2013-04-30",0
"2013-05-01",0
"2013-05-02",0
"2013-05-03",0
"2013-05-04",0
"2013-05-05",0
"2013-05-06",0
"2013-05-07",1
"2013-05-08",0
"2013-05-09",0
"2013-05-10",0
"2013-05-11",0
"2013-05-12",0
"2013-05-13",0
"2013-05-14",0
"2013-05-15",0
"2013-05-16",0
"2013-05-17",0
"2013-05-18",0
"2013-05-19",0
"2013-05-20",0
"2013-05-21",0
"2013-05-22",0
"2013-05-23",0
"2013-05-24",0
"2013-05-25",0
"2013-05-26",0
"2013-05-27",0
"2013-05-28",0
"2013-05-29",0
"2013-05-30",0
"2013-05-31",0
"2013-06-01",0
"2013-06-02",0
"2013-06-03",0
"2013-06-04",0
"2013-06-05",0
"2013-06-06",0
"2013-06-07",0
"2013-06-08",0
"2013-06-09",0
"2013-06-10",0
"2013-06-11",0
"2013-06-12",0
"2013-06-13",0
"2013-06-14",0
"2013-06-15",0
"2013-06-16",0
"2013-06-17",0
"2013-06-18",0
"2013-06-19",0
"2013-06-20",0
"2013-06-21",0
"2013-06-22",0
"2013-06-23",0
"2013-06-24",0
"2013-06-25",0
"2013-06-26",0
"2013-06-27",0
"2013-06-28",0
"2013-06-29",0
"2013-06-30",0
"2013-07-01",0
"2013-07-02",0
"2013-07-03",0
"2013-07-04",0
"2013-07-05",0
"2013-07-06",0
"2013-07-07",0
"2013-07-08",0
"2013-07-09",0
"2013-07-10",0
"2013-07-11",0
"2013-07-12",0
"2013-07-13",0
"2013-07-14",0
"2013-07-15",0
"2013-07-16",0
"2013-07-17",0
"2013-07-18",0
"2013-07-19",0
"2013-07-20",0
"2013-07-21",0
"2013-07-22",0
"2013-07-23",0
"2013-07-24",0
"2013-07-25",0
"2013-07-26",0
"2013-07-27",0
"2013-07-28",0
"2013-07-29",0
"2013-07-30",0
"2013-07-31",0
"2013-08-01",0
"2013-08-02",0
"2013-08-03",0
"2013-08-04",0
"2013-08-05",0
"2013-08-06",0
"2013-08-07",0
"2013-08-08",0
"2013-08-09",0
"2013-08-10",0
"2013-08-11",0
"2013-08-12",0
"2013-08-13",0
"2013-08-14",0
"2013-08-15",0
"2013-08-16",0
"2013-08-17",0
"2013-08-18",0
"2013-08-19",0
"2013-08-20",0
"2013-08-21",0
"2013-08-22",0
"2013-08-23",0
"2013-08-24",0
"2013-08-25",0
"2013-08-26",0
"2013-08-27",0
"2013-08-28",0
"2013-08-29",0
"2013-08-30",0
"2013-08-31",0
"2013-09-01",0
"2013-09-02",0
"2013-09-03",0
"2013-09-04",0
"2013-09-05",0
"2013-09-06",0
"2013-09-07",0
"2013-09-08",0
"2013-09-09",0
"2013-09-10",0
"2013-09-11",0
"2013-09-12",0
"2013-09-13",0
"2013-09-14",0
"2013-09-15",0
"2013-09-16",0
"2013-09-17",0
"2013-09-18",0
"2013-09-19",0
"2013-09-20",0
"2013-09-21",0
"2013-09-22",0
"2013-09-23",0
"2013-09-24",0
"2013-09-25",0
"2013-09-26",0
"2013-09-27",0
"2013-09-28",1
"2013-09-29",0
"2013-09-30",0
"2013-10-01",0
"2013-10-02",0
"2013-10-03",0
"2013-10-04",0
"2013-10-05",0
"2013-10-06",0
"2013-10-07",0
"2013-10-08",0
"2013-10-09",0
"2013-10-10",0
"2013-10-11",1
"2013-10-12",1
"2013-10-13",0
"2013-10-14",0
"2013-10-15",0
"2013-10-16",0
"2013-10-17",0
"2013-10-18",0
"2013-10-19",0
"2013-10-20",0
"2013-10-21",0
"2013-10-22",0
"2013-10-23",0
"2013-10-24",0
"2013-10-25",0
"2013-10-26",0
"2013-10-27",0
"2013-10-28",0
"2013-10-29",0
"2013-10-30",0
"2013-10-31",3
"2013-11-01",2
"2013-11-02",1
"2013-11-03",0
"2013-11-04",0
"2013-11-05",1
"2013-11-06",3
"2013-11-07",2
"2013-11-08",1
"2013-11-09",0
"2013-11-10",0
"2013-11-11",0
"2013-11-12",0
"2013-11-13",0
"2013-11-14",0
"2013-11-15",0
"2013-11-16",0
"2013-11-17",0
"2013-11-18",0
"2013-11-19",0
"2013-11-20",0
"2013-11-21",0
"2013-11-22",0
"2013-11-23",23
"2013-11-24",32
"2013-11-25",51
"2013-11-26",52
"2013-11-27",51
"2013-11-28",31
"2013-11-29",30
"2013-11-30",29
"2013-12-01",28
"2013-12-02",27
"2013-12-03",25
"2013-12-04",22
"2013-12-05",29
"2013-12-06",29
"2013-12-07",46
"2013-12-08",47
"2013-12-09",58
"2013-12-10",57
"2013-12-11",56
"2013-12-12",55
"2013-12-13",54
"2013-12-14",54
"2013-12-15",53
"2013-12-16",51
"2013-12-17",48
"2013-12-18",46
"2013-12-19",70
"2013-12-20",67
"2013-12-21",71
"2013-12-22",74
"2013-12-23",73
"2013-12-24",72
"2013-12-25",71
"2013-12-26",69
"2013-12-27",67
"2013-12-28",66
"2013-12-29",64
"2013-12-30",63
"2013-12-31",75
"2014-01-01",73
"2014-01-02",71
"2014-01-03",70
"2014-01-04",68
"2014-01-05",65
"2014-01-06",63
"2014-01-07",62
"2014-01-08",61
"2014-01-09",59
"2014-01-10",58
"2014-01-11",81
"2014-01-12",79
"2014-01-13",76
"2014-01-14",74
"2014-01-15",71
"2014-01-16",68
"2014-01-17",65
"2014-01-18",63
"2014-01-19",61
"2014-01-20",59
"2014-01-21",56
"2014-01-22",83
"2014-01-23",81
"2014-01-24",80
"2014-01-25",79
"2014-01-26",77
"2014-01-27",74
"2014-01-28",72
"2014-01-29",69
"2014-01-30",67
"2014-01-31",65
"2014-02-01",72
"2014-02-02",73
"2014-02-03",72
"2014-02-04",76
"2014-02-05",77
"2014-02-06",77
"2014-02-07",79
"2014-02-08",87
"2014-02-09",85
"2014-02-10",84
"2014-02-11",124
"2014-02-12",123
"2014-02-13",120
"2014-02-14",115
"2014-02-15",106
"2014-02-16",87
"2014-02-17",70
"2014-02-18",60
"2014-02-19",54
"2014-02-20",87
"2014-02-21",86
"2014-02-22",84
"2014-02-23",82
"2014-02-24",80
"2014-02-25",78
"2014-02-26",76
"2014-02-27",74
"2014-02-28",77
"2014-03-01",72
"2014-03-02",95
"2014-03-03",102
"2014-03-04",102
"2014-03-05",107
"2014-03-06",106
"2014-03-07",103
"2014-03-08",102
"2014-03-09",101
"2014-03-10",99
"2014-03-11",96
"2014-03-12",93
"2014-03-13",93
"2014-03-14",79
"2014-03-15",80
"2014-03-16",77
"2014-03-17",74
"2014-03-18",68
"2014-03-19",66
"2014-03-20",46
"2014-03-21",43
"2014-03-22",40
"2014-03-23",38
"2014-03-24",37
"2014-03-25",34
"2014-03-26",1
"2014-03-27",7
"2014-03-28",6
"2014-03-29",5
"2014-03-30",1
"2014-03-31",0
"2014-04-01",0
"2014-04-02",0
"2014-04-03",4
"2014-04-04",9
"2014-04-05",8
"2014-04-06",7
"2014-04-07",5
"2014-04-08",1
"2014-04-09",0
"2014-04-10",0
"2014-04-11",0
"2014-04-12",0
"2014-04-13",0
"2014-04-14",2
"2014-04-15",0
"2014-04-16",0
"2014-04-17",0
"2014-04-18",0
"2014-04-19",0
"2014-04-20",0
"2014-04-21",0
"2014-04-22",0
"2014-04-23",0
"2014-04-24",0
"2014-04-25",0
"2014-04-26",0
"2014-04-27",10
"2014-04-28",15
"2014-04-29",13
"2014-04-30",10
"2014-05-01",22
"2014-05-02",20
"2014-05-03",7
"2014-05-04",0
"2014-05-05",0
"2014-05-06",0
"2014-05-07",0
"2014-05-08",0
"2014-05-09",0
"2014-05-10",0
"2014-05-11",0
"2014-05-12",0
"2014-05-13",0
"2014-05-14",0
"2014-05-15",0
"2014-05-16",0
"2014-05-17",0
"2014-05-18",0
"2014-05-19",0
"2014-05-20",0
"2014-05-21",0
"2014-05-22",0
"2014-05-23",0
"2014-05-24",0
"2014-05-25",0
"2014-05-26",2
"2014-05-27",0
"2014-05-28",0
"2014-05-29",0
"2014-05-30",0
"2014-05-31",0
"2014-06-01",0
"2014-06-02",0
"2014-06-03",0
"2014-06-04",0
"2014-06-05",0
"2014-06-06",0
"2014-06-07",0
"2014-06-08",0
"2014-06-09",0
"2014-06-10",0
"2014-06-11",0
"2014-06-12",0
"2014-06-13",0
"2014-06-14",0
"2014-06-15",0
"2014-06-16",0
"2014-06-17",0
"2014-06-18",0
"2014-06-19",0
"2014-06-20",0
"2014-06-21",0
"2014-06-22",0
"2014-06-23",0
"2014-06-24",0
"2014-06-25",0
"2014-06-26",0
"2014-06-27",0
"2014-06-28",0
"2014-06-29",0
"2014-06-30",0
"2014-07-01",0
"2014-07-02",0
"2014-07-03",0
"2014-07-04",0
"2014-07-05",0
"2014-07-06",0
"2014-07-07",0
"2014-07-08",0
"2014-07-09",0
"2014-07-10",0
"2014-07-11",0
"2014-07-12",0
"2014-07-13",0
"2014-07-14",0
"2014-07-15",0
"2014-07-16",0
"2014-07-17",0
"2014-07-18",0
"2014-07-19",0
"2014-07-20",0
"2014-07-21",0
"2014-07-22",0
"2014-07-23",0
"2014-07-24",0
"2014-07-25",0
"2014-07-26",0
"2014-07-27",0
"2014-07-28",0
"2014-07-29",0
"2014-07-30",0
"2014-07-31",0
"2014-08-01",0
"2014-08-02",0
"2014-08-03",0
"2014-08-04",0
"2014-08-05",0
"2014-08-06",0
"2014-08-07",0
"2014-08-08",0
"2014-08-09",0
"2014-08-10",0
"2014-08-11",0
"2014-08-12",0
"2014-08-13",0
"2014-08-14",0
"2014-08-15",0
"2014-08-16",0
"2014-08-17",0
"2014-08-18",0
"2014-08-19",0
"2014-08-20",0
"2014-08-21",0
"2014-08-22",0
"2014-08-23",0
"2014-08-24",0
"2014-08-25",0
"2014-08-26",0
"2014-08-27",0
"2014-08-28",0
"2014-08-29",0
"2014-08-30",0
"2014-08-31",0
"2014-09-01",0
"2014-09-02",0
"2014-09-03",0
"2014-09-04",0
"2014-09-05",0
"2014-09-06",0
"2014-09-07",0
"2014-09-08",0
"2014-09-09",0
"2014-09-10",0
"2014-09-11",0
"2014-09-12",0
"2014-09-13",0
"2014-09-14",0
"2014-09-15",0
"2014-09-16",0
"2014-09-17",0
"2014-09-18",0
"2014-09-19",0
"2014-09-20",0
"2014-09-21",0
"2014-09-22",0
"2014-09-23",0
"2014-09-24",0
"2014-09-25",0
"2014-09-26",0
"2014-09-27",0
"2014-09-28",0
"2014-09-29",0
"2014-09-30",0
"2014-10-01",0
"2014-10-02",0
"2014-10-03",0
"2014-10-04",0
"2014-10-05",0
"2014-10-06",0
"2014-10-07",0
"2014-10-08",0
"2014-10-09",0
"2014-10-10",0
"2014-10-11",0
"2014-10-12",0
"2014-10-13",0
"2014-10-14",0
"2014-10-15",0
"2014-10-16",0
"2014-10-17",0
"2014-10-18",0
"2014-10-19",0
"2014-10-20",0
"2014-10-21",0
"2014-10-22",0
"2014-10-23",0
"2014-10-24",0
"2014-10-25",0
"2014-10-26",0
"2014-10-27",0
"2014-10-28",0
"2014-10-29",0
"2014-10-30",0
"2014-10-31",0
"2014-11-01",0
"2014-11-02",0
"2014-11-03",0
"2014-11-04",0
"2014-11-05",0
"2014-11-06",0
"2014-11-07",0
"2014-11-08",0
"2014-11-09",0
"2014-11-10",0
"2014-11-11",0
"2014-11-12",0
"2014-11-13",0
"2014-11-14",0
"2014-11-15",0
"2014-11-16",1
"2014-11-17",10
"2014-11-18",9
"2014-11-19",7
"2014-11-20",5
"2014-11-21",3
"2014-11-22",3
"2014-11-23",1
"2014-11-24",1
"2014-11-25",0
"2014-11-26",0
"2014-11-27",0
"2014-11-28",0
"2014-11-29",0
"2014-11-30",0
"2014-12-01",0
"2014-12-02",0
"2014-12-03",0
"2014-12-04",0
"2014-12-05",4
"2014-12-06",4
"2014-12-07",3
"2014-12-08",3
"2014-12-09",3
"2014-12-10",2
"2014-12-11",1
"2014-12-12",0
"2014-12-13",0
"2014-12-14",5
"2014-12-15",7
"2014-12-16",6
"2014-12-17",5
"2014-12-18",11
"2014-12-19",16
"2014-12-20",16
"2014-12-21",16
"2014-12-22",14
"2014-12-23",14
"2014-12-24",13
"2014-12-25",11
"2014-12-26",14
"2014-12-27",15
"2014-12-28",15
"2014-12-29",14
"2014-12-30",13
"2014-12-31",10
"2015-01-01",10
"2015-01-02",16
"2015-01-03",36
"2015-01-04",35
"2015-01-05",33
"2015-01-06",32
"2015-01-07",29
"2015-01-08",28
"2015-01-09",37
"2015-01-10",36
"2015-01-11",36
"2015-01-12",39
"2015-01-13",46
"2015-01-14",56
"2015-01-15",60
"2015-01-16",59
"2015-01-17",66
"2015-01-18",64
"2015-01-19",63
"2015-01-20",62
"2015-01-21",61
"2015-01-22",64
"2015-01-23",64
"2015-01-24",63
"2015-01-25",61
"2015-01-26",59
"2015-01-27",67
"2015-01-28",64
"2015-01-29",64
"2015-01-30",63
"2015-01-31",82
"2015-02-01",91
"2015-02-02",90
"2015-02-03",90
"2015-02-04",88
"2015-02-05",87
"2015-02-06",86
"2015-02-07",82
"2015-02-08",76
"2015-02-09",71
"2015-02-10",63
"2015-02-11",55
"2015-02-12",52
"2015-02-13",55
"2015-02-14",53
"2015-02-15",52
"2015-02-16",49
"2015-02-17",47
"2015-02-18",15
"2015-02-19",12
"2015-02-20",10
"2015-02-21",7
"2015-02-22",5
"2015-02-23",5
"2015-02-24",20
"2015-02-25",23
"2015-02-26",22
"2015-02-27",22
"2015-02-28",50
"2015-03-01",61
"2015-03-02",67
"2015-03-03",71
"2015-03-04",71
"2015-03-05",70
"2015-03-06",69
"2015-03-07",68
"2015-03-08",67
"2015-03-09",66
"2015-03-10",65
"2015-03-11",64
"2015-03-12",63
"2015-03-13",62
"2015-03-14",62
"2015-03-15",60
"2015-03-16",57
"2015-03-17",79
"2015-03-18",73
"2015-03-19",60
"2015-03-20",54
"2015-03-21",50
"2015-03-22",43
"2015-03-23",29
"2015-03-24",15
"2015-03-25",11
"2015-03-26",9
"2015-03-27",4
"2015-03-28",0
"2015-03-29",0
"2015-03-30",0
"2015-03-31",0
"2015-04-01",0
"2015-04-02",0
"2015-04-03",0
"2015-04-04",0
"2015-04-05",0
"2015-04-06",0
"2015-04-07",0
"2015-04-08",0
"2015-04-09",0
"2015-04-10",0
"2015-04-11",0
"2015-04-12",0
"2015-04-13",0
"2015-04-14",0
"2015-04-15",0
"2015-04-16",0
"2015-04-17",0
"2015-04-18",2
"2015-04-19",0
"2015-04-20",0
"2015-04-21",0
"2015-04-22",0
"2015-04-23",0
"2015-04-24",0
"2015-04-25",0
"2015-04-26",3
"2015-04-27",22
"2015-04-28",21
"2015-04-29",16
"2015-04-30",3
"2015-05-01",0
"2015-05-02",0
"2015-05-03",0
"2015-05-04",0
"2015-05-05",0
"2015-05-06",0
"2015-05-07",0
"2015-05-08",0
"2015-05-09",0
"2015-05-10",5
"2015-05-11",5
"2015-05-12",0
"2015-05-13",0
"2015-05-14",0
"2015-05-15",0
"2015-05-16",5
"2015-05-17",17
"2015-05-18",13
"2015-05-19",0
"2015-05-20",0
"2015-05-21",0
"2015-05-22",0
"2015-05-23",0
"2015-05-24",0
"2015-05-25",2
"2015-05-26",0
"2015-05-27",0
"2015-05-28",0
"2015-05-29",0
"2015-05-30",0
"2015-05-31",0
"2015-06-01",0
"2015-06-02",0
"2015-06-03",0
"2015-06-04",0
"2015-06-05",0
"2015-06-06",0
"2015-06-07",0
"2015-06-08",0
"2015-06-09",0
"2015-06-10",0
"2015-06-11",0
"2015-06-12",0
"2015-06-13",0
"2015-06-14",0
"2015-06-15",0
"2015-06-16",0
"2015-06-17",0
"2015-06-18",0
"2015-06-19",0
"2015-06-20",0
"2015-06-21",0
"2015-06-22",0
"2015-06-23",0
"2015-06-24",0
"2015-06-25",0
"2015-06-26",0
"2015-06-27",0
"2015-06-28",0
"2015-06-29",0
"2015-06-30",0
"2015-07-01",0
"2015-07-02",0
"2015-07-03",0
"2015-07-04",0
"2015-07-05",0
"2015-07-06",0
"2015-07-07",0
"2015-07-08",0
"2015-07-09",0
"2015-07-10",0
"2015-07-11",0
"2015-07-12",0
"2015-07-13",0
"2015-07-14",0
"2015-07-15",0
"2015-07-16",0
"2015-07-17",0
"2015-07-18",0
"2015-07-19",0
"2015-07-20",0
"2015-07-21",0
"2015-07-22",0
"2015-07-23",0
"2015-07-24",0
"2015-07-25",0
"2015-07-26",0
"2015-07-27",0
"2015-07-28",0
"2015-07-29",0
"2015-07-30",0
"2015-07-31",0
"2015-08-01",0
"2015-08-02",0
"2015-08-03",0
"2015-08-04",0
"2015-08-05",0
"2015-08-06",0
"2015-08-07",0
"2015-08-08",0
"2015-08-09",0
"2015-08-10",0
"2015-08-11",0
"2015-08-12",0
"2015-08-13",0
"2015-08-14",0
"2015-08-15",0
"2015-08-16",0
"2015-08-17",0
"2015-08-18",0
"2015-08-19",0
"2015-08-20",0
"2015-08-21",0
"2015-08-22",0
"2015-08-23",0
"2015-08-24",0
"2015-08-25",0
"2015-08-26",0
"2015-08-27",0
"2015-08-28",0
"2015-08-29",0
"2015-08-30",0
"2015-08-31",0
"2015-09-01",0
"2015-09-02",0
"2015-09-03",0
"2015-09-04",0
"2015-09-05",0
"2015-09-06",0
"2015-09-07",0
"2015-09-08",0
"2015-09-09",0
"2015-09-10",0
"2015-09-11",0
"2015-09-12",0
"2015-09-13",0
"2015-09-14",0
"2015-09-15",0
"2015-09-16",0
"2015-09-17",0
"2015-09-18",0
"2015-09-19",0
"2015-09-20",0
"2015-09-21",0
"2015-09-22",0
"2015-09-23",0
"2015-09-24",0
"2015-09-25",0
"2015-09-26",0
"2015-09-27",0
"2015-09-28",0
"2015-09-29",0
"2015-09-30",0
"2015-10-01",0
"2015-10-02",0
"2015-10-03",0
"2015-10-04",0
"2015-10-05",0
"2015-10-06",0
"2015-10-07",0
"2015-10-08",0
"2015-10-09",0
"2015-10-10",0
"2015-10-11",0
"2015-10-12",0
"2015-10-13",0
"2015-10-14",0
"2015-10-15",0
"2015-10-16",0
"2015-10-17",0
"2015-10-18",0
"2015-10-19",0
"2015-10-20",0
"2015-10-21",0
"2015-10-22",0
"2015-10-23",0
"2015-10-24",0
"2015-10-25",0
"2015-10-26",0
"2015-10-27",0
"2015-10-28",0
"2015-10-29",0
"2015-10-30",0
"2015-10-31",4
"2015-11-01",0
"2015-11-02",0
"2015-11-03",0
"2015-11-04",0
"2015-11-05",8
"2015-11-06",30
"2015-11-07",30
"2015-11-08",29
"2015-11-09",28
"2015-11-10",25
"2015-11-11",30
"2015-11-12",30
"2015-11-13",34
"2015-11-14",33
"2015-11-15",31
"2015-11-16",34
"2015-11-17",62
"2015-11-18",65
"2015-11-19",63
"2015-11-20",83
"2015-11-21",82
"2015-11-22",80
"2015-11-23",79
"2015-11-24",85
"2015-11-25",82
"2015-11-26",77
"2015-11-27",76
"2015-11-28",74
"2015-11-29",73
"2015-11-30",73
"2015-12-01",73
"2015-12-02",71
"2015-12-03",69
"2015-12-04",68
"2015-12-05",67
"2015-12-06",65
"2015-12-07",63
"2015-12-08",61
"2015-12-09",71
"2015-12-10",66
"2015-12-11",58
"2015-12-12",49
"2015-12-13",64
"2015-12-14",62
"2015-12-15",68
"2015-12-16",70
"2015-12-17",70
"2015-12-18",86
"2015-12-19",85
"2015-12-20",83
"2015-12-21",87
"2015-12-22",88
"2015-12-23",116
"2015-12-24",144
"2015-12-25",145
"2015-12-26",154
"2015-12-27",154
"2015-12-28",153
"2015-12-29",153
"2015-12-30",155
"2015-12-31",155
"2016-01-01",154
"2016-01-02",154
"2016-01-03",154
"2016-01-04",152
"2016-01-05",157
"2016-01-06",163
"2016-01-07",176
"2016-01-08",189
"2016-01-09",192
"2016-01-10",192
"2016-01-11",192
"2016-01-12",190
"2016-01-13",188
"2016-01-14",186
"2016-01-15",184
"2016-01-16",186
"2016-01-17",185
"2016-01-18",184
"2016-01-19",181
"2016-01-20",195
"2016-01-21",198
"2016-01-22",196
"2016-01-23",195
"2016-01-24",193
"2016-01-25",192
"2016-01-26",191
"2016-01-27",190
"2016-01-28",203
"2016-01-29",201
"2016-01-30",198
"2016-01-31",197
"2016-02-01",213
"2016-02-02",224
"2016-02-03",229
"2016-02-04",229
"2016-02-05",228
"2016-02-06",227
"2016-02-07",226
"2016-02-08",223
"2016-02-09",220
"2016-02-10",229
"2016-02-11",227
"2016-02-12",225
"2016-02-13",223
"2016-02-14",220
"2016-02-15",218
"2016-02-16",216
"2016-02-17",216
"2016-02-18",210
"2016-02-19",191
"2016-02-20",175
"2016-02-21",162
"2016-02-22",152
"2016-02-23",157
"2016-02-24",152
"2016-02-25",148
"2016-02-26",144
"2016-02-27",140
"2016-02-28",134
"2016-02-29",130
"2016-03-01",125
"2016-03-02",113
"2016-03-03",98
"2016-03-04",85
"2016-03-05",74
"2016-03-06",62
"2016-03-07",47
"2016-03-08",57
"2016-03-09",56
"2016-03-10",55
"2016-03-11",53
"2016-03-12",44
"2016-03-13",39
"2016-03-14",37
"2016-03-15",25
"2016-03-16",22
"2016-03-17",20
"2016-03-18",16
"2016-03-19",12
"2016-03-20",9
"2016-03-21",6
"2016-03-22",0
"2016-03-23",0
"2016-03-24",0
"2016-03-25",0
"2016-03-26",0
"2016-03-27",0
"2016-03-28",0
"2016-03-29",0
"2016-03-30",8
"2016-03-31",7
"2016-04-01",7
"2016-04-02",6
"2016-04-03",4
"2016-04-04",0
"2016-04-05",0
"2016-04-06",0
"2016-04-07",0
"2016-04-08",0
"2016-04-09",0
"2016-04-10",0
"2016-04-11",0
"2016-04-12",0
"2016-04-13",0
"2016-04-14",0
"2016-04-15",0
"2016-04-16",15
"2016-04-17",29
"2016-04-18",37
"2016-04-19",13
"2016-04-20",11
"2016-04-21",2
"2016-04-22",0
"2016-04-23",0
"2016-04-24",0
"2016-04-25",0
"2016-04-26",0
"2016-04-27",1
"2016-04-28",0
"2016-04-29",0
"2016-04-30",5
"2016-05-01",11
"2016-05-02",35
"2016-05-03",37
"2016-05-04",35
"2016-05-05",12
"2016-05-06",0
"2016-05-07",0
"2016-05-08",1
"2016-05-09",1
"2016-05-10",0
"2016-05-11",0
"2016-05-12",0
"2016-05-13",0
"2016-05-14",0
"2016-05-15",0
"2016-05-16",0
"2016-05-17",0
"2016-05-18",0
"2016-05-19",0
"2016-05-20",0
"2016-05-21",0
"2016-05-22",0
"2016-05-23",0
"2016-05-24",0
"2016-05-25",0
"2016-05-26",0
"2016-05-27",0
"2016-05-28",0
"2016-05-29",0
"2016-05-30",0
"2016-05-31",0
"2016-06-01",0
"2016-06-02",0
"2016-06-03",0
"2016-06-04",0
"2016-06-05",0
"2016-06-06",0
"2016-06-07",0
"2016-06-08",0
"2016-06-09",0
"2016-06-10",0
"2016-06-11",0
"2016-06-12",0
"2016-06-13",0
"2016-06-14",0
"2016-06-15",0
"2016-06-16",0
"2016-06-17",0
"2016-06-18",0
"2016-06-19",0
"2016-06-20",0
"2016-06-21",0
"2016-06-22",0
"2016-06-23",0
"2016-06-24",0
"2016-06-25",0
"2016-06-26",0
"2016-06-27",0
"2016-06-28",0
"2016-06-29",0
"2016-06-30",0
"2016-07-01",0
"2016-07-02",0
"2016-07-03",0
"2016-07-04",0
"2016-07-05",0
"2016-07-06",0
"2016-07-07",0
"2016-07-08",0
"2016-07-09",0
"2016-07-10",0
"2016-07-11",0
"2016-07-12",0
"2016-07-13",0
"2016-07-14",0
"2016-07-15",0
"2016-07-16",0
"2016-07-17",0
"2016-07-18",0
"2016-07-19",0
"2016-07-20",0
"2016-07-21",0
"2016-07-22",0
"2016-07-23",0
"2016-07-24",0
"2016-07-25",0
"2016-07-26",0
"2016-07-27",0
"2016-07-28",0
"2016-07-29",0
"2016-07-30",0
"2016-07-31",0
"2016-08-01",0
"2016-08-02",0
"2016-08-03",0
"2016-08-04",0
"2016-08-05",0
"2016-08-06",0
"2016-08-07",0
"2016-08-08",0
"2016-08-09",0
"2016-08-10",0
"2016-08-11",0
"2016-08-12",0
"2016-08-13",0
"2016-08-14",0
"2016-08-15",0
"2016-08-16",0
"2016-08-17",0
"2016-08-18",0
"2016-08-19",0
"2016-08-20",0
"2016-08-21",0
"2016-08-22",0
"2016-08-23",0
"2016-08-24",0
"2016-08-25",0
"2016-08-26",0
"2016-08-27",0
"2016-08-28",0
"2016-08-29",0
"2016-08-30",0
"2016-08-31",0
"2016-09-01",0
"2016-09-02",0
"2016-09-03",0
"2016-09-04",0
"2016-09-05",0
"2016-09-06",0
"2016-09-07",0
"2016-09-08",0
"2016-09-09",0
"2016-09-10",0
"2016-09-11",0
"2016-09-12",0
"2016-09-13",0
"2016-09-14",0
"2016-09-15",0
"2016-09-16",0
"2016-09-17",0
"2016-09-18",0
"2016-09-19",0
"2016-09-20",0
"2016-09-21",0
"2016-09-22",0
"2016-09-23",0
"2016-09-24",0
"2016-09-25",0
"2016-09-26",0
"2016-09-27",0
"2016-09-28",0
"2016-09-29",0
"2016-09-30",0
"2016-10-01",0
"2016-10-02",0
"2016-10-03",0
"2016-10-04",0
"2016-10-05",0
"2016-10-06",0
"2016-10-07",0
"2016-10-08",0
"2016-10-09",0
"2016-10-10",0
"2016-10-11",0
"2016-10-12",0
"2016-10-13",0
"2016-10-14",0
"2016-10-15",0
"2016-10-16",0
"2016-10-17",0
"2016-10-18",0
"2016-10-19",0
"2016-10-20",0
"2016-10-21",0
"2016-10-22",0
"2016-10-23",0
"2016-10-24",0
"2016-10-25",0
"2016-10-26",0
"2016-10-27",0
"2016-10-28",0
"2016-10-29",0
"2016-10-30",0
"2016-10-31",0
"2016-11-01",0
"2016-11-02",0
"2016-11-03",0
"2016-11-04",0
"2016-11-05",0
"2016-11-06",0
"2016-11-07",0
"2016-11-08",0
"2016-11-09",0
"2016-11-10",0
"2016-11-11",0
"2016-11-12",0
"2016-11-13",0
"2016-11-14",0
"2016-11-15",0
"2016-11-16",0
"2016-11-17",0
"2016-11-18",0
"2016-11-19",0
"2016-11-20",0
"2016-11-21",0
"2016-11-22",3
"2016-11-23",7
"2016-11-24",5
"2016-11-25",3
"2016-11-26",1
"2016-11-27",0
"2016-11-28",6
"2016-11-29",39
"2016-11-30",39
"2016-12-01",38
"2016-12-02",38
"2016-12-03",51
"2016-12-04",50
"2016-12-05",48
"2016-12-06",62
"2016-12-07",59
"2016-12-08",62
"2016-12-09",61
"2016-12-10",60
"2016-12-11",57
"2016-12-12",57
"2016-12-13",55
"2016-12-14",53
"2016-12-15",46
"2016-12-16",26
"2016-12-17",10
"2016-12-18",20
"2016-12-19",19
"2016-12-20",87
"2016-12-21",88
"2016-12-22",86
"2016-12-23",123
"2016-12-24",123
"2016-12-25",125
"2016-12-26",125
"2016-12-27",124
"2016-12-28",123
"2016-12-29",120
"2016-12-30",119
"2016-12-31",118
"2017-01-01",121
"2017-01-02",132
"2017-01-03",132
"2017-01-04",151
"2017-01-05",150
"2017-01-06",172
"2017-01-07",175
"2017-01-08",174
"2017-01-09",175
"2017-01-10",183
"2017-01-11",193
"2017-01-12",193
"2017-01-13",189
"2017-01-14",185
"2017-01-15",190
"2017-01-16",190
"2017-01-17",193
"2017-01-18",196
"2017-01-19",196
"2017-01-20",224
"2017-01-21",229
"2017-01-22",238
"2017-01-23",239
"2017-01-24",293
"2017-01-25",296
"2017-01-26",316
"2017-01-27",316
"2017-01-28",315
"2017-01-29",313
"2017-01-30",311
"2017-01-31",316
"2017-02-01",315
"2017-02-02",316
"2017-02-03",312
"2017-02-04",310
"2017-02-05",308
"2017-02-06",306
"2017-02-07",308
"2017-02-08",307
"2017-02-09",301
"2017-02-10",292
"2017-02-11",268
"2017-02-12",224
"2017-02-13",217
"2017-02-14",292
"2017-02-15",293
"2017-02-16",287
"2017-02-17",292
"2017-02-18",291
"2017-02-19",290
"2017-02-20",291
"2017-02-21",291
"2017-02-22",290
"2017-02-23",279
"2017-02-24",271
"2017-02-25",265
"2017-02-26",261
"2017-02-27",258
"2017-02-28",270
"2017-03-01",304
"2017-03-02",303
"2017-03-03",338
"2017-03-04",336
"2017-03-05",333
"2017-03-06",329
"2017-03-07",326
"2017-03-08",325
"2017-03-09",322
"2017-03-10",318
"2017-03-11",312
"2017-03-12",303
"2017-03-13",293
"2017-03-14",282
"2017-03-15",270
"2017-03-16",253
"2017-03-17",227
"2017-03-18",209
"2017-03-19",182
"2017-03-20",149
"2017-03-21",130
"2017-03-22",115
"2017-03-23",98
"2017-03-24",100
"2017-03-25",98
"2017-03-26",102
"2017-03-27",101
"2017-03-28",112
"2017-03-29",119
"2017-03-30",118
"2017-03-31",110
"2017-04-01",112
"2017-04-02",107
"2017-04-03",100
"2017-04-04",104
"2017-04-05",105
"2017-04-06",100
"2017-04-07",92
"2017-04-08",64
"2017-04-09",31
"2017-04-10",27
"2017-04-11",26
"2017-04-12",11
"2017-04-13",1
"2017-04-14",0
"2017-04-15",0
"2017-04-16",0
"2017-04-17",0
"2017-04-18",0
"2017-04-19",0
"2017-04-20",0
"2017-04-21",0
"2017-04-22",0
"2017-04-23",0
"2017-04-24",0
"2017-04-25",0
"2017-04-26",5
"2017-04-27",0
"2017-04-28",0
"2017-04-29",0
"2017-04-30",0
"2017-05-01",0
"2017-05-02",0
"2017-05-03",0
"2017-05-04",0
"2017-05-05",0
"2017-05-06",0
"2017-05-07",0
"2017-05-08",0
"2017-05-09",0
"2017-05-10",0
"2017-05-11",0
"2017-05-12",0
"2017-05-13",0
"2017-05-14",0
"2017-05-15",0
"2017-05-16",0
"2017-05-17",0
"2017-05-18",6
"2017-05-19",8
"2017-05-20",7
"2017-05-21",3
"2017-05-22",0
"2017-05-23",0
"2017-05-24",0
"2017-05-25",0
"2017-05-26",0
"2017-05-27",0
"2017-05-28",0
"2017-05-29",0
"2017-05-30",0
"2017-05-31",0
"2017-06-01",0
"2017-06-02",0
"2017-06-03",0
"2017-06-04",0
"2017-06-05",0
"2017-06-06",0
"2017-06-07",0
"2017-06-08",0
"2017-06-09",0
"2017-06-10",0
"2017-06-11",0
"2017-06-12",0
"2017-06-13",0
"2017-06-14",0
"2017-06-15",0
"2017-06-16",0
"2017-06-17",0
"2017-06-18",0
"2017-06-19",0
"2017-06-20",0
"2017-06-21",0
"2017-06-22",0
"2017-06-23",0
"2017-06-24",0
"2017-06-25",0
"2017-06-26",0
"2017-06-27",0
"2017-06-28",0
"2017-06-29",0
"2017-06-30",0
"2017-07-01",0
"2017-07-02",0
"2017-07-03",0
"2017-07-04",0
"2017-07-05",0
"2017-07-06",0
"2017-07-07",0
"2017-07-08",0
"2017-07-09",0
"2017-07-10",0
"2017-07-11",0
"2017-07-12",0
"2017-07-13",0
"2017-07-14",0
"2017-07-15",0
"2017-07-16",0
"2017-07-17",0
"2017-07-18",0
"2017-07-19",0
"2017-07-20",0
"2017-07-21",0
"2017-07-22",0
"2017-07-23",0
"2017-07-24",0
"2017-07-25",0
"2017-07-26",0
"2017-07-27",0
"2017-07-28",0
"2017-07-29",0
"2017-07-30",0
"2017-07-31",0
"2017-08-01",0
"2017-08-02",0
"2017-08-03",0
"2017-08-04",0
"2017-08-05",0
"2017-08-06",0
"2017-08-07",0
"2017-08-08",0
"2017-08-09",0
"2017-08-10",0
"2017-08-11",0
"2017-08-12",0
"2017-08-13",0
"2017-08-14",0
"2017-08-15",0
"2017-08-16",0
"2017-08-17",0
"2017-08-18",0
"2017-08-19",0
"2017-08-20",0
"2017-08-21",0
"2017-08-22",0
"2017-08-23",0
"2017-08-24",0
"2017-08-25",0
"2017-08-26",0
"2017-08-27",0
"2017-08-28",0
"2017-08-29",0
"2017-08-30",0
"2017-08-31",0
"2017-09-01",0
"2017-09-02",0
"2017-09-03",0
"2017-09-04",0
"2017-09-05",0
"2017-09-06",0
"2017-09-07",0
"2017-09-08",0
"2017-09-09",0
"2017-09-10",0
"2017-09-11",0
"2017-09-12",0
"2017-09-13",0
"2017-09-14",0
"2017-09-15",0
"2017-09-16",0
"2017-09-17",0
"2017-09-18",0
"2017-09-19",0
"2017-09-20",0
"2017-09-21",0
"2017-09-22",0
"2017-09-23",0
"2017-09-24",0
"2017-09-25",0
"2017-09-26",0
"2017-09-27",0
"2017-09-28",0
"2017-09-29",0
"2017-09-30",0
"2017-10-01",0
"2017-10-02",0
"2017-10-03",0
"2017-10-04",0
"2017-10-05",0
"2017-10-06",0
"2017-10-07",0
"2017-10-08",0
"2017-10-09",0
"2017-10-10",0
"2017-10-11",0
"2017-10-12",0
"2017-10-13",0
"2017-10-14",0
"2017-10-15",0
"2017-10-16",0
"2017-10-17",0
"2017-10-18",0
"2017-10-19",0
"2017-10-20",0
"2017-10-21",0
"2017-10-22",0
"2017-10-23",0
"2017-10-24",0
"2017-10-25",0
"2017-10-26",0
"2017-10-27",0
"2017-10-28",0
"2017-10-29",0
"2017-10-30",0
"2017-10-31",0
"2017-11-01",0
"2017-11-02",0
"2017-11-03",0
"2017-11-04",0
"2017-11-05",0
"2017-11-06",0
"2017-11-07",0
"2017-11-08",0
"2017-11-09",0
"2017-11-10",0
"2017-11-11",0
"2017-11-12",0
"2017-11-13",0
"2017-11-14",0
"2017-11-15",0
"2017-11-16",0
"2017-11-17",0
"2017-11-18",1
"2017-11-19",0
"2017-11-20",0
"2017-11-21",0
"2017-11-22",0
"2017-11-23",0
"2017-11-24",0
"2017-11-25",0
"2017-11-26",0
"2017-11-27",0
"2017-11-28",0
"2017-11-29",0
"2017-11-30",0
"2017-12-01",0
"2017-12-02",0
"2017-12-03",0
"2017-12-04",0
"2017-12-05",0
"2017-12-06",0
"2017-12-07",0
"2017-12-08",0
"2017-12-09",0
"2017-12-10",0
"2017-12-11",0
"2017-12-12",0
"2017-12-13",0
"2017-12-14",0
"2017-12-15",0
"2017-12-16",0
"2017-12-17",0
"2017-12-18",0
"2017-12-19",0
"2017-12-20",0
"2017-12-21",0
"2017-12-22",2
"2017-12-23",1
"2017-12-24",0
"2017-12-25",0
"2017-12-26",0
"2017-12-27",0
"2017-12-28",0
"2017-12-29",0
"2017-12-30",0
"2017-12-31",0
"2018-01-01",0
"2018-01-02",0
"2018-01-03",0
"2018-01-04",0
"2018-01-05",0
"2018-01-06",0
"2018-01-07",0
"2018-01-08",5
"2018-01-09",4
"2018-01-10",0
"2018-01-11",14
"2018-01-12",19
"2018-01-13",18
"2018-01-14",16
"2018-01-15",15
"2018-01-16",14
"2018-01-17",14
"2018-01-18",12
"2018-01-19",11
"2018-01-20",9
"2018-01-21",12
"2018-01-22",15
"2018-01-23",14
"2018-01-24",28
"2018-01-25",33
"2018-01-26",29
"2018-01-27",27
"2018-01-28",26
"2018-01-29",24
"2018-01-30",24
"2018-01-31",22
"2018-02-01",31
"2018-02-02",29
"2018-02-03",27
"2018-02-04",24
"2018-02-05",22
"2018-02-06",20
"2018-02-07",20
"2018-02-08",19
"2018-02-09",18
"2018-02-10",14
"2018-02-11",16
"2018-02-12",15
"2018-02-13",7
"2018-02-14",6
"2018-02-15",12
"2018-02-16",13
"2018-02-17",12
"2018-02-18",11
"2018-02-19",8
"2018-02-20",19
"2018-02-21",17
"2018-02-22",18
"2018-02-23",17
"2018-02-24",19
"2018-02-25",18
"2018-02-26",18
"2018-02-27",15
"2018-02-28",12
"2018-03-01",11
"2018-03-02",10
"2018-03-03",6
"2018-03-04",2
"2018-03-05",0
"2018-03-06",0
"2018-03-07",0
"2018-03-08",0
"2018-03-09",0
"2018-03-10",0
"2018-03-11",0
"2018-03-12",13
"2018-03-13",13
"2018-03-14",13
"2018-03-15",0
"2018-03-16",4
"2018-03-17",3
"2018-03-18",1
"2018-03-19",6
"2018-03-20",12
"2018-03-21",11
"2018-03-22",5
"2018-03-23",0
"2018-03-24",0
"2018-03-25",0
"2018-03-26",0
"2018-03-27",0
"2018-03-28",0
"2018-03-29",0
"2018-03-30",0
"2018-03-31",0
"2018-04-01",0
"2018-04-02",0
"2018-04-03",0
"2018-04-04",0
"2018-04-05",0
"2018-04-06",0
"2018-04-07",0
"2018-04-08",0
"2018-04-09",0
"2018-04-10",0
"2018-04-11",0
"2018-04-12",0
"2018-04-13",0
"2018-04-14",0
"2018-04-15",0
"2018-04-16",0
"2018-04-17",0
"2018-04-18",0
"2018-04-19",0
"2018-04-20",0
"2018-04-21",2
"2018-04-22",0
"2018-04-23",0
"2018-04-24",0
"2018-04-25",0
"2018-04-26",0
"2018-04-27",0
"2018-04-28",0
"2018-04-29",0
"2018-04-30",0
"2018-05-01",0
"2018-05-02",0
"2018-05-03",7
"2018-05-04",8
"2018-05-05",1
"2018-05-06",0
"2018-05-07",0
"2018-05-08",0
"2018-05-09",0
"2018-05-10",0
"2018-05-11",0
"2018-05-12",0
"2018-05-13",0
"2018-05-14",0
"2018-05-15",0
"2018-05-16",0
"2018-05-17",0
"2018-05-18",0
"2018-05-19",0
"2018-05-20",0
"2018-05-21",0
"2018-05-22",0
"2018-05-23",0
"2018-05-24",0
"2018-05-25",0
"2018-05-26",0
"2018-05-27",0
"2018-05-28",0
"2018-05-29",0
"2018-05-30",0
"2018-05-31",0
"2018-06-01",0
"2018-06-02",0
"2018-06-03",0
"2018-06-04",0
"2018-06-05",0
"2018-06-06",0
"2018-06-07",0
"2018-06-08",0
"2018-06-09",0
"2018-06-10",0
"2018-06-11",0
"2018-06-12",0
"2018-06-13",0
"2018-06-14",0
"2018-06-15",0
"2018-06-16",0
"2018-06-17",0
"2018-06-18",0
"2018-06-19",0
"2018-06-20",0
"2018-06-21",0
"2018-06-22",0
"2018-06-23",0
"2018-06-24",0
"2018-06-25",0
"2018-06-26",0
"2018-06-27",0
"2018-06-28",0
"2018-06-29",0
"2018-06-30",0
"2018-07-01",0
"2018-07-02",0
"2018-07-03",0
"2018-07-04",0
"2018-07-05",0
"2018-07-06",0
"2018-07-07",0
"2018-07-08",0
"2018-07-09",0
"2018-07-10",0
"2018-07-11",0
"2018-07-12",0
"2018-07-13",0
"2018-07-14",0
"2018-07-15",0
"2018-07-16",0
"2018-07-17",0
"2018-07-18",0
"2018-07-19",0
"2018-07-20",0
"2018-07-21",0
"2018-07-22",0
"2018-07-23",0
"2018-07-24",0
"2018-07-25",0
"2018-07-26",0
"2018-07-27",0
"2018-07-28",0
"2018-07-29",0
"2018-07-30",0
"2018-07-31",0
"2018-08-01",0
"2018-08-02",0
"2018-08-03",0
"2018-08-04",0
"2018-08-05",0
"2018-08-06",0
"2018-08-07",0
"2018-08-08",0
"2018-08-09",0
"2018-08-10",0
"2018-08-11",0
"2018-08-12",0
"2018-08-13",0
"2018-08-14",0
"2018-08-15",0
"2018-08-16",0
"2018-08-17",0
"2018-08-18",0
"2018-08-19",0
"2018-08-20",0
"2018-08-21",0
"2018-08-22",0
"2018-08-23",0
"2018-08-24",0
"2018-08-25",0
"2018-08-26",0
"2018-08-27",0
"2018-08-28",0
"2018-08-29",0
"2018-08-30",0
"2018-08-31",0
"2018-09-01",0
"2018-09-02",0
"2018-09-03",0
"2018-09-04",0
"2018-09-05",0
"2018-09-06",0
"2018-09-07",0
"2018-09-08",0
"2018-09-09",0
"2018-09-10",0
"2018-09-11",0
"2018-09-12",0
"2018-09-13",0
"2018-09-14",0
"2018-09-15",0
"2018-09-16",0
"2018-09-17",0
"2018-09-18",0
"2018-09-19",0
"2018-09-20",0
"2018-09-21",0
"2018-09-22",0
"2018-09-23",0
"2018-09-24",0
"2018-09-25",0
"2018-09-26",0
"2018-09-27",0
"2018-09-28",0
"2018-09-29",0
"2018-09-30",0
"2018-10-01",0
"2018-10-02",0
"2018-10-03",0
"2018-10-04",0
"2018-10-05",0
"2018-10-06",0
"2018-10-07",0
"2018-10-08",0
"2018-10-09",0
"2018-10-10",3
"2018-10-11",0
"2018-10-12",0
"2018-10-13",0
"2018-10-14",0
"2018-10-15",0
"2018-10-16",0
"2018-10-17",2
"2018-10-18",1
"2018-10-19",0
"2018-10-20",0
"2018-10-21",0
"2018-10-22",0
"2018-10-23",0
"2018-10-24",0
"2018-10-25",0
"2018-10-26",0
"2018-10-27",0
"2018-10-28",0
"2018-10-29",0
"2018-10-30",0
"2018-10-31",2
"2018-11-01",0
"2018-11-02",0
"2018-11-03",0
"2018-11-04",0
"2018-11-05",0
"2018-11-06",0
"2018-11-07",0
"2018-11-08",0
"2018-11-09",0
"2018-11-10",0
"2018-11-11",0
"2018-11-12",0
"2018-11-13",0
"2018-11-14",0
"2018-11-15",0
"2018-11-16",0
"2018-11-17",0
"2018-11-18",0
"2018-11-19",0
"2018-11-20",0
"2018-11-21",0
"2018-11-22",0
"2018-11-23",6
"2018-11-24",5
"2018-11-25",1
"2018-11-26",0
"2018-11-27",0
"2018-11-28",0
"2018-11-29",0
"2018-11-30",0
"2018-12-01",0
"2018-12-02",0
"2018-12-03",0
"2018-12-04",0
"2018-12-05",0
"2018-12-06",0
"2018-12-07",0
"2018-12-08",0
"2018-12-09",0
"2018-12-10",0
"2018-12-11",0
"2018-12-12",0
"2018-12-13",0
"2018-12-14",0
"2018-12-15",0
"2018-12-16",50
"2018-12-17",0
"2018-12-18",0
"2018-12-19",0
"2018-12-20",0
"2018-12-21",0
"2018-12-22",0
"2018-12-23",0
"2018-12-24",0
"2018-12-25",0
"2018-12-26",0
"2018-12-27",0
"2018-12-28",0
"2018-12-29",0
"2018-12-30",0
"2018-12-31",0
"2019-01-01",0
"2019-01-02",0
"2019-01-03",0
"2019-01-04",0
"2019-01-05",0
"2019-01-06",0
"2019-01-07",119
"2019-01-08",125
"2019-01-09",124
"2019-01-10",123
"2019-01-11",122
"2019-01-12",121
"2019-01-13",121
"2019-01-14",128
"2019-01-15",132
"2019-01-16",134
"2019-01-17",144
"2019-01-18",144
"2019-01-19",180
"2019-01-20",178
"2019-01-21",177
"2019-01-22",179
"2019-01-23",180
"2019-01-24",181
"2019-01-25",180
"2019-01-26",179
"2019-01-27",177
"2019-01-28",175
"2019-01-29",173
"2019-01-30",172
"2019-01-31",171
"2019-02-01",169
"2019-02-02",169
"2019-02-03",168
"2019-02-04",169
"2019-02-05",168
"2019-02-06",167
"2019-02-07",227
"2019-02-08",227
"2019-02-09",225
"2019-02-10",222
"2019-02-11",220
"2019-02-12",238
"2019-02-13",237
"2019-02-14",234
"2019-02-15",263
"2019-02-16",251
"2019-02-17",265
"2019-02-18",271
"2019-02-19",277
"2019-02-20",285
"2019-02-21",287
"2019-02-22",299
"2019-02-23",319
"2019-02-24",320
"2019-02-25",319
"2019-02-26",318
"2019-02-27",317
"2019-02-28",314
"2019-03-01",313
"2019-03-02",311
"2019-03-03",329
"2019-03-04",336
"2019-03-05",357
"2019-03-06",357
"2019-03-07",352
"2019-03-08",350
"2019-03-09",358
"2019-03-10",357
"2019-03-11",355
"2019-03-12",366
"2019-03-13",392
"2019-03-14",422
"2019-03-15",421
"2019-03-16",421
"2019-03-17",420
"2019-03-18",419
"2019-03-19",419
"2019-03-20",419
"2019-03-21",418
"2019-03-22",424
"2019-03-23",425
"2019-03-24",424
"2019-03-25",423
"2019-03-26",438
"2019-03-27",433
"2019-03-28",423
"2019-03-29",414
"2019-03-30",403
"2019-03-31",401
"2019-04-01",402
"2019-04-02",401
"2019-04-03",399
"2019-04-04",400
"2019-04-05",397
"2019-04-06",393
"2019-04-07",386
"2019-04-08",377
"2019-04-09",359
"2019-04-10",315
"2019-04-11",315
"2019-04-12",319
"2019-04-13",363
"2019-04-14",362
"2019-04-15",357
"2019-04-16",337
"2019-04-17",317
"2019-04-18",306
"2019-04-19",288
"2019-04-20",270
"2019-04-21",244
"2019-04-22",216
"2019-04-23",203
"2019-04-24",198
"2019-04-25",178
"2019-04-26",141
"2019-04-27",102
"2019-04-28",57
"2019-04-29",5
"2019-04-30",0
"2019-05-01",0
"2019-05-02",0
"2019-05-03",0
"2019-05-04",0
"2019-05-05",0
"2019-05-06",0
"2019-05-07",0
"2019-05-08",0
"2019-05-09",2
"2019-05-10",6
"2019-05-11",11
"2019-05-12",6
"2019-05-13",0
"2019-05-14",0
"2019-05-15",0
"2019-05-16",0
"2019-05-17",0
"2019-05-18",10
"2019-05-19",8
"2019-05-20",0
"2019-05-21",15
"2019-05-22",20
"2019-05-23",24
"2019-05-24",32
"2019-05-25",30
"2019-05-26",4
"2019-05-27",0
"2019-05-28",0
"2019-05-29",0
"2019-05-30",0
"2019-05-31",0
"2019-06-01",0
"2019-06-02",0
"2019-06-03",0
"2019-06-04",0
"2019-06-05",0
"2019-06-06",0
"2019-06-07",0
"2019-06-08",0
"2019-06-09",0
"2019-06-10",0
"2019-06-11",0
"2019-06-12",0
"2019-06-13",0
"2019-06-14",0
"2019-06-15",0
"2019-06-16",0
"2019-06-17",0
"2019-06-18",0
"2019-06-19",0
"2019-06-20",0
"2019-06-21",0
"2019-06-22",0
"2019-06-23",0
"2019-06-24",0
"2019-06-25",0
"2019-06-26",0
"2019-06-27",0
"2019-06-28",0
"2019-06-29",0
"2019-06-30",0
"2019-07-01",0
"2019-07-02",0
"2019-07-03",0
"2019-07-04",0
"2019-07-05",0
"2019-07-06",0
"2019-07-07",0
"2019-07-08",0
"2019-07-09",0
"2019-07-10",0
"2019-07-11",0
"2019-07-12",0
"2019-07-13",0
"2019-07-14",0
"2019-07-15",0
"2019-07-16",0
"2019-07-17",0
"2019-07-18",0
"2019-07-19",0
"2019-07-20",0
"2019-07-21",0
"2019-07-22",0
"2019-07-23",0
"2019-07-24",0
"2019-07-25",0
"2019-07-26",0
"2019-07-27",0
"2019-07-28",0
"2019-07-29",0
"2019-07-30",0
"2019-07-31",0
"2019-08-01",0
"2019-08-02",0
"2019-08-03",0
"2019-08-04",0
"2019-08-05",0
"2019-08-06",0
"2019-08-07",0
"2019-08-08",0
"2019-08-09",0
"2019-08-10",0
"2019-08-11",0
"2019-08-12",0
"2019-08-13",0
"2019-08-14",0
"2019-08-15",0
"2019-08-16",0
"2019-08-17",0
"2019-08-18",0
"2019-08-19",0
"2019-08-20",0
"2019-08-21",0
"2019-08-22",0
"2019-08-23",0
"2019-08-24",0
"2019-08-25",0
"2019-08-26",0
"2019-08-27",0
"2019-08-28",0
"2019-08-29",0
"2019-08-30",0
"2019-08-31",0
"2019-09-01",0
"2019-09-02",0
"2019-09-03",0
"2019-09-04",0
"2019-09-05",0
"2019-09-06",0
"2019-09-07",0
"2019-09-08",0
"2019-09-09",0
"2019-09-10",0
"2019-09-11",0
"2019-09-12",0
"2019-09-13",0
"2019-09-14",0
"2019-09-15",0
"2019-09-16",0
"2019-09-17",0
"2019-09-18",0
"2019-09-19",0
"2019-09-20",0
"2019-09-21",0
"2019-09-22",0
"2019-09-23",0
"2019-09-24",0
"2019-09-25",0
"2019-09-26",0
"2019-09-27",0
"2019-09-28",0
"2019-09-29",0
"2019-09-30",0
"2019-10-01",0
"2019-10-02",0
"2019-10-03",0
"2019-10-04",0
"2019-10-05",0
"2019-10-06",0
"2019-10-07",0
"2019-10-08",0
"2019-10-09",0
"2019-10-10",0
"2019-10-11",0
"2019-10-12",0
"2019-10-13",0
"2019-10-14",0
"2019-10-15",0
"2019-10-16",0
"2019-10-17",0
"2019-10-18",0
"2019-10-19",0
"2019-10-20",0
"2019-10-21",0
"2019-10-22",0
"2019-10-23",0
"2019-10-24",0
"2019-10-25",0
"2019-10-26",0
"2019-10-27",0
"2019-10-28",0
"2019-10-29",4
"2019-10-30",1
"2019-10-31",0
"2019-11-01",0
"2019-11-02",0
"2019-11-03",0
"2019-11-04",0
"2019-11-05",0
"2019-11-06",0
"2019-11-07",0
"2019-11-08",0
"2019-11-09",0
"2019-11-10",0
"2019-11-11",0
"2019-11-12",0
"2019-11-13",0
"2019-11-14",0
"2019-11-15",0
"2019-11-16",0
"2019-11-17",0
"2019-11-18",0
"2019-11-19",0
"2019-11-20",0
"2019-11-21",2
"2019-11-22",12
"2019-11-23",12
"2019-11-24",12
"2019-11-25",10
"2019-11-26",17
"2019-11-27",20
"2019-11-28",19
"2019-11-29",18
"2019-11-30",50
"2019-12-01",53
"2019-12-02",52
"2019-12-03",51
"2019-12-04",60
"2019-12-05",58
"2019-12-06",63
"2019-12-07",63
"2019-12-08",62
"2019-12-09",74
"2019-12-10",77
"2019-12-11",76
"2019-12-12",75
"2019-12-13",98
"2019-12-14",114
"2019-12-15",119
"2019-12-16",133
"2019-12-17",132
"2019-12-18",131
"2019-12-19",129
"2019-12-20",128
"2019-12-21",126
"2019-12-22",125
"2019-12-23",123
"2019-12-24",121
"2019-12-25",129
"2019-12-26",140
"2019-12-27",142
"2019-12-28",154
"2019-12-29",161
"2019-12-30",160
"2019-12-31",160
"2020-01-01",159
"2020-01-02",159
"2020-01-03",159
"2020-01-04",157
"2020-01-05",156
"2020-01-06",154
"2020-01-07",177
"2020-01-08",176
"2020-01-09",174
"2020-01-10",174
"2020-01-11",173
"2020-01-12",172
"2020-01-13",173
"2020-01-14",171
"2020-01-15",167
"2020-01-16",165
"2020-01-17",171
"2020-01-18",173
"2020-01-19",172
"2020-01-20",171
"2020-01-21",170
"2020-01-22",213
"2020-01-23",213
"2020-01-24",212
"2020-01-25",211
"2020-01-26",211
"2020-01-27",210
"2020-01-28",218
"2020-01-29",216
"2020-01-30",216
"2020-01-31",215
"2020-02-01",213
"2020-02-02",211
"2020-02-03",208
"2020-02-04",206
"2020-02-05",206
"2020-02-06",205
"2020-02-07",203
"2020-02-08",201
"2020-02-09",199
"2020-02-10",197
"2020-02-11",227
"2020-02-12",228
"2020-02-13",228
"2020-02-14",226
"2020-02-15",225
"2020-02-16",223
"2020-02-17",219
"2020-02-18",218
"2020-02-19",216
"2020-02-20",215
"2020-02-21",214
"2020-02-22",213
"2020-02-23",224
"2020-02-24",244
"2020-02-25",246
"2020-02-26",244
"2020-02-27",243
"2020-02-28",241
"2020-02-29",240
"2020-03-01",237
"2020-03-02",235
"2020-03-03",234
"2020-03-04",232
"2020-03-05",230
"2020-03-06",227
"2020-03-07",224
"2020-03-08",218
"2020-03-09",214
"2020-03-10",209
"2020-03-11",209
"2020-03-12",210
"2020-03-13",201
"2020-03-14",199
"2020-03-15",194
"2020-03-16",187
"2020-03-17",180
"2020-03-18",170
"2020-03-19",170
"2020-03-20",185
"2020-03-21",184
"2020-03-22",182
"2020-03-23",168
"2020-03-24",168
"2020-03-25",167
"2020-03-26",161
"2020-03-27",153
"2020-03-28",152
"2020-03-29",147
"2020-03-30",141
"2020-03-31",142
"2020-04-01",134
"2020-04-02",112
"2020-04-03",97
"2020-04-04",92
"2020-04-05",83
"2020-04-06",66
"2020-04-07",47
"2020-04-08",32
"2020-04-09",19
"2020-04-10",6
"2020-04-11",0
"2020-04-12",0
"2020-04-13",1
"2020-04-14",5
"2020-04-15",3
"2020-04-16",1
"2020-04-17",0
"2020-04-18",0
"2020-04-19",0
"2020-04-20",0
"2020-04-21",0
"2020-04-22",4
"2020-04-23",0
"2020-04-24",0
"2020-04-25",0
"2020-04-26",0
"2020-04-27",0
"2020-04-28",0
"2020-04-29",0
"2020-04-30",0
"2020-05-01",0
"2020-05-02",0
"2020-05-03",0
"2020-05-04",0
"2020-05-05",0
"2020-05-06",0
"2020-05-07",0
"2020-05-08",0
"2020-05-09",0
"2020-05-10",0
"2020-05-11",0
"2020-05-12",0
"2020-05-13",0
"2020-05-14",0
"2020-05-15",0
"2020-05-16",0
"2020-05-17",0
"2020-05-18",0
"2020-05-19",0
"2020-05-20",0
"2020-05-21",0
"2020-05-22",0
"2020-05-23",0
"2020-05-24",0
"2020-05-25",0
"2020-05-26",0
"2020-05-27",0
"2020-05-28",0
"2020-05-29",0
"2020-05-30",0
"2020-05-31",0
"2020-06-01",0
"2020-06-02",0
"2020-06-03",0
"2020-06-04",0
"2020-06-05",0
"2020-06-06",0
"2020-06-07",0
"2020-06-08",0
"2020-06-09",0
"2020-06-10",0
"2020-06-11",0
"2020-06-12",0
"2020-06-13",0
"2020-06-14",0
"2020-06-15",0
"2020-06-16",0