date,swe_mm
2003-11-01,0
2003-11-02,0
2003-11-03,0
2003-11-04,0
2003-11-05,0
2003-11-06,0
2003-11-07,0
2003-11-08,0
2003-11-09,0
2003-11-10,0
2003-11-11,0
2003-11-12,0
2003-11-13,0
2003-11-14,0
2003-11-15,0
2003-11-16,0
2003-11-17,0
2003-11-18,0
2003-11-19,0
2003-11-20,0
2003-11-21,0
2003-11-22,0
2003-11-23,0
2003-11-24,0
2003-11-25,0
2003-11-26,0
2003-11-27,0
2003-11-28,0
2003-11-29,0
2003-11-30,0
2003-12-01,0
2003-12-02,0
2003-12-03,0
2003-12-04,0
2003-12-05,0
2003-12-06,0
2003-12-07,0
2003-12-08,0
2003-12-09,0
2003-12-10,0
2003-12-11,0
2003-12-12,0
2003-12-13,0
2003-12-14,0
2003-12-15,0
2003-12-16,0
2003-12-17,0
2003-12-18,0
2003-12-19,0
2003-12-20,0
2003-12-21,0
2003-12-22,0
2003-12-23,0
2003-12-24,0
2003-12-25,0
2003-12-26,0
2003-12-27,0
2003-12-28,0
2003-12-29,0
2003-12-30,0
2003-12-31,0
2004-01-01,0
2004-01-02,0
2004-01-03,0
2004-01-04,0
2004-01-05,0
2004-01-06,0
2004-01-07,0
2004-01-08,0
2004-01-09,0
2004-01-10,0
2004-01-11,0
2004-01-12,0
2004-01-13,0
2004-01-14,0
2004-01-15,0
2004-01-16,0.0849
2004-01-17,0
2004-01-18,0
2004-01-19,0
2004-01-20,0
2004-01-21,0
2004-01-22,0
2004-01-23,0
2004-01-24,0
2004-01-25,0
2004-01-26,0
2004-01-27,0
2004-01-28,0
2004-01-29,0
2004-01-30,0
2004-01-31,0
2004-02-01,0
2004-02-02,0
2004-02-03,0
2004-02-04,1.677
2004-02-05,0.7851
2004-02-06,0.266
2004-02-07,0.133
2004-02-08,0
2004-02-09,0
2004-02-10,0
2004-02-11,0
2004-02-12,0
2004-02-13,0
2004-02-14,0
2004-02-15,0
2004-02-16,0
2004-02-17,0
2004-02-18,0
2004-02-19,0
2004-02-20,0
2004-02-21,0
2004-02-22,0
2004-02-23,0.0665
2004-02-24,0.3326
2004-02-26,0.6568
2004-02-27,0.1413
2004-02-28,0.6235
2004-02-29,0.6568
2004-03-01,0.5903
2004-03-02,0.4905
2004-03-03,0.4489
2004-03-04,0.4074
2004-03-05,0.4406
2004-03-06,0.3326
2004-03-07,0.2162
2004-03-08,0.1413
2004-03-09,0.0333
2004-03-10,0.0083
2004-03-11,0
2004-03-12,0
2004-03-13,0
2004-03-14,0
2004-03-15,0
2004-03-16,0
2004-03-17,0
2004-03-18,0
2004-03-19,0
2004-03-20,0
2004-03-21,0
2004-03-22,0
2004-03-23,0
2004-03-24,0
2004-03-25,0
2004-03-26,0
2004-03-27,0
2004-03-28,0
2004-03-29,0
2004-03-30,0
2004-03-31,0
2004-04-01,0
2004-04-02,0
2004-04-03,0
2004-04-04,0
2004-04-05,0
2004-04-06,0.0166
2004-04-07,0.0249
2004-04-08,0.0333
2004-04-09,0.0333
2004-04-10,0.0249
2004-04-11,0.0166
2004-04-12,0.0083
2004-04-13,0
2004-04-14,0
2004-04-15,0
2004-04-16,0
2004-04-17,0
2004-04-18,0
2004-04-19,0
2004-04-20,0
2004-04-21,0
2004-04-22,0
2004-04-23,0
2004-04-24,0.0333
2004-04-25,0.0083
2004-04-26,0
2004-04-27,0
2004-04-28,0
2004-04-29,0
2004-04-30,0
2004-11-01,0.1413
2004-11-02,0.0582
2004-11-03,0.0166
2004-11-04,0.0083
2004-11-05,0
2004-11-06,0
2004-11-07,0
2004-11-08,0
2004-11-09,0
2004-11-10,0.0416
2004-11-11,0.0166
2004-11-12,0
2004-11-13,0.0166
2004-11-14,0.0166
2004-11-15,0
2004-11-16,0
2004-11-17,0
2004-11-18,0
2004-11-19,0
2004-11-20,0
2004-11-21,0
2004-11-22,0
2004-11-23,0
2004-11-24,0
2004-11-25,0
2004-11-26,0
2004-11-27,0
2004-11-28,0
2004-11-29,1.7255
2004-11-30,0.6858
2004-12-01,0.2328
2004-12-02,0.0748
2004-12-03,0
2004-12-04,0
2004-12-05,2.9909
2004-12-06,4.9217
2004-12-07,4.2508
2004-12-08,3.4634
2004-12-09,1.5484
2004-12-10,0.3824
2004-12-11,0.0416
2004-12-12,0
2004-12-13,0
2004-12-14,0
2004-12-15,0
2004-12-16,0
2004-12-17,0
2004-12-18,0
2004-12-19,0
2004-12-20,0
2004-12-21,0
2004-12-22,0
2004-12-23,0
2004-12-24,0
2004-12-25,0
2004-12-26,0
2004-12-27,0
2004-12-28,0
2004-12-29,0
2004-12-30,0
2004-12-31,0
2005-01-01,0
2005-01-02,0
2005-01-03,0
2005-01-04,0.5653
2005-01-05,0.7399
2005-01-06,1.1344
2005-01-07,0.8397
2005-01-08,2.7898
2005-01-09,0.7566
2005-01-10,0.4822
2005-01-11,0.3575
2005-01-12,0.3991
2005-01-13,0.2494
2005-01-14,0.1663
2005-01-15,0.0915
2005-01-16,0.0499
2005-01-17,0.0249
2005-01-18,0.0166
2005-01-19,0
2005-01-20,0
2005-01-21,0
2005-01-22,0
2005-01-23,0
2005-01-24,0
2005-01-25,0
2005-01-26,0
2005-01-27,0.0499
2005-01-28,0.1164
2005-01-29,0.0831
2005-01-30,0.0748
2005-01-31,0.0499
2005-02-01,0.0499
2005-02-02,0.0333
2005-02-03,0.0083
2005-02-04,0
2005-02-05,0
2005-02-06,0
2005-02-07,0
2005-02-08,0.0323
2005-02-09,0.5607
2005-02-10,0.0052
2005-02-11,0
2005-02-12,0.1995
2005-02-13,0.2827
2005-02-14,0.266
2005-02-15,0.2494
2005-02-16,0.2328
2005-02-17,0.3242
2005-02-18,0.2993
2005-02-19,0.3575
2005-02-20,0.3575
2005-02-21,0.4822
2005-02-22,0.4988
2005-02-23,0.4739
2005-02-24,0.5071
2005-02-25,0.3658
2005-02-26,0.3575
2005-02-27,0.3575
2005-02-28,0.3326
2005-03-01,0.3242
2005-03-02,0.3159
2005-03-03,0.291
2005-03-04,0.7233
2005-03-05,0.6485
2005-03-06,0.6069
2005-03-07,0.4988
2005-03-08,0.3159
2005-03-09,0.2577
2005-03-10,0.2162
2005-03-11,0.1746
2005-03-12,0.158
2005-03-13,0.1247
2005-03-14,0.0915
2005-03-15,0.0831
2005-03-16,0.0665
2005-03-17,0.0416
2005-03-18,0.0333
2005-03-19,0.0249
2005-03-20,0.0249
2005-03-21,0.0416
2005-03-22,0.0249
2005-03-23,0.0166
2005-03-24,0.0083
2005-03-25,0.0083
2005-03-26,0.0499
2005-03-27,0.0083
2005-03-28,0
2005-03-29,0
2005-03-30,0
2005-03-31,0
2005-04-01,0
2005-04-02,0
2005-04-03,0
2005-04-04,0
2005-04-05,0
2005-04-06,0
2005-04-07,0
2005-04-08,0
2005-04-09,0
2005-04-10,0.133
2005-04-11,0.0915
2005-04-12,0
2005-04-13,0
2005-04-14,0
2005-04-15,0
2005-04-16,0
2005-04-17,0
2005-04-18,0
2005-04-19,0
2005-04-20,0
2005-04-21,0
2005-04-22,0
2005-04-23,0
2005-04-24,0
2005-04-25,0
2005-04-26,0
2005-04-27,0
2005-04-28,0
2005-04-29,0
2005-04-30,0
2005-11-01,0
2005-11-02,0
2005-11-03,0
2005-11-04,0
2005-11-05,0
2005-11-06,0
2005-11-07,0
2005-11-08,0
2005-11-09,0
2005-11-10,0
2005-11-11,0
2005-11-12,0
2005-11-13,0
2005-11-14,0
2005-11-15,0
2005-11-16,0
2005-11-17,0
2005-11-18,0
2005-11-19,0
2005-11-20,0
2005-11-21,0
2005-11-22,0
2005-11-23,0
2005-11-24,0
2005-11-25,0
2005-11-26,0
2005-11-27,0
2005-11-28,0
2005-11-29,0
2005-11-30,0
2005-12-01,0
2005-12-02,0
2005-12-03,0
2005-12-04,1.4799
2005-12-05,1.2388
2005-12-06,0.9478
2005-12-07,0.582
2005-12-08,0.3907
2005-12-09,0.266
2005-12-10,0.0998
2005-12-11,0.0416
2005-12-12,0.0083
2005-12-13,0
2005-12-14,0
2005-12-15,0
2005-12-16,0
2005-12-17,0
2005-12-18,0
2005-12-19,0
2005-12-20,0
2005-12-21,0
2005-12-22,0
2005-12-23,0
2005-12-24,0
2005-12-25,0
2005-12-26,0
2005-12-27,0
2005-12-28,0
2005-12-29,0
2005-12-30,0
2005-12-31,0
2006-01-01,0
2006-01-02,0
2006-01-03,0
2006-01-04,0
2006-01-05,0
2006-01-06,0
2006-01-07,0
2006-01-08,0
2006-01-09,0
2006-01-10,0
2006-01-11,0
2006-01-12,0
2006-01-13,0
2006-01-14,0
2006-01-15,0
2006-01-16,0
2006-01-17,0
2006-01-18,0
2006-01-19,0
2006-01-20,0.9964
2006-01-21,0.4074
2006-01-22,0.1995
2006-01-23,0.0499
2006-01-24,0
2006-01-25,0
2006-01-26,0.2411
2006-01-27,0.0998
2006-01-28,0
2006-01-29,0
2006-01-30,0.599
2006-01-31,0.0915
2006-02-01,0
2006-02-02,0
2006-02-03,0
2006-02-04,0
2006-02-05,0
2006-02-06,0
2006-02-07,0
2006-02-08,0
2006-02-09,0
2006-02-10,0
2006-02-11,0
2006-02-12,0
2006-02-13,0
2006-02-14,0
2006-02-15,0
2006-02-16,0
2006-02-17,0
2006-02-18,0
2006-02-19,0
2006-02-20,0
2006-02-21,0
2006-02-22,0
2006-02-23,0
2006-02-24,0
2006-02-25,0
2006-02-26,0
2006-02-27,0
2006-02-28,0
2006-03-01,0
2006-03-02,0
2006-03-03,0
2006-03-04,0
2006-03-05,0
2006-03-06,0
2006-03-07,0
2006-03-08,0.0083
2006-03-09,1.3684
2006-03-10,1.0504
2006-03-11,3.8486
2006-03-12,7.9946
2006-03-13,11.4088
2006-03-14,10.3621
2006-03-15,7.4702
2006-03-16,4.7245
2006-03-17,3.5889
2006-03-18,2.2447
2006-03-19,1.9537
2006-03-20,1.829
2006-03-21,1.8457
2006-03-22,4.0654
2006-03-23,3.9241
2006-03-24,3.6248
2006-03-25,3.2923
2006-03-26,1.6544
2006-03-27,1.2554
2006-03-28,1.0558
2006-03-29,0.8979
2006-03-30,1.8955
2006-03-31,1.7542
2006-04-01,1.3385
2006-04-02,1.4799
2006-04-03,1.405
2006-04-04,0.6402
2006-04-05,0.1413
2006-04-06,0.1247
2006-04-07,0.1912
2006-04-08,0.1081
2006-04-09,0.0499
2006-04-10,0.0166
2006-04-11,0
2006-04-12,0
2006-04-13,0
2006-04-14,0
2006-04-15,0
2006-04-16,0
2006-04-17,0
2006-04-18,0
2006-04-19,0
2006-04-20,0
2006-04-21,0
2006-04-22,0
2006-04-23,0
2006-04-24,0
2006-04-25,0
2006-04-26,0
2006-04-27,0
2006-04-28,0
2006-04-29,0
2006-04-30,0
2006-11-01,0
2006-11-02,0
2006-11-03,0
2006-11-04,0
2006-11-05,0
2006-11-06,0
2006-11-07,0
2006-11-08,0
2006-11-09,0
2006-11-10,0
2006-11-11,0
2006-11-12,0.2328
2006-11-13,0.6069
2006-11-14,0.3076
2006-11-15,0.0249
2006-11-16,0
2006-11-17,0
2006-11-18,0
2006-11-19,0
2006-11-20,0
2006-11-21,0
2006-11-22,0
2006-11-23,0
2006-11-24,0
2006-11-25,0
2006-11-26,0
2006-11-27,0
2006-11-28,0
2006-11-29,0.2388
2006-11-30,0
2006-12-01,0
2006-12-02,0
2006-12-03,0
2006-12-04,0
2006-12-05,0
2006-12-06,0
2006-12-07,0
2006-12-08,0
2006-12-09,0
2006-12-10,0
2006-12-11,0
2006-12-12,1.0363
2006-12-13,0.2145
2006-12-14,0.0118
2006-12-15,0
2006-12-16,0
2006-12-17,0
2006-12-18,0
2006-12-19,0
2006-12-20,1.0563
2006-12-21,0.3231
2006-12-22,0.197
2006-12-23,0.1637
2006-12-24,0.1339
2006-12-25,0.1256
2006-12-26,0.1172
2006-12-27,0.0901
2006-12-28,0.0998
2006-12-29,0.0998
2006-12-30,0.0915
2006-12-31,0
2007-01-01,0
2007-01-02,0
2007-01-03,0
2007-01-04,0
2007-01-05,0
2007-01-06,0.2522
2007-01-07,0
2007-01-08,0
2007-01-09,0
2007-01-10,0
2007-01-11,0
2007-01-12,0
2007-01-13,8.6146
2007-01-14,8.4591
2007-01-15,7.8139
2007-01-16,6.8063
2007-01-17,5.4254
2007-01-18,4.7174
2007-01-19,3.2488
2007-01-20,1.3239
2007-01-21,5.896
2007-01-22,4.4704
2007-01-23,2.9293
2007-01-24,1.4212
2007-01-25,0.7246
2007-01-26,0.4552
2007-01-27,0.2695
2007-01-28,0.0877
2007-01-29,0.0267
2007-01-30,0.0184
2007-01-31,0.01
2007-02-01,1.2105
2007-02-02,0.7389
2007-02-03,0.1962
2007-02-04,0
2007-02-05,0
2007-02-06,0
2007-02-07,0
2007-02-08,0
2007-02-09,0
2007-02-10,0
2007-02-11,0
2007-02-12,0.1746
2007-02-13,0.1746
2007-02-15,0.133
2007-02-16,0.0915
2007-02-17,0.0333
2007-02-18,0.0083
2007-02-19,0
2007-02-20,0.0083
2007-02-21,0
2007-02-22,0
2007-02-23,0
2007-02-24,1.0641
2007-02-25,0.1957
2007-02-26,0
2007-02-27,0
2007-02-28,0
2007-03-01,8.8602
2007-03-02,7.5619
2007-03-03,5.5689
2007-03-04,3.9463
2007-03-05,2.2504
2007-03-06,1.0642
2007-03-07,0.4988
2007-03-08,0.3242
2007-03-09,0.1164
2007-03-10,0.0499
2007-03-11,0
2007-03-12,0
2007-03-13,0
2007-03-14,0
2007-03-15,0
2007-03-16,0
2007-03-17,0
2007-03-18,0
2007-03-19,0
2007-03-20,0
2007-03-21,0
2007-03-22,0
2007-03-23,0
2007-03-24,0
2007-03-25,0
2007-03-27,0
2007-03-28,0
2007-03-29,0
2007-03-30,0.7012
2007-03-31,0
2007-04-01,0
2007-04-02,0
2007-04-03,0
2007-04-04,0
2007-04-05,0
2007-04-06,0
2007-04-07,0
2007-04-08,0
2007-04-09,0
2007-04-10,0
2007-04-11,0
2007-04-12,0
2007-04-13,0
2007-04-14,0
2007-04-15,0
2007-04-16,0
2007-04-17,0
2007-04-18,0
2007-04-19,0
2007-04-20,0
2007-04-21,0
2007-04-22,0
2007-04-23,0
2007-04-24,0.0831
2007-04-25,0.0416
2007-04-26,0
2007-04-27,0
2007-04-28,0
2007-04-29,0
2007-04-30,0
2007-11-01,0
2007-11-02,0
2007-11-03,0
2007-11-04,0
2007-11-05,0
2007-11-06,0
2007-11-07,0
2007-11-08,0
2007-11-09,0
2007-11-10,0
2007-11-11,0
2007-11-12,0
2007-11-13,0
2007-11-14,0
2007-11-15,0
2007-11-16,0
2007-11-17,0
2007-11-18,0
2007-11-19,0
2007-11-20,0
2007-11-21,0
2007-11-22,0
2007-11-23,0
2007-11-24,0
2007-11-25,0
2007-11-26,0
2007-11-27,0
2007-11-28,0
2007-11-29,0
2007-11-30,0
2007-12-01,0
2007-12-02,0.3907
2007-12-03,0.2411
2007-12-04,0
2007-12-05,0
2007-12-06,0
2007-12-07,0
2007-12-08,0.0083
2007-12-09,0
2007-12-10,0
2007-12-11,3.192
2007-12-12,6.5786
2007-12-13,6.15
2007-12-14,6.0089
2007-12-15,6.0582
2007-12-16,5.1034
2007-12-17,4.5589
2007-12-18,3.1003
2007-12-19,1.9746
2007-12-20,1.9519
2007-12-21,1.0236
2007-12-22,0.3111
2007-12-23,0.1155
2007-12-24,0.0878
2007-12-25,0.071
2007-12-26,0.0462
2007-12-27,0.0375
2007-12-28,0.0375
2007-12-29,0.0347
2007-12-30,0.0175
2007-12-31,0.0103
2008-01-01,0.0018
2008-01-02,0
2008-01-03,0
2008-01-04,0
2008-01-05,0
2008-01-06,0.3824
2008-01-07,3.2139
2008-01-08,6.5322
2008-01-09,5.9406
2008-01-10,5.3315
2008-01-11,4.4191
2008-01-12,3.0464
2008-01-13,2.3812
2008-01-14,1.9776
2008-01-15,1.5912
2008-01-16,1.2136
2008-01-17,0.9386
2008-01-18,0.8337
2008-01-19,0.6997
2008-01-20,0.5916
2008-01-21,0.417
2008-01-22,0.275
2008-01-23,0.2494
2008-01-24,0.1995
2008-01-25,0.7647
2008-01-26,0.374
2008-01-27,0.3119
2008-01-28,0.0998
2008-01-29,2.093
2008-01-30,1.1445
2008-01-31,0.4489
2008-02-01,0.2328
2008-02-02,0.1164
2008-02-03,1.1213
2008-02-04,3.7508
2008-02-05,2.9669
2008-02-06,2.1666
2008-02-07,1.4253
2008-02-08,0.6069
2008-02-09,0.2328
2008-02-10,0.1164
2008-02-11,0.0831
2008-02-12,0.0582
2008-02-13,0.0333
2008-02-14,0
2008-02-15,1.1123
2008-02-16,0.5374
2008-02-17,0.1081
2008-02-18,0
2008-02-19,0
2008-02-20,0
2008-02-21,1.902
2008-02-22,3.2889
2008-02-23,13.3911
2008-02-24,14.1531
2008-02-25,9.0042
2008-02-26,9.0394
2008-02-27,8.3635
2008-02-28,7.8316
2008-02-29,6.9337
2008-03-01,5.7116
2008-03-02,3.0345
2008-03-03,2.9181
2008-03-04,2.677
2008-03-05,2.2281
2008-03-06,2.0452
2008-03-07,1.7958
2008-03-08,1.563
2008-03-09,1.3551
2008-03-10,1.1889
2008-03-11,1.0558
2008-03-12,0.8314
2008-03-14,0.3492
2008-03-15,0.266
2008-03-16,0.2078
2008-03-17,0.8629
2008-03-18,4.0982
2008-03-19,1.5376
2008-03-20,0.5071
2008-03-21,0.1746
2008-03-22,0.133
2008-03-23,0.0748
2008-03-24,0.0499
2008-03-25,0.0166
2008-03-26,0
2008-03-27,0
2008-03-28,0
2008-03-29,0
2008-03-30,0
2008-03-31,0
2008-04-01,0
2008-04-02,0
2008-04-03,0
2008-04-04,0
2008-04-05,0
2008-04-06,0
2008-04-07,0
2008-04-08,0
2008-04-09,0
2008-04-10,1.2637
2008-04-11,0.6817
2008-04-12,0.1912
2008-04-13,0.0166
2008-04-14,0
2008-04-15,0
2008-04-16,0
2008-04-17,0
2008-04-18,0
2008-04-19,0
2008-04-20,0
2008-04-21,0
2008-04-22,0
2008-04-23,0
2008-04-24,0
2008-04-25,0
2008-04-26,0
2008-04-27,0
2008-04-28,0
2008-04-29,0
2008-04-30,0
2008-11-01,0
2008-11-02,0
2008-11-03,0
2008-11-04,0
2008-11-05,0
2008-11-06,0
2008-11-07,0
2008-11-08,0
2008-11-09,0
2008-11-10,0
2008-11-11,0
2008-11-12,0
2008-11-13,0
2008-11-14,0
2008-11-15,0
2008-11-16,0
2008-11-17,0
2008-11-18,0
2008-11-19,0
2008-11-20,0
2008-11-21,0
2008-11-22,0
2008-11-23,0
2008-11-24,0
2008-11-25,0
2008-11-26,0
2008-11-27,0
2008-11-28,0.4905
2008-11-29,0.7898
2008-11-30,0.4739
2008-12-01,0.2162
2008-12-02,0.0166
2008-12-03,0
2008-12-04,0
2008-12-05,0
2008-12-06,0
2008-12-07,0
2008-12-08,0
2008-12-09,0.1413
2008-12-10,0.0831
2008-12-11,0.0166
2008-12-12,0
2008-12-13,0
2008-12-14,1.0325
2008-12-15,1.5107
2008-12-16,9.7612
2008-12-17,15.9954
2008-12-18,17.6887
2008-12-19,19.4293
2008-12-20,18.3135
2008-12-21,16.947
2008-12-22,16.1366
2008-12-23,21.238
2008-12-24,26.096
2008-12-25,25.6969
2008-12-26,25.8088
2008-12-27,24.2441
2008-12-28,23.2335
2008-12-29,22.6514
2008-12-30,21.8846
2008-12-31,20.9184
2009-01-01,19.588
2009-01-02,18.0178
2009-01-03,14.9614
2009-01-04,13.1541
2009-01-05,12.3515
2009-01-06,13.1309
2009-01-07,12.0954
2009-01-08,10.6142
2009-01-09,8.0162
2009-01-10,5.4798
2009-01-11,4.0513
2009-01-12,2.7135
2009-01-13,2.0031
2009-01-14,1.4128
2009-01-15,0.915
2009-01-16,0.7492
2009-01-17,0.6338
2009-01-18,0.5168
2009-01-19,0.3089
2009-01-20,0.1586
2009-01-21,0.0665
2009-01-22,0.0499
2009-01-23,0.0249
2009-01-24,0.0416
2009-01-25,0.0249
2009-01-26,0.0748
2009-01-27,0.0998
2009-01-28,0.0582
2009-01-29,0.0249
2009-01-30,0
2009-01-31,0
2009-02-01,0
2009-02-02,0
2009-02-03,0
2009-02-04,0
2009-02-05,0
2009-02-06,0
2009-02-07,0
2009-02-08,0
2009-02-09,0
2009-02-10,1.2316
2009-02-11,1.6347
2009-02-12,0.6677
2009-02-13,0.2494
2009-02-14,0.0915
2009-02-15,0.1164
2009-02-16,0.0166
2009-02-17,0
2009-02-18,0
2009-02-19,0
2009-02-20,0
2009-02-21,0
2009-02-22,0
2009-02-23,0
2009-02-24,0
2009-02-25,0
2009-02-26,0
2009-02-27,0
2009-02-28,0
2009-03-01,0
2009-03-02,0
2009-03-03,0
2009-03-04,0
2009-03-05,0
2009-03-06,0
2009-03-07,0
2009-03-08,0.1981
2009-03-09,0
2009-03-10,0
2009-03-11,0
2009-03-12,0
2009-03-13,0
2009-03-14,0
2009-03-15,0
2009-03-16,0
2009-03-17,0
2009-03-18,0
2009-03-19,0
2009-03-20,0
2009-03-21,0
2009-03-22,0
2009-03-23,0
2009-03-24,0
2009-03-25,0
2009-03-26,0
2009-03-27,0.2321
2009-03-28,0
2009-03-29,0
2009-03-30,1.9205
2009-03-31,1.9427
2009-04-01,0.1829
2009-04-02,0
2009-04-03,0
2009-04-04,0
2009-04-05,0
2009-04-06,0
2009-04-07,0
2009-04-08,0
2009-04-09,0
2009-04-10,0
2009-04-11,0
2009-04-12,0.0748
2009-04-13,0.0333
2009-04-14,0
2009-04-15,0
2009-04-16,0
2009-04-17,0.8291
2009-04-18,0.0416
2009-04-19,0
2009-04-20,0
2009-04-21,0
2009-04-22,0
2009-04-23,0
2009-04-24,0
2009-04-25,0
2009-04-26,0
2009-04-27,0
2009-04-28,0
2009-04-29,0
2009-04-30,0
2009-11-01,0
2009-11-02,0
2009-11-03,0
2009-11-04,0
2009-11-05,0
2009-11-06,0
2009-11-07,0
2009-11-08,0
2009-11-09,0
2009-11-10,0
2009-11-11,0
2009-11-12,0
2009-11-13,0
2009-11-14,0.0249
2009-11-15,2.3034
2009-11-16,1.2803
2009-11-17,0.533
2009-11-18,0.2522
2009-11-19,0.0249
2009-11-20,0
2009-11-21,0
2009-11-22,0
2009-11-23,0
2009-11-24,0
2009-11-25,0
2009-11-26,0
2009-11-27,0
2009-11-28,0
2009-11-29,0
2009-11-30,0
2009-12-01,0
2009-12-02,0
2009-12-03,0
2009-12-04,0
2009-12-05,0
2009-12-06,0
2009-12-07,0
2009-12-08,3.258
2009-12-09,3.9894
2009-12-10,3.5323
2009-12-11,3.1168
2009-12-12,3.1153
2009-12-13,3.175
2009-12-14,3.9401
2009-12-15,3.5993
2009-12-16,3.2254
2009-12-17,2.8181
2009-12-18,2.2113
2009-12-19,1.6046
2009-12-20,1.006
2009-12-21,0.582
2009-12-22,0.1829
2009-12-23,5.214
2009-12-24,5.406
2009-12-25,4.3871
2009-12-26,3.8041
2009-12-27,3.3019
2009-12-28,3.005
2009-12-29,2.5893
2009-12-30,5.813
2009-12-31,12.0913
2010-01-01,12.0436
2010-01-02,11.3924
2010-01-03,10.5417
2010-01-04,9.6087
2010-01-05,9.1038
2010-01-06,8.8023
2010-01-07,7.7001
2010-01-08,6.1549
2010-01-09,4.9503
2010-01-10,4.2948
2010-01-11,3.6995
2010-01-12,3.2613
2010-01-13,2.8131
2010-01-14,2.5005
2010-01-15,2.2816
2010-01-16,2.1637
2010-01-17,2.1378
2010-01-18,2.0608
2010-01-19,3.0506
2010-01-20,3.5587
2010-01-21,10.1791
2010-01-22,23.1754
2010-01-23,23.7007
2010-01-24,23.4464
2010-01-25,22.5006
2010-01-26,21.7594
2010-01-27,21.2368
2010-01-28,21.3847
2010-01-29,21.3205
2010-01-30,21.0777
2010-01-31,20.8287
2010-02-01,21.5619
2010-02-02,21.0343
2010-02-03,20.797
2010-02-04,20.2315
2010-02-05,19.4718
2010-02-06,17.9686
2010-02-07,17.1163
2010-02-08,19.6343
2010-02-09,19.2264
2010-02-10,18.8806
2010-02-11,18.7014
2010-02-12,17.8396
2010-02-13,16.3913
2010-02-14,14.2484
2010-02-15,11.9643
2010-02-16,10.8538
2010-02-17,10.0127
2010-02-18,9.4813
2010-02-19,8.5538
2010-02-20,6.5827
2010-02-21,6.107
2010-02-22,19.5061
2010-02-23,23.0724
2010-02-24,17.2001
2010-02-25,24.0234
2010-02-26,23.6762
2010-02-27,22.357
2010-02-28,20.1685
2010-03-01,18.2078
2010-03-02,15.4726
2010-03-03,14.2665
2010-03-04,12.697
2010-03-05,11.8224
2010-03-06,11.3082
2010-03-07,10.3907
2010-03-08,11.3243
2010-03-09,10.9696
2010-03-10,12.1777
2010-03-11,12.8241
2010-03-12,10.1931
2010-03-13,9.1438
2010-03-14,8.9708
2010-03-15,12.9474
2010-03-16,10.0764
2010-03-17,9.2948
2010-03-18,8.5466
2010-03-19,6.8838
2010-03-20,6.4681
2010-03-21,5.803
2010-03-22,5.0215
2010-03-23,3.949
2010-03-24,3.5999
2010-03-25,3.259
2010-03-26,2.9264
2010-03-27,4.2982
2010-03-28,3.6497
2010-03-29,3.2756
2010-03-30,1.9122
2010-03-31,0.3741
2010-04-01,0.291
2010-04-02,0.9368
2010-04-03,0.5071
2010-04-04,0.2827
2010-04-05,0.2328
2010-04-06,0.2245
2010-04-07,0.158
2010-04-08,0.133
2010-04-09,0.1164
2010-04-10,0.0915
2010-04-11,0.0748
2010-04-12,0.0416
2010-04-13,0.0166
2010-04-14,0.0166
2010-04-15,0
2010-04-16,0
2010-04-17,0
2010-04-18,0
2010-04-19,0
2010-04-20,0
2010-04-21,0
2010-04-22,0
2010-04-23,0
2010-04-24,0
2010-04-25,0
2010-04-26,0
2010-04-27,0
2010-04-28,0
2010-04-29,0
2010-04-30,0.8673
2010-11-01,0
2010-11-02,0
2010-11-03,0
2010-11-04,0
2010-11-05,0
2010-11-06,0
2010-11-07,0
2010-11-08,0
2010-11-09,0.0915
2010-11-10,0.0665
2010-11-11,0.2333
2010-11-12,0.0333
2010-11-13,0
2010-11-14,0
2010-11-15,0
2010-11-16,0
2010-11-17,0
2010-11-18,0
2010-11-19,0
2010-11-20,0
2010-11-21,0
2010-11-22,0.2162
2010-11-23,0.1081
2010-11-24,0
2010-11-25,0
2010-11-26,0
2010-11-27,0
2010-11-28,0
2010-11-29,0
2010-11-30,0
2010-12-01,0
2010-12-02,0
2010-12-03,0
2010-12-04,0
2010-12-05,0
2010-12-06,0
2010-12-07,0
2010-12-08,0
2010-12-09,0
2010-12-10,0
2010-12-11,0
2010-12-12,0
2010-12-13,0
2010-12-14,0
2010-12-15,0
2010-12-16,0
2010-12-17,1.0527
2010-12-18,3.1331
2010-12-19,5.9056
2010-12-20,1.3136
2010-12-21,0.9478
2010-12-22,1.3053
2010-12-23,1.2886
2010-12-24,1.7958
2010-12-25,1.6877
2010-12-26,1.4466
2010-12-27,1.6711
2010-12-28,1.3551
2010-12-29,1.2803
2010-12-30,4.5145
2010-12-31,19.2766
2011-01-01,18.941
2011-01-02,18.3857
2011-01-03,17.8762
2011-01-04,17.8042
2011-01-05,14.7667
2011-01-06,13.8188
2011-01-07,12.8339
2011-01-08,12.2623
2011-01-09,12.0294
2011-01-10,10.9818
2011-01-11,11.3374
2011-01-12,10.3975
2011-01-13,9.6119
2011-01-14,8.8205
2011-01-15,6.8319
2011-01-16,5.4278
2011-01-17,2.1843
2011-01-18,0.8896
2011-01-19,0.7815
2011-01-20,0.6817
2011-01-21,0.6069
2011-01-22,0.4905
2011-01-23,0.3991
2011-01-24,0.3492
2011-01-25,0.266
2011-01-26,0.2162
2011-01-27,0.1746
2011-01-28,0.133
2011-01-29,0.1164
2011-01-30,0.0915
2011-01-31,0.0582
2011-02-01,0.0499
2011-02-02,0.0416
2011-02-03,0.0249
2011-02-04,0
2011-02-05,0
2011-02-06,0
2011-02-07,0
2011-02-08,0
2011-02-09,0.6551
2011-02-10,0.0333
2011-02-11,0
2011-02-12,0
2011-02-13,0
2011-02-14,0
2011-02-15,0
2011-02-16,0
2011-02-17,0
2011-02-18,0
2011-02-19,0
2011-02-20,0.8396
2011-02-21,0.747
2011-02-22,0.4573
2011-02-23,0.3575
2011-02-24,0.1663
2011-02-25,0.1081
2011-02-26,0.0499
2011-02-27,0.0249
2011-02-28,0.0166
2011-03-01,0
2011-03-02,0
2011-03-03,0
2011-03-04,0
2011-03-05,0
2011-03-06,0
2011-03-07,0
2011-03-08,0.4656
2011-03-09,0.2744
2011-03-10,0.0748
2011-03-11,0
2011-03-12,0
2011-03-13,0
2011-03-14,0
2011-03-15,0
2011-03-16,0
2011-03-17,0
2011-03-18,0.2494
2011-03-19,0.0166
2011-03-20,0
2011-03-21,0
2011-03-22,0
2011-03-23,0.3158
2011-03-24,0
2011-03-25,0
2011-03-26,0
2011-03-27,0.291
2011-03-28,0.1413
2011-03-29,0
2011-03-30,0
2011-03-31,0
2011-04-01,0
2011-04-02,0
2011-04-03,0
2011-04-04,0
2011-04-05,0
2011-04-06,0
2011-04-07,0.0083
2011-04-08,0
2011-04-09,0
2011-04-10,0.2827
2011-04-11,0
2011-04-12,0
2011-04-13,0
2011-04-14,0
2011-04-15,0
2011-04-16,0
2011-04-17,0
2011-04-18,0
2011-04-19,0
2011-04-20,0
2011-04-21,0
2011-04-22,0
2011-04-23,0
2011-04-24,0
2011-04-25,0.0166
2011-04-26,0
2011-04-27,0
2011-04-28,0
2011-04-29,0
2011-04-30,0
2011-11-01,0
2011-11-02,0
2011-11-03,0
2011-11-04,0
2011-11-05,0
2011-11-06,1.3635
2011-11-07,1.3718
2011-11-08,11.3356
2011-11-09,11.4674
2011-11-10,9.8517
2011-11-11,8.5078
2011-11-12,6.9476
2011-11-13,3.2174
2011-11-14,2.6272
2011-11-15,2.3279
2011-11-16,2.1034
2011-11-17,1.9122
2011-11-18,1.6544
2011-11-19,1.2388
2011-11-20,1.0475
2011-11-21,0.9145
2011-11-22,1.1722
2011-11-23,1.0891
2011-11-24,0.69
2011-11-25,0.4656
2011-11-26,0.3242
2011-11-27,0.1413
2011-11-28,0.0333
2011-11-29,0
2011-11-30,0
2011-12-01,0
2011-12-02,0.266
2011-12-03,0.266
2011-12-04,0.4585
2011-12-05,0.3272
2011-12-06,0.3159
2011-12-07,0.0831
2011-12-08,3.8715
2011-12-09,3.6092
2011-12-10,3.3229
2011-12-11,3.0854
2011-12-12,2.7399
2011-12-13,10.4183
2011-12-14,12.4277
2011-12-15,12.7432
2011-12-16,12.068
2011-12-17,10.7401
2011-12-18,9.4092
2011-12-19,9.1954
2011-12-20,8.2645
2011-12-21,3.1245
2011-12-22,3.7712
2011-12-23,3.6541
2011-12-24,2.5192
2011-12-25,1.8212
2011-12-26,1.4947
2011-12-27,1.2274
2011-12-28,0.9078
2011-12-29,0.6517
2011-12-30,0.1418
2011-12-31,0.0083
2012-01-01,0
2012-01-02,0
2012-01-03,0
2012-01-04,6.8933
2012-01-05,6.2509
2012-01-06,5.9266
2012-01-07,5.4559
2012-01-08,5.0132
2012-01-09,4.107
2012-01-10,3.4668
2012-01-11,3.2091
2012-01-12,2.6272
2012-01-13,2.1366
2012-01-14,1.829
2012-01-15,1.6295
2012-01-16,1.2886
2012-01-17,1.3551
2012-01-18,1.272
2012-01-19,1.0475
2012-01-20,0.5986
2012-01-21,0.4573
2012-01-22,0.557
2012-01-23,0.4074
2012-01-24,6.4848
2012-01-25,6.5765
2012-01-26,4.6443
2012-01-27,1.2496
2012-01-28,0.8397
2012-01-29,0.6069
2012-01-30,0.4822
2012-01-31,0.3409
2012-02-01,0.2827
2012-02-02,0.2577
2012-02-03,2.8963
2012-02-04,2.3183
2012-02-05,1.5214
2012-02-06,1.2252
2012-02-07,1.0534
2012-02-08,0.6069
2012-02-09,0.4074
2012-02-10,0.2744
2012-02-11,0.2328
2012-02-12,0.1663
2012-02-13,1.9122
2012-02-14,2.278
2012-02-15,2.3195
2012-02-16,2.253
2012-02-17,1.9371
2012-02-18,1.4965
2012-02-19,1.1972
2012-02-20,1.485
2012-02-21,1.1057
2012-02-22,0.8646
2012-02-23,0.3242
2012-02-24,0.2494
2012-02-25,0.1829
2012-02-26,0.1081
2012-02-27,0.0915
2012-02-28,0.0582
2012-02-29,0.3409
2012-03-01,0.1496
2012-03-02,0.0748
2012-03-03,0.0665
2012-03-04,0.0416
2012-03-05,0.0249
2012-03-06,0.0166
2012-03-07,0
2012-03-08,0.4392
2012-03-09,0
2012-03-10,0
2012-03-11,0
2012-03-12,0
2012-03-13,0
2012-03-14,0
2012-03-15,0
2012-03-16,0
2012-03-17,0
2012-03-18,0
2012-03-19,1.1327
2012-03-20,4.8127
2012-03-21,3.8684
2012-03-22,1.6004
2012-03-23,0.5903
2012-03-24,0.0665
2012-03-25,0.0166
2012-03-26,0
2012-03-27,0
2012-03-28,0
2012-03-29,0
2012-03-30,0
2012-03-31,0
2012-04-01,0
2012-04-02,0
2012-04-03,0
2012-04-04,0
2012-04-05,0
2012-04-06,0
2012-04-07,0
2012-04-08,0
2012-04-09,0
2012-04-10,0
2012-04-11,0
2012-04-12,0
2012-04-13,0.133
2012-04-14,0
2012-04-15,2.3287
2012-04-16,1.4965
2012-04-17,0.8813
2012-04-18,0.0915
2012-04-19,0
2012-04-20,0
2012-04-21,0
2012-04-22,0
2012-04-23,0
2012-04-24,0
2012-04-25,0
2012-04-26,0
2012-04-27,0
2012-04-28,0
2012-04-29,0
2012-04-30,0
2012-11-01,0
2012-11-02,0
2012-11-03,0
2012-11-04,0
2012-11-05,0
2012-11-06,0
2012-11-07,0
2012-11-08,0
2012-11-09,0
2012-11-10,0.266
2012-11-11,1.1761
2012-11-12,0.7355
2012-11-13,0.3981
2012-11-14,0.2245
2012-11-15,0.0665
2012-11-16,0.0416
2012-11-17,0.0166
2012-11-18,0
2012-11-19,0
2012-11-20,0
2012-11-21,0
2012-11-22,0
2012-11-23,0
2012-11-24,0
2012-11-25,0
2012-11-26,0
2012-11-27,0
2012-11-28,0
2012-11-29,0
2012-11-30,0
2012-12-01,0
2012-12-02,0
2012-12-03,0
2012-12-04,0
2012-12-05,0
2012-12-06,0
2012-12-07,0
2012-12-08,0
2012-12-09,0
2012-12-10,0
2012-12-11,0
2012-12-12,0
2012-12-13,0
2012-12-14,0
2012-12-15,4.4967
2012-12-16,12.0415
2012-12-17,11.0367
2012-12-18,10.0091
2012-12-19,10.4
2012-12-21,12.7801
2012-12-22,11.8137
2012-12-23,10.6518
2012-12-24,9.7186
2012-12-25,11.0461
2012-12-26,10.6594
2012-12-27,10.2616
2012-12-28,10.2509
2012-12-29,10.2716
2012-12-30,9.8429
2012-12-31,9.5337
2013-01-01,9.6912
2013-01-02,9.4214
2013-01-03,8.8789
2013-01-04,8.2569
2013-01-05,7.7336
2013-01-06,7.2348
2013-01-07,6.6635
2013-01-08,5.9085
2013-01-09,4.844
2013-01-10,4.0858
2013-01-11,2.6987
2013-01-12,5.7553
2013-01-13,5.2946
2013-01-14,5.0761
2013-01-15,4.6418
2013-01-16,3.8191
2013-01-17,3.0511
2013-01-18,2.5329
2013-01-19,2.3495
2013-01-20,1.9266
2013-01-21,1.5802
2013-01-22,1.1012
2013-01-23,0.8559
2013-01-24,0.4991
2013-01-25,0.379
2013-01-26,0.3424
2013-01-27,0.8813
2013-01-28,1.0309
2013-01-29,9.4711
2013-01-30,10.5846
2013-01-31,9.0987
2013-02-01,8.1912
2013-02-02,7.2914
2013-02-03,6.6707
2013-02-04,6.4142
2013-02-05,6.0782
2013-02-06,3.8243
2013-02-07,3.683
2013-02-08,3.525
2013-02-09,3.2923
2013-02-10,8.7685
2013-02-11,17.3332
2013-02-12,17.2469
2013-02-13,16.7019
2013-02-14,16.0078
2013-02-15,14.0518
2013-02-16,12.2955
2013-02-17,10.6554
2013-02-18,7.954
2013-02-19,7.2237
2013-02-20,6.307
2013-02-21,9.1501
2013-02-22,8.3897
2013-02-23,7.6494
2013-02-24,6.713
2013-02-25,7.0104
2013-02-26,6.1106
2013-02-27,4.3405
2013-02-28,4.036
2013-03-01,3.7219
2013-03-02,3.4253
2013-03-03,2.9763
2013-03-04,2.5773
2013-03-05,2.7269
2013-03-06,2.5523
2013-03-07,2.1782
2013-03-08,1.8041
2013-03-09,6.8725
2013-03-10,24.035
2013-03-11,21.1671
2013-03-12,17.0509
2013-03-13,12.8573
2013-03-14,9.2889
2013-03-15,5.2876
2013-03-16,2.253
2013-03-17,1.5131
2013-03-18,1.2803
2013-03-19,1.1556
2013-03-20,1.2138
2013-03-21,1.0475
2013-03-22,0.9561
2013-03-23,0.8729
2013-03-24,0.8397
2013-03-25,0.8231
2013-03-26,0.7898
2013-03-27,0.7067
2013-03-28,0.6485
2013-03-29,0.582
2013-03-30,0.5071
2013-03-31,0.3991
2013-04-01,0.3575
2013-04-02,0.3409
2013-04-03,0.3409
2013-04-04,0.3242
2013-04-05,0.2827
2013-04-06,0.1912
2013-04-07,0.1496
2013-04-08,0.1247
2013-04-09,1.7704
2013-04-10,2.937
2013-04-11,2.1628
2013-04-12,1.4632
2013-04-13,1.1224
2013-04-14,0.1912
2013-04-15,0.0831
2013-04-16,0
2013-04-17,0
2013-04-18,4.364
2013-04-19,2.9396
2013-04-20,0.9062
2013-04-21,0.2744
2013-04-22,0.0083
2013-04-23,0
2013-04-24,0
2013-04-25,0
2013-04-26,0
2013-04-27,0
2013-04-28,0
2013-04-29,0
2013-04-30,0
2013-11-01,0
2013-11-02,0
2013-11-03,0
2013-11-04,0
2013-11-05,0
2013-11-06,0
2013-11-07,0
2013-11-08,0
2013-11-09,0
2013-11-10,0
2013-11-11,0
2013-11-12,0
2013-11-13,0
2013-11-14,0
2013-11-15,0
2013-11-16,0
2013-11-17,0
2013-11-18,0
2013-11-19,0
2013-11-20,0
2013-11-21,0
2013-11-22,0.4074
2013-11-23,7.0309
2013-11-24,9.9442
2013-11-25,12.1583
2013-11-26,11.1532
2013-11-27,10.2732
2013-11-28,4.738
2013-11-29,4.4315
2013-11-30,4.2661
2013-12-01,4.2636
2013-12-02,4.0024
2013-12-03,1.8789
2013-12-04,0.9311
2013-12-05,1.9057
2013-12-06,1.6783
2013-12-07,0.8837
2013-12-08,3.4792
2013-12-09,3.1723
2013-12-10,2.8362
2013-12-11,2.1584
2013-12-12,1.7939
2013-12-13,1.4028
2013-12-14,0.9094
2013-12-15,0.4362
2013-12-16,0.2993
2013-12-17,0.2078
2013-12-18,0.158
2013-12-19,0.1081
2013-12-20,0.0748
2013-12-21,0.0998
2013-12-22,0.0998
2013-12-23,0.0665
2013-12-24,0.0499
2013-12-25,0.0249
2013-12-26,0
2013-12-27,0
2013-12-28,0
2013-12-29,0
2013-12-30,0
2013-12-31,0
2014-01-01,0
2014-01-02,0
2014-01-03,0
2014-01-04,0
2014-01-05,0
2014-01-06,0
2014-01-07,0
2014-01-08,0
2014-01-09,0
2014-01-10,0
2014-01-11,0
2014-01-12,0
2014-01-13,0
2014-01-14,0
2014-01-15,0
2014-01-16,0
2014-01-17,0
2014-01-18,0
2014-01-19,0
2014-01-20,0
2014-01-21,0
2014-01-22,0
2014-01-23,0
2014-01-24,0
2014-01-25,0
2014-01-26,0
2014-01-27,0
2014-01-28,0
2014-01-29,0
2014-01-30,0
2014-01-31,0
2014-02-01,0.1995
2014-02-02,1.1525
2014-02-03,0.7182
2014-02-04,2.3504
2014-02-05,2.134
2014-02-06,1.5614
2014-02-07,2.5039
2014-02-08,5.9063
2014-02-09,2.4885
2014-02-10,0.5653
2014-02-11,0.4406
2014-02-12,0.2494
2014-02-13,0.0333
2014-02-14,0
2014-02-15,0
2014-02-16,0
2014-02-17,0
2014-02-18,0
2014-02-19,0
2014-02-20,0
2014-02-21,0
2014-02-22,0
2014-02-23,0
2014-02-24,0
2014-02-25,0
2014-02-26,0
2014-02-27,0
2014-02-28,0.0665
2014-03-01,0.0333
2014-03-02,0.3159
2014-03-03,0.2827
2014-03-04,0.2411
2014-03-05,0.158
2014-03-06,0.0582
2014-03-07,0.0333
2014-03-08,0.0665
2014-03-09,0.0416
2014-03-10,0.0249
2014-03-11,0
2014-03-12,0
2014-03-13,0
2014-03-14,0
2014-03-15,0
2014-03-16,0
2014-03-17,0
2014-03-18,0
2014-03-19,0
2014-03-20,0
2014-03-21,0
2014-03-22,0
2014-03-23,0
2014-03-24,0
2014-03-25,0
2014-03-26,0
2014-03-27,0.0915
2014-03-28,0.0416
2014-03-29,0.0166
2014-03-30,0
2014-03-31,0
2014-04-01,0
2014-04-02,0
2014-04-03,0.1634
2014-04-04,0.9634
2014-04-05,0.1413
2014-04-06,0.0333
2014-04-07,0
2014-04-08,0
2014-04-09,0
2014-04-10,0
2014-04-11,0
2014-04-12,0
2014-04-13,0
2014-04-14,0.0083
2014-04-15,0
2014-04-16,0
2014-04-17,0
2014-04-18,0
2014-04-19,0
2014-04-20,0
2014-04-21,0
2014-04-22,0
2014-04-23,0
2014-04-24,0
2014-04-25,0
2014-04-26,0
2014-04-27,2.6311
2014-04-28,0.9727
2014-04-29,0.6152
2014-04-30,0.2411
2014-11-01,0
2014-11-02,0
2014-11-03,0.1247
2014-11-04,0.1081
2014-11-05,0.0499
2014-11-06,0
2014-11-07,0
2014-11-08,0
2014-11-09,0
2014-11-10,0
2014-11-11,0
2014-11-12,0
2014-11-13,0
2014-11-14,0
2014-11-15,0
2014-11-16,0
2014-11-17,1.8982
2014-11-18,1.1298
2014-11-19,0.6264
2014-11-20,0.0775
2014-11-21,0
2014-11-22,0
2014-11-23,0
2014-11-24,0
2014-11-25,0
2014-11-26,0
2014-11-27,0
2014-11-28,0
2014-11-29,0
2014-11-30,0
2014-12-01,0
2014-12-02,0
2014-12-03,0
2014-12-04,0
2014-12-05,0
2014-12-06,0
2014-12-07,0
2014-12-08,0
2014-12-09,0
2014-12-10,0
2014-12-11,0
2014-12-12,0
2014-12-13,0
2014-12-14,3.6652
2014-12-15,3.241
2014-12-16,2.8637
2014-12-17,2.0832
2014-12-18,5.5351
2014-12-19,5.8005
2014-12-20,5.7448
2014-12-21,5.6068
2014-12-22,0.3356
2014-12-23,0.1247
2014-12-24,0.0499
2014-12-25,0.0083
2014-12-26,0
2014-12-27,0
2014-12-28,0
2014-12-29,0
2014-12-30,0
2014-12-31,0
2015-01-01,2.1805
2015-01-02,6.6856
2015-01-03,6.633
2015-01-04,6.1912
2015-01-05,5.4983
2015-01-06,4.9353
2015-01-07,2.8749
2015-01-08,0
2015-01-09,0
2015-01-10,0
2015-01-11,0
2015-01-12,0
2015-01-13,0.1496
2015-01-14,1.7182
2015-01-15,1.638
2015-01-16,1.2276
2015-01-17,0.3372
2015-01-18,0.0249
2015-01-19,0
2015-01-20,0
2015-01-21,0
2015-01-22,0
2015-01-23,0
2015-01-24,0
2015-01-25,0
2015-01-26,0
2015-01-27,0
2015-01-28,0
2015-01-29,0
2015-01-30,0.0083
2015-01-31,3.6738
2015-02-01,4.6904
2015-02-02,3.4722
2015-02-03,1.3399
2015-02-04,0.266
2015-02-05,0.0998
2015-02-06,0.0499
2015-02-07,0.0166
2015-02-08,0
2015-02-09,0
2015-02-10,0
2015-02-11,0
2015-02-12,0
2015-02-13,0
2015-02-14,0
2015-02-15,0
2015-02-16,0
2015-02-17,0
2015-02-18,0
2015-02-19,0
2015-02-20,0
2015-02-21,0
2015-02-22,0
2015-02-23,4.2589
2015-02-24,7.5736
2015-02-25,10.066
2015-02-26,6.9823
2015-02-27,6.0443
2015-02-28,7.1574
2015-03-01,12.8494
2015-03-02,16.552
2015-03-03,11.2749
2015-03-04,11.7433
2015-03-05,11.3915
2015-03-06,10.7877
2015-03-07,9.688
2015-03-08,8.5454
2015-03-09,7.3825
2015-03-10,6.5928
2015-03-11,5.9443
2015-03-12,5.1213
2015-03-13,4.8137
2015-03-14,4.1319
2015-03-15,3.4835
2015-03-16,2.7352
2015-03-17,1.5214
2015-03-18,0.5321
2015-03-19,0.3326
2015-03-20,0.2744
2015-03-21,0.1995
2015-03-22,0.1247
2015-03-23,0.0166
2015-03-24,0
2015-03-25,0
2015-03-26,0
2015-03-27,0
2015-03-28,0
2015-03-29,0
2015-03-30,0
2015-03-31,0
2015-04-01,0
2015-04-02,0
2015-04-03,0
2015-04-04,0
2015-04-05,0
2015-04-06,0
2015-04-07,0
2015-04-08,0
2015-04-09,0
2015-04-10,0
2015-04-11,0
2015-04-12,0
2015-04-13,0
2015-04-14,0
2015-04-15,0
2015-04-16,0
2015-04-17,0
2015-04-18,0
2015-04-19,0
2015-04-20,0
2015-04-21,0
2015-04-22,0
2015-04-23,0
2015-04-24,0
2015-04-25,0
2015-04-26,0.1164
2015-04-27,0.2993
2015-04-28,0.158
2015-04-29,0.1164
2015-04-30,0.0499
2015-11-01,0
2015-11-02,0
2015-11-03,0
2015-11-04,0.0333
2015-11-05,4.6288
2015-11-06,5.3299
2015-11-07,4.804
2015-11-08,4.1211
2015-11-09,1.8124
2015-11-10,0.291
2015-11-11,1.4288
2015-11-12,0.9336
2015-11-13,0.4881
2015-11-14,0.158
2015-11-15,0.0499
2015-11-16,0.0166
2015-11-17,2.1479
2015-11-18,0.9084
2015-11-19,0.0083
2015-11-20,0
2015-11-21,0
2015-11-22,0
2015-11-23,0
2015-11-24,0
2015-11-25,0
2015-11-26,0
2015-11-27,0
2015-11-28,0
2015-11-29,0
2015-11-30,0
2015-12-01,0
2015-12-02,0
2015-12-03,0
2015-12-04,0
2015-12-05,0
2015-12-06,0
2015-12-07,0
2015-12-08,0
2015-12-09,0
2015-12-10,0
2015-12-11,0
2015-12-12,0.5497
2015-12-13,0.3478
2015-12-14,0
2015-12-15,9.1592
2015-12-16,9.8738
2015-12-17,9.449
2015-12-18,8.7369
2015-12-19,7.8869
2015-12-20,5.3292
2015-12-21,3.8203
2015-12-22,2.7958
2015-12-23,2.707
2015-12-24,2.045
2015-12-25,1.8151
2015-12-26,6.3985
2015-12-27,5.4933
2015-12-28,4.9145
2015-12-29,4.5567
2015-12-30,4.2547
2015-12-31,3.6379
2016-01-01,3.4304
2016-01-02,3.0716
2016-01-03,2.8222
2016-01-04,2.1734
2016-01-05,6.641
2016-01-06,8.126
2016-01-07,20.6756
2016-01-08,37.8397
2016-01-09,44.4042
2016-01-10,44.2465
2016-01-11,44.1352
2016-01-12,43.6154
2016-01-13,43.1369
2016-01-14,42.0495
2016-01-15,40.3368
2016-01-16,42.9299
2016-01-17,42.0957
2016-01-18,40.8697
2016-01-19,39.1153
2016-01-20,40.4647
2016-01-21,36.3238
2016-01-22,35.2421
2016-01-23,34.1721
2016-01-24,32.0287
2016-01-25,34.8952
2016-01-26,34.0067
2016-01-27,32.8639
2016-01-28,31.3663
2016-01-29,29.8501
2016-01-30,26.6511
2016-01-31,9.2835
2016-02-01,11.1875
2016-02-02,19.7123
2016-02-03,19.337
2016-02-04,19.0399
2016-02-05,18.6972
2016-02-06,18.1779
2016-02-07,17.8027
2016-02-08,16.0743
2016-02-09,12.6603
2016-02-10,10.6475
2016-02-11,9.5807
2016-02-12,8.5895
2016-02-13,7.28
2016-02-14,5.081
2016-02-15,3.8891
2016-02-16,2.8095
2016-02-17,2.0202
2016-02-18,0
2016-02-19,0
2016-02-20,0
2016-02-21,0
2016-02-22,0
2016-02-23,0
2016-02-24,0
2016-02-25,0
2016-02-26,0
2016-02-27,0
2016-02-28,0
2016-02-29,0
2016-03-01,0
2016-03-02,0
2016-03-03,0
2016-03-04,0
2016-03-05,0
2016-03-06,0
2016-03-07,0.5052
2016-03-08,0.2744
2016-03-09,0.0499
2016-03-10,0
2016-03-11,0
2016-03-12,0
2016-03-13,0.291
2016-03-14,0
2016-03-15,0
2016-03-16,0
2016-03-17,0
2016-03-18,0
2016-03-19,0
2016-03-20,0
2016-03-21,0
2016-03-22,0
2016-03-23,0
2016-03-24,0
2016-03-25,0
2016-03-26,0
2016-03-27,0
2016-03-28,0
2016-03-29,0
2016-03-30,1.2385
2016-03-31,0.9425
2016-04-01,0.5901
2016-04-02,0.1496
2016-04-03,0.0083
2016-04-04,0
2016-04-05,0
2016-04-06,0
2016-04-07,0
2016-04-08,0
2016-04-09,0
2016-04-10,0
2016-04-11,0
2016-04-12,0
2016-04-13,0
2016-04-14,0
2016-04-15,0
2016-04-16,2.55
2016-04-17,1.3385
2016-04-18,0.9062
2016-04-19,0.6734
2016-04-20,0.1912
2016-04-21,0
2016-04-22,0
2016-04-23,0
2016-04-24,0
2016-04-25,0
2016-04-26,1.5505
2016-04-27,0.9311
2016-04-28,0.7981
2016-04-29,3.9655
2016-04-30,3.9823
2016-11-01,0
2016-11-02,0
2016-11-03,0
2016-11-04,0
2016-11-05,0
2016-11-06,0
2016-11-07,0
2016-11-08,0
2016-11-09,0
2016-11-10,0
2016-11-11,0
2016-11-12,0
2016-11-13,0
2016-11-14,0
2016-11-15,0
2016-11-16,0
2016-11-17,0
2016-11-18,0
2016-11-19,0
2016-11-20,0
2016-11-21,0
2016-11-22,0
2016-11-23,0.0083
2016-11-24,0
2016-11-25,0
2016-11-26,0
2016-11-27,0
2016-11-28,0
2016-11-29,1.2015
2016-11-30,0.4923
2016-12-01,0.3815
2016-12-02,0.266
2016-12-03,0.3991
2016-12-04,0.2162
2016-12-05,0.0831
2016-12-06,0
2016-12-07,0
2016-12-08,0
2016-12-09,0
2016-12-10,0
2016-12-11,0
2016-12-12,0
2016-12-13,0
2016-12-14,0
2016-12-15,0
2016-12-16,0
2016-12-17,0.0083
2016-12-18,5.2652
2016-12-19,4.6302
2016-12-20,3.7941
2016-12-21,3.0633
2016-12-22,1.907
2016-12-23,9.3074
2016-12-24,6.8325
2016-12-25,5.8561
2016-12-26,7.1537
2016-12-27,6.8711
2016-12-28,7.7052
2016-12-29,6.1614
2016-12-30,5.7837
2016-12-31,5.0988
2017-01-01,12.8241
2017-01-02,11.5096
2017-01-03,10.1807
2017-01-04,11.7442
2017-01-05,9.335
2017-01-06,17.9301
2017-01-07,19.4159
2017-01-08,18.8054
2017-01-09,15.3308
2017-01-10,6.8755
2017-01-11,6.1771
2017-01-12,5.5203
2017-01-13,9.3023
2017-01-14,9.6568
2017-01-15,19.6412
2017-01-16,22.26
2017-01-17,21.8766
2017-01-18,21.6536
2017-01-19,20.9663
2017-01-20,23.1741
2017-01-21,25.7874
2017-01-22,25.8961
2017-01-23,29.5861
2017-01-24,31.252
2017-01-25,32.4462
2017-01-26,34.4938
2017-01-27,34.2842
2017-01-28,33.1529
2017-01-29,32.0041
2017-01-30,30.9586
2017-01-31,32.4596
2017-02-01,29.8224
2017-02-02,31.9668
2017-02-03,28.9808
2017-02-04,26.901
2017-02-05,24.8572
2017-02-06,23.2609
2017-02-07,21.9815
2017-02-08,16.0955
2017-02-09,10.4255
2017-02-10,7.0418
2017-02-11,2.1616
2017-02-12,2.0119
2017-02-13,2.4609
2017-02-14,2.4609
2017-02-15,2.4027
2017-02-16,2.3362
2017-02-17,2.2198
2017-02-18,2.2863
2017-02-19,2.2447
2017-02-20,5.5576
2017-02-21,3.1842
2017-02-22,2.4609
2017-02-23,2.2447
2017-02-24,2.1865
2017-02-25,2.1533
2017-02-26,2.1034
2017-02-27,2.0701
2017-02-28,2.6638
2017-03-01,3.9118
2017-03-02,3.3971
2017-03-03,2.8449
2017-03-04,2.0618
2017-03-05,1.8623
2017-03-06,1.6046
2017-03-07,1.5464
2017-03-08,1.4549
2017-03-09,1.3551
2017-03-10,1.2221
2017-03-11,1.0475
2017-03-12,0.9727
2017-03-13,0.8397
2017-03-14,0.715
2017-03-15,0.5487
2017-03-16,0.3242
2017-03-17,0.266
2017-03-18,0.2162
2017-03-19,0.0416
2017-03-20,0
2017-03-21,0
2017-03-22,0
2017-03-23,0
2017-03-24,0.8644
2017-03-25,0.1164
2017-03-26,0.0998
2017-03-27,0.0416
2017-03-28,0.0083
2017-03-29,0
2017-03-30,0
2017-03-31,0.0333
2017-04-01,6.5186
2017-04-02,3.6829
2017-04-03,0.6485
2017-04-04,6.7829
2017-04-05,4.4632
2017-04-06,3.2301
2017-04-07,1.2637
2017-04-08,0.0748
2017-04-09,0
2017-04-10,0
2017-04-11,0
2017-04-12,0
2017-04-13,0
2017-04-14,0
2017-04-15,0
2017-04-16,0
2017-04-17,0
2017-04-18,0
2017-04-19,0
2017-04-20,0
2017-04-21,0
2017-04-22,0
2017-04-23,0
2017-04-24,0
2017-04-25,0
2017-04-26,0
2017-04-27,0
2017-04-28,0
2017-04-29,0
2017-04-30,0
2017-11-01,0
2017-11-02,0
2017-11-03,0
2017-11-04,0
2017-11-05,0
2017-11-06,0
2017-11-07,0
2017-11-08,0
2017-11-09,0
2017-11-10,0
2017-11-11,0
2017-11-12,0
2017-11-13,0
2017-11-14,0
2017-11-15,0
2017-11-16,0
2017-11-17,0
2017-11-18,0
2017-11-19,0
2017-11-20,0
2017-11-21,0
2017-11-22,0
2017-11-23,0
2017-11-24,0
2017-11-25,0
2017-11-26,0
2017-11-27,0
2017-11-28,0
2017-11-29,0
2017-11-30,0
2017-12-01,0
2017-12-02,0
2017-12-03,0
2017-12-04,0
2017-12-05,0
2017-12-06,0
2017-12-07,0
2017-12-08,0
2017-12-09,0
2017-12-10,0
2017-12-11,0
2017-12-12,0
2017-12-13,0
2017-12-14,0
2017-12-15,0
2017-12-16,0
2017-12-17,0
2017-12-18,0
2017-12-19,0
2017-12-20,0
2017-12-21,0
2017-12-22,0.2188
2017-12-23,0
2017-12-24,0
2017-12-25,0
2017-12-26,0
2017-12-27,0
2017-12-28,0
2017-12-29,0
2017-12-30,0
2017-12-31,0
2018-01-01,0
2018-01-02,0
2018-01-03,0
2018-01-04,0
2018-01-05,0
2018-01-06,0
2018-01-07,0
2018-01-08,0
2018-01-09,0
2018-01-10,0
2018-01-11,0.4157
2018-01-12,0.1995
2018-01-13,0.0416
2018-01-14,0
2018-01-15,0
2018-01-16,0
2018-01-17,0
2018-01-18,0
2018-01-19,0
2018-01-20,0
2018-01-21,0
2018-01-22,0
2018-01-23,0
2018-01-24,4.1067
2018-01-25,3.6806
2018-01-26,1.7958
2018-01-27,1.5547
2018-01-28,1.3468
2018-01-29,0.9478
2018-01-30,0.7566
2018-01-31,0.2245
2018-02-01,0.4739
2018-02-02,0.3159
2018-02-03,0.1995
2018-02-04,0.1081
2018-02-05,0.0499
2018-02-06,0.0166
2018-02-07,0.0166
2018-02-08,0
2018-02-09,0
2018-02-10,0
2018-02-11,0
2018-02-12,0
2018-02-13,1.9537
2018-02-14,2.6355
2018-02-15,2.5108
2018-02-16,2.4027
2018-02-17,2.1034
2018-02-18,1.4715
2018-02-19,0.6069
2018-02-20,0.4573
2018-02-21,2.7945
2018-02-22,2.5968
2018-02-23,2.2709
2018-02-24,5.2883
2018-02-25,4.2052
2018-02-26,3.3424
2018-02-27,1.7984
2018-02-28,1.2915
2018-03-01,1.1436
2018-03-02,0.8961
2018-03-03,0.3991
2018-03-04,0.1746
2018-03-05,0.1164
2018-03-06,0.0915
2018-03-07,0.0748
2018-03-08,0.0333
2018-03-09,0
2018-03-10,0
2018-03-11,0
2018-03-12,0.0499
2018-03-13,0.0416
2018-03-14,0.0416
2018-03-15,0.0083
2018-03-16,2.6668
2018-03-17,1.0725
2018-03-18,0.3076
2018-03-19,2.1469
2018-03-20,2.3284
2018-03-21,1.9287
2018-03-22,0.5653
2018-03-23,0
2018-03-24,0
2018-03-25,0
2018-03-26,0
2018-03-27,0
2018-03-28,0
2018-03-29,0
2018-03-30,0
2018-03-31,0
2018-04-01,0
2018-04-02,0
2018-04-03,0
2018-04-04,0
2018-04-05,0
2018-04-06,0
2018-04-07,0
2018-04-08,0
2018-04-09,0
2018-04-10,0
2018-04-11,0
2018-04-12,0
2018-04-13,0
2018-04-14,0
2018-04-15,0
2018-04-16,0
2018-04-17,0
2018-04-18,0
2018-04-19,0
2018-04-20,0
2018-04-21,2.7494
2018-04-22,0.133
2018-04-23,0.0083
2018-04-24,0
2018-04-25,0
2018-04-26,0
2018-04-27,0
2018-04-28,0
2018-04-29,0
2018-04-30,0
2018-11-01,0
2018-11-02,0
2018-11-03,0
2018-11-04,0
2018-11-05,0
2018-11-06,0
2018-11-07,0
2018-11-08,0
2018-11-09,0
2018-11-10,0
2018-11-11,0
2018-11-12,0
2018-11-13,0
2018-11-14,0
2018-11-15,0
2018-11-16,0
2018-11-17,0
2018-11-18,0
2018-11-19,0
2018-11-20,0
2018-11-21,0
2018-11-22,0
2018-11-23,0.1663
2018-11-24,0
2018-11-25,0
2018-11-26,0
2018-11-27,0
2018-11-28,0
2018-11-29,0
2018-11-30,0
2018-12-01,0
2018-12-02,0
2018-12-03,0
2018-12-04,0
2018-12-05,0
2018-12-06,0
2018-12-07,0
2018-12-08,0
2018-12-09,0
2018-12-10,0
2018-12-11,0
2018-12-12,0
2018-12-13,0
2018-12-14,0
2018-12-15,0
2018-12-16,0.1404
2018-12-17,0
2018-12-18,0
2018-12-19,0
2018-12-20,0
2018-12-21,0
2018-12-22,0
2018-12-23,0
2018-12-24,0
2018-12-25,0
2018-12-26,0
2018-12-27,0
2018-12-28,0
2018-12-29,0
2018-12-30,0
2018-12-31,0
2019-01-01,0
2019-01-02,0
2019-01-03,0
2019-01-04,0
2019-01-05,0
2019-01-06,0
2019-01-07,22.2651
2019-01-08,20.7608
2019-01-09,19.7072
2019-01-10,19.2776
2019-01-11,19.0918
2019-01-12,18.7218
2019-01-13,18.5763
2019-01-14,19.2777
2019-01-15,19.854
2019-01-16,38.7321
2019-01-17,34.3384
2019-01-18,30.3466
2019-01-19,28.0784
2019-01-20,27.6276
2019-01-21,26.4251
2019-01-22,28.0539
2019-01-23,27.1966
2019-01-24,31.0164
2019-01-25,30.3624
2019-01-26,29.6919
2019-01-27,28.7471
2019-01-28,27.9794
2019-01-29,26.8627
2019-01-30,26.551
2019-01-31,26.0348
2019-02-01,25.3421
2019-02-02,25.0264
2019-02-03,22.1392
2019-02-04,15.3436
2019-02-05,14.574
2019-02-06,14.6386
2019-02-07,20.701
2019-02-08,20.3201
2019-02-09,19.7002
2019-02-10,18.5147
2019-02-11,17.4928
2019-02-12,24.7422
2019-02-13,23.8058
2019-02-14,21.3553
2019-02-15,21.0961
2019-02-16,19.7366
2019-02-17,19.4458
2019-02-18,27.5353
2019-02-19,45.704
2019-02-20,45.1839
2019-02-21,46.8659
2019-02-22,54.1121
2019-02-23,56.0434
2019-02-24,55.3203
2019-02-25,55.0213
2019-02-26,54.1072
2019-02-27,46.6775
2019-02-28,38.1816
2019-03-01,30.5732
2019-03-02,26.9532
2019-03-03,29.8049
2019-03-04,28.3832
2019-03-05,34.2359
2019-03-06,33.3382
2019-03-07,23.9935
2019-03-08,22.4721
2019-03-09,23.7275
2019-03-10,23.4864
2019-03-11,23.2204
2019-03-12,23.4282
2019-03-13,31.0006
2019-03-14,39.555
2019-03-15,37.9376
2019-03-16,36.5171
2019-03-17,35.1638
2019-03-18,33.822
2019-03-19,32.5235
2019-03-20,31.6006
2019-03-21,30.2122
2019-03-22,32.032
2019-03-23,32.1326
2019-03-24,31.6422
2019-03-25,30.8607
2019-03-26,31.4843
2019-03-27,29.6552
2019-03-28,27.8096
2019-03-29,25.7727
2019-03-30,25.1325
2019-03-31,24.8
2019-04-01,24.4425
2019-04-02,24.1099
2019-04-03,23.5197
2019-04-04,22.9959
2019-04-05,22.1313
2019-04-06,21.117
2019-04-07,20.0778
2019-04-08,18.6312
2019-04-09,16.0456
2019-04-10,11.4564
2019-04-11,11.3399
2019-04-12,11.0157
2019-04-13,10.9908
2019-04-14,10.9409
2019-04-15,10.5419
2019-04-16,9.5276
2019-04-17,9.777
2019-04-18,9.91
2019-04-19,9.1618
2019-04-20,8.3969
2019-04-21,7.0002
2019-04-22,6.3517
2019-04-23,5.9942
2019-04-24,5.5453
2019-04-25,5.0465
2019-04-26,4.398
2019-04-27,3.1177
2019-04-28,1.8457
2019-04-29,1.1473
2019-04-30,0.9145
2019-11-01,0
2019-11-02,0
2019-11-03,0
2019-11-04,0
2019-11-05,0
2019-11-06,0
2019-11-07,0
2019-11-08,0
2019-11-09,0
2019-11-10,0
2019-11-11,0
2019-11-12,0
2019-11-13,0
2019-11-14,0
2019-11-15,0
2019-11-16,0
2019-11-17,0
2019-11-18,0
2019-11-19,0
2019-11-20,0
2019-11-21,0.6152
2019-11-22,4.3361
2019-11-23,4.3911
2019-11-24,4.208
2019-11-25,3.4561
2019-11-26,6.0984
2019-11-27,8.1719
2019-11-28,6.3017
2019-11-29,5.3125
2019-11-30,11.1263
2019-12-01,10.5807
2019-12-02,10.301
2019-12-03,9.7565
2019-12-04,13.4454
2019-12-05,11.4044
2019-12-06,10.4418
2019-12-07,10.2675
2019-12-08,9.22
2019-12-09,9.5276
2019-12-10,9.4444
2019-12-11,9.1285
2019-12-12,8.7378
2019-12-13,8.1808
2019-12-14,7.5822
2019-12-15,7.0584
2019-12-16,28.8001
2019-12-17,32.8694
2019-12-18,32.1204
2019-12-19,31.0854
2019-12-20,30.3988
2019-12-21,29.9234
2019-12-22,29.1722
2019-12-23,27.548
2019-12-24,25.4509
2019-12-25,34.817
2019-12-26,37.9368
2019-12-27,37.5606
2019-12-28,49.9928
2019-12-29,54.9839
2019-12-30,54.6163
2019-12-31,54.3692
2020-01-01,54.0359
2020-01-02,53.1696
2020-01-03,52.4372
2020-01-04,51.6475
2020-01-05,50.3462
2020-01-06,49.1228
2020-01-07,40.5801
2020-01-08,40.2286
2020-01-09,38.0794
2020-01-10,37.657
2020-01-11,37.1053
2020-01-12,35.8757
2020-01-13,35.0503
2020-01-14,32.5351
2020-01-15,28.093
2020-01-16,26.9679
2020-01-17,24.1162
2020-01-18,22.3241
2020-01-19,22.0201
2020-01-20,21.2386
2020-01-21,20.5986
2020-01-22,24.4247
2020-01-23,23.9814
2020-01-24,23.7837
2020-01-25,23.3729
2020-01-26,23.1789
2020-01-27,22.5629
2020-01-28,22.5073
2020-01-29,21.8821
2020-01-30,21.5565
2020-01-31,20.8139
2020-02-01,19.8699
2020-02-02,18.4641
2020-02-03,13.194
2020-02-04,12.1714
2020-02-05,11.9718
2020-02-06,11.7058
2020-02-07,11.3816
2020-02-08,10.6499
2020-02-09,9.8768
2020-02-10,9.7604
2020-02-11,9.6855
2020-02-12,9.4528
2020-02-13,11.3317
2020-02-14,10.9991
2020-02-15,10.4504
2020-02-16,9.8352
2020-02-17,8.9872
2020-02-18,8.7544
2020-02-19,8.5715
2020-02-20,8.4135
2020-02-21,8.2722
2020-02-22,7.9895
2020-02-23,9.8435
2020-02-24,10.1262
2020-02-25,12.5868
2020-02-26,12.0217
2020-02-27,11.5811
2020-02-28,11.1321
2020-02-29,10.6832
2020-03-01,10.1511
2020-03-02,9.5276
2020-03-03,9.8103
2020-03-04,9.2117
2020-03-05,8.9124
2020-03-06,8.7128
2020-03-07,8.2971
2020-03-08,6.784
2020-03-09,6.4847
2020-03-10,6.3517
2020-03-11,6.4016
2020-03-12,6.2187
2020-03-13,5.8446
2020-03-14,6.0192
2020-03-15,6.7092
2020-03-16,6.5014
2020-03-17,6.2021
2020-03-18,5.7365
2020-03-19,8.2772
2020-03-20,19.0009
2020-03-21,19.6508
2020-03-22,18.1728
2020-03-23,18.476
2020-03-24,17.9736
2020-03-25,15.0147
2020-03-26,11.9386
2020-03-27,11.1737
2020-03-28,11.8306
2020-03-29,11.3232
2020-03-30,11.1737
2020-03-31,11.049
2020-04-01,9.6689
2020-04-02,7.6819
2020-04-03,6.9836
2020-04-04,6.8672
2020-04-05,6.4681
2020-04-06,5.8446
2020-04-07,5.1545
2020-04-08,4.8303
2020-04-09,4.2567
2020-04-10,4.4811
2020-04-11,4.2068
2020-04-12,4.0488
2020-04-13,3.9075
2020-04-14,3.8077
2020-04-15,3.7163
2020-04-16,3.5832
2020-04-17,3.259
2020-04-18,3.1509
2020-04-19,3.126
2020-04-20,2.9846
2020-04-21,2.9098
2020-04-22,3.1675
2020-04-23,3.0179
2020-04-24,2.6355
2020-04-25,2.3029
2020-04-26,1.9621
2020-04-27,1.0725
2020-04-28,0.3409
2020-04-29,0.0416
2020-04-30,0