"DateTime","(mm) Snow Depth (SNODAS) at -108.9500E,36.1800N, 2003-10-01 to 2020-06-16"
"2003-10-01",0
"2003-10-02",0
"2003-10-03",0
"2003-10-04",0
"2003-10-05",0
"2003-10-06",0
"2003-10-07",0
"2003-10-08",0
"2003-10-09",0
"2003-10-10",0
"2003-10-11",0
"2003-10-12",0
"2003-10-13",0
"2003-10-14",0
"2003-10-15",0
"2003-10-16",0
"2003-10-17",0
"2003-10-18",0
"2003-10-19",0
"2003-10-20",0
"2003-10-21",0
"2003-10-22",0
"2003-10-23",0
"2003-10-24",0
"2003-10-25",0
"2003-10-26",0
"2003-10-27",0
"2003-10-28",0
"2003-10-29",0
"2003-10-31",0
"2003-11-01",0
"2003-11-02",0
"2003-11-03",0
"2003-11-04",0
"2003-11-05",0
"2003-11-06",0
"2003-11-07",0
"2003-11-08",0
"2003-11-09",0
"2003-11-10",0
"2003-11-11",0
"2003-11-12",0
"2003-11-13",0
"2003-11-14",0
"2003-11-15",0
"2003-11-16",0
"2003-11-17",0
"2003-11-18",0
"2003-11-19",0
"2003-11-20",0
"2003-11-21",0
"2003-11-22",0
"2003-11-23",0
"2003-11-24",0
"2003-11-25",0
"2003-11-26",0
"2003-11-27",0
"2003-11-28",0
"2003-11-29",0
"2003-11-30",0
"2003-12-01",0
"2003-12-02",0
"2003-12-03",0
"2003-12-04",0
"2003-12-05",0
"2003-12-06",0
"2003-12-07",0
"2003-12-08",0
"2003-12-09",0
"2003-12-10",0
"2003-12-11",0
"2003-12-12",0
"2003-12-13",0
"2003-12-14",0
"2003-12-15",0
"2003-12-16",0
"2003-12-17",0
"2003-12-18",0
"2003-12-19",0
"2003-12-20",0
"2003-12-21",0
"2003-12-22",0
"2003-12-23",0
"2003-12-24",0
"2003-12-25",0
"2003-12-26",0
"2003-12-27",18
"2003-12-28",16
"2003-12-29",9
"2003-12-30",0
"2003-12-31",0
"2004-01-01",0
"2004-01-02",0
"2004-01-03",1
"2004-01-04",13
"2004-01-05",5
"2004-01-06",0
"2004-01-07",0
"2004-01-08",0
"2004-01-09",0
"2004-01-10",0
"2004-01-11",0
"2004-01-12",0
"2004-01-13",0
"2004-01-14",0
"2004-01-15",0
"2004-01-16",7
"2004-01-17",4
"2004-01-18",3
"2004-01-19",0
"2004-01-20",0
"2004-01-21",5
"2004-01-22",11
"2004-01-23",4
"2004-01-24",0
"2004-01-25",0
"2004-01-26",32
"2004-01-27",19
"2004-01-28",11
"2004-01-29",6
"2004-01-30",0
"2004-01-31",0
"2004-02-01",22
"2004-02-02",9
"2004-02-03",0
"2004-02-04",12
"2004-02-05",7
"2004-02-06",0
"2004-02-07",0
"2004-02-08",0
"2004-02-09",0
"2004-02-10",0
"2004-02-11",0
"2004-02-12",0
"2004-02-13",0
"2004-02-14",0
"2004-02-15",0
"2004-02-16",0
"2004-02-17",0
"2004-02-18",0
"2004-02-19",0
"2004-02-20",0
"2004-02-21",0
"2004-02-22",0
"2004-02-23",0
"2004-02-24",21
"2004-02-26",11
"2004-02-27",0
"2004-02-28",0
"2004-02-29",10
"2004-03-01",0
"2004-03-02",0
"2004-03-03",0
"2004-03-04",0
"2004-03-05",26
"2004-03-06",12
"2004-03-07",0
"2004-03-08",0
"2004-03-09",0
"2004-03-10",0
"2004-03-11",0
"2004-03-12",0
"2004-03-13",0
"2004-03-14",0
"2004-03-15",0
"2004-03-16",0
"2004-03-17",0
"2004-03-18",0
"2004-03-19",0
"2004-03-20",0
"2004-03-21",0
"2004-03-22",0
"2004-03-23",0
"2004-03-24",0
"2004-03-25",0
"2004-03-26",0
"2004-03-27",0
"2004-03-28",0
"2004-03-29",0
"2004-03-30",0
"2004-03-31",0
"2004-04-01",0
"2004-04-02",0
"2004-04-03",0
"2004-04-04",15
"2004-04-05",45
"2004-04-06",40
"2004-04-07",18
"2004-04-08",1
"2004-04-09",0
"2004-04-10",0
"2004-04-11",0
"2004-04-12",0
"2004-04-13",0
"2004-04-14",0
"2004-04-15",0
"2004-04-16",0
"2004-04-17",0
"2004-04-18",0
"2004-04-19",0
"2004-04-20",0
"2004-04-21",0
"2004-04-22",0
"2004-04-23",0
"2004-04-24",0
"2004-04-25",0
"2004-04-26",0
"2004-04-27",0
"2004-04-28",0
"2004-04-29",0
"2004-04-30",0
"2004-05-01",0
"2004-05-02",0
"2004-05-03",0
"2004-05-04",0
"2004-05-05",0
"2004-05-06",0
"2004-05-07",0
"2004-05-08",0
"2004-05-09",0
"2004-05-10",0
"2004-05-11",0
"2004-05-12",0
"2004-05-13",0
"2004-05-14",0
"2004-05-15",0
"2004-05-16",0
"2004-05-17",0
"2004-05-18",0
"2004-05-19",0
"2004-05-20",0
"2004-05-21",0
"2004-05-22",0
"2004-05-23",0
"2004-05-24",0
"2004-05-25",0
"2004-05-26",0
"2004-05-27",0
"2004-05-28",0
"2004-05-29",0
"2004-05-30",0
"2004-05-31",0
"2004-06-01",0
"2004-06-02",0
"2004-06-03",0
"2004-06-04",0
"2004-06-05",0
"2004-06-06",0
"2004-06-07",0
"2004-06-08",0
"2004-06-09",0
"2004-06-10",0
"2004-06-11",0
"2004-06-12",0
"2004-06-13",0
"2004-06-14",0
"2004-06-15",0
"2004-06-16",0
"2004-06-17",0
"2004-06-18",0
"2004-06-19",0
"2004-06-20",0
"2004-06-21",0
"2004-06-22",0
"2004-06-23",0
"2004-06-24",0
"2004-06-25",0
"2004-06-26",0
"2004-06-27",0
"2004-06-28",0
"2004-06-29",0
"2004-06-30",0
"2004-07-01",0
"2004-07-02",0
"2004-07-03",0
"2004-07-04",0
"2004-07-05",0
"2004-07-06",0
"2004-07-07",0
"2004-07-08",0
"2004-07-09",0
"2004-07-10",0
"2004-07-11",0
"2004-07-12",0
"2004-07-13",0
"2004-07-14",0
"2004-07-15",0
"2004-07-16",0
"2004-07-17",0
"2004-07-18",0
"2004-07-19",0
"2004-07-20",0
"2004-07-21",0
"2004-07-22",0
"2004-07-23",0
"2004-07-24",0
"2004-07-25",0
"2004-07-26",0
"2004-07-27",0
"2004-07-28",0
"2004-07-29",0
"2004-07-30",0
"2004-07-31",0
"2004-08-01",0
"2004-08-02",0
"2004-08-03",0
"2004-08-04",0
"2004-08-05",0
"2004-08-06",0
"2004-08-07",0
"2004-08-08",0
"2004-08-09",0
"2004-08-10",0
"2004-08-11",0
"2004-08-12",0
"2004-08-13",0
"2004-08-14",0
"2004-08-15",0
"2004-08-16",0
"2004-08-17",0
"2004-08-18",0
"2004-08-19",0
"2004-08-20",0
"2004-08-21",0
"2004-08-22",0
"2004-08-23",0
"2004-08-24",0
"2004-08-25",0
"2004-08-26",0
"2004-08-27",0
"2004-08-28",0
"2004-08-29",0
"2004-08-30",0
"2004-09-01",0
"2004-09-02",0
"2004-09-03",0
"2004-09-04",0
"2004-09-05",0
"2004-09-06",0
"2004-09-07",0
"2004-09-08",0
"2004-09-09",0
"2004-09-10",0
"2004-09-11",0
"2004-09-12",0
"2004-09-13",0
"2004-09-14",0
"2004-09-15",0
"2004-09-16",0
"2004-09-17",0
"2004-09-18",0
"2004-09-19",0
"2004-09-20",0
"2004-09-21",0
"2004-09-22",0
"2004-09-23",0
"2004-09-24",0
"2004-09-25",0
"2004-09-26",0
"2004-09-28",0
"2004-09-29",0
"2004-09-30",0
"2004-10-01",0
"2004-10-02",0
"2004-10-03",0
"2004-10-04",0
"2004-10-05",0
"2004-10-06",0
"2004-10-07",0
"2004-10-08",0
"2004-10-09",0
"2004-10-10",0
"2004-10-11",0
"2004-10-12",0
"2004-10-13",0
"2004-10-14",0
"2004-10-15",0
"2004-10-16",0
"2004-10-17",0
"2004-10-18",0
"2004-10-19",0
"2004-10-20",0
"2004-10-21",0
"2004-10-22",0
"2004-10-23",0
"2004-10-24",0
"2004-10-25",0
"2004-10-26",0
"2004-10-27",0
"2004-10-28",0
"2004-10-29",5
"2004-10-30",0
"2004-10-31",0
"2004-11-01",0
"2004-11-02",0
"2004-11-03",0
"2004-11-04",0
"2004-11-05",0
"2004-11-06",0
"2004-11-07",0
"2004-11-08",0
"2004-11-09",0
"2004-11-10",0
"2004-11-11",0
"2004-11-12",0
"2004-11-13",0
"2004-11-14",47
"2004-11-15",36
"2004-11-16",37
"2004-11-17",36
"2004-11-18",32
"2004-11-19",30
"2004-11-20",26
"2004-11-21",22
"2004-11-22",55
"2004-11-23",51
"2004-11-24",40
"2004-11-25",32
"2004-11-26",23
"2004-11-27",23
"2004-11-28",3
"2004-11-29",24
"2004-11-30",19
"2004-12-01",9
"2004-12-02",0
"2004-12-03",0
"2004-12-04",0
"2004-12-05",22
"2004-12-06",25
"2004-12-07",39
"2004-12-08",36
"2004-12-09",53
"2004-12-10",37
"2004-12-11",25
"2004-12-12",0
"2004-12-13",0
"2004-12-14",0
"2004-12-15",0
"2004-12-16",0
"2004-12-17",0
"2004-12-18",0
"2004-12-19",0
"2004-12-20",0
"2004-12-21",0
"2004-12-22",0
"2004-12-23",0
"2004-12-24",0
"2004-12-25",0
"2004-12-26",0
"2004-12-27",0
"2004-12-28",0
"2004-12-29",0
"2004-12-30",0
"2004-12-31",0
"2005-01-01",0
"2005-01-02",0
"2005-01-03",0
"2005-01-04",16
"2005-01-05",10
"2005-01-06",18
"2005-01-07",21
"2005-01-08",31
"2005-01-09",17
"2005-01-10",0
"2005-01-11",0
"2005-01-12",28
"2005-01-13",29
"2005-01-14",11
"2005-01-15",0
"2005-01-16",0
"2005-01-17",0
"2005-01-18",0
"2005-01-19",0
"2005-01-20",0
"2005-01-21",0
"2005-01-22",0
"2005-01-23",0
"2005-01-24",0
"2005-01-25",0
"2005-01-26",0
"2005-01-27",3
"2005-01-28",2
"2005-01-29",0
"2005-01-30",0
"2005-01-31",13
"2005-02-01",16
"2005-02-02",17
"2005-02-03",12
"2005-02-04",1
"2005-02-05",0
"2005-02-06",0
"2005-02-07",0
"2005-02-08",33
"2005-02-09",32
"2005-02-10",18
"2005-02-11",9
"2005-02-12",0
"2005-02-13",6
"2005-02-14",3
"2005-02-15",0
"2005-02-16",0
"2005-02-17",0
"2005-02-18",0
"2005-02-19",0
"2005-02-20",0
"2005-02-21",0
"2005-02-22",0
"2005-02-23",0
"2005-02-24",17
"2005-02-25",9
"2005-02-26",13
"2005-02-27",15
"2005-02-28",7
"2005-03-01",0
"2005-03-02",0
"2005-03-03",0
"2005-03-04",0
"2005-03-05",0
"2005-03-06",0
"2005-03-07",0
"2005-03-08",0
"2005-03-09",0
"2005-03-10",0
"2005-03-11",0
"2005-03-12",0
"2005-03-13",0
"2005-03-14",0
"2005-03-15",0
"2005-03-16",0
"2005-03-17",0
"2005-03-18",0
"2005-03-19",0
"2005-03-20",0
"2005-03-21",28
"2005-03-22",15
"2005-03-23",5
"2005-03-24",0
"2005-03-25",0
"2005-03-26",4
"2005-03-27",0
"2005-03-28",0
"2005-03-29",0
"2005-03-30",7
"2005-03-31",5
"2005-04-01",0
"2005-04-02",0
"2005-04-03",0
"2005-04-04",0
"2005-04-05",0
"2005-04-06",0
"2005-04-07",0
"2005-04-08",0
"2005-04-09",0
"2005-04-10",0
"2005-04-11",1
"2005-04-12",0
"2005-04-13",0
"2005-04-14",0
"2005-04-15",0
"2005-04-16",0
"2005-04-17",0
"2005-04-18",0
"2005-04-19",0
"2005-04-20",0
"2005-04-21",0
"2005-04-22",0
"2005-04-23",0
"2005-04-24",0
"2005-04-25",0
"2005-04-26",0
"2005-04-27",0
"2005-04-28",0
"2005-04-29",0
"2005-04-30",0
"2005-05-01",0
"2005-05-02",0
"2005-05-03",0
"2005-05-04",0
"2005-05-05",0
"2005-05-06",0
"2005-05-07",0
"2005-05-08",0
"2005-05-09",0
"2005-05-10",0
"2005-05-11",0
"2005-05-12",0
"2005-05-13",0
"2005-05-14",0
"2005-05-15",0
"2005-05-16",0
"2005-05-17",0
"2005-05-18",0
"2005-05-19",0
"2005-05-20",0
"2005-05-21",0
"2005-05-22",0
"2005-05-23",0
"2005-05-24",0
"2005-05-25",0
"2005-05-26",0
"2005-05-27",0
"2005-05-28",0
"2005-05-29",0
"2005-05-30",0
"2005-05-31",0
"2005-06-01",0
"2005-06-02",0
"2005-06-03",0
"2005-06-04",0
"2005-06-05",0
"2005-06-06",0
"2005-06-07",0
"2005-06-08",0
"2005-06-09",0
"2005-06-10",0
"2005-06-11",0
"2005-06-12",0
"2005-06-13",0
"2005-06-14",0
"2005-06-15",0
"2005-06-16",0
"2005-06-17",0
"2005-06-18",0
"2005-06-19",0
"2005-06-20",0
"2005-06-21",0
"2005-06-22",0
"2005-06-23",0
"2005-06-24",0
"2005-06-26",0
"2005-06-27",0
"2005-06-28",0
"2005-06-29",0
"2005-06-30",0
"2005-07-01",0
"2005-07-02",0
"2005-07-03",0
"2005-07-04",0
"2005-07-05",0
"2005-07-06",0
"2005-07-07",0
"2005-07-08",0
"2005-07-09",0
"2005-07-10",0
"2005-07-11",0
"2005-07-12",0
"2005-07-13",0
"2005-07-14",0
"2005-07-15",0
"2005-07-16",0
"2005-07-17",0
"2005-07-18",0
"2005-07-19",0
"2005-07-20",0
"2005-07-21",0
"2005-07-22",0
"2005-07-23",0
"2005-07-24",0
"2005-07-25",0
"2005-07-26",0
"2005-07-27",0
"2005-07-28",0
"2005-07-29",0
"2005-07-30",0
"2005-07-31",0
"2005-08-03",0
"2005-08-04",0
"2005-08-05",0
"2005-08-06",0
"2005-08-07",0
"2005-08-08",0
"2005-08-09",0
"2005-08-10",0
"2005-08-11",0
"2005-08-12",0
"2005-08-13",0
"2005-08-14",0
"2005-08-15",0
"2005-08-16",0
"2005-08-17",0
"2005-08-18",0
"2005-08-19",0
"2005-08-20",0
"2005-08-21",0
"2005-08-22",0
"2005-08-23",0
"2005-08-24",0
"2005-08-25",0
"2005-08-26",0
"2005-08-27",0
"2005-08-28",0
"2005-08-29",0
"2005-08-30",0
"2005-08-31",0
"2005-09-01",0
"2005-09-02",0
"2005-09-03",0
"2005-09-04",0
"2005-09-05",0
"2005-09-06",0
"2005-09-07",0
"2005-09-08",0
"2005-09-09",0
"2005-09-10",0
"2005-09-11",0
"2005-09-12",0
"2005-09-13",0
"2005-09-14",0
"2005-09-15",0
"2005-09-16",0
"2005-09-17",0
"2005-09-18",0
"2005-09-19",0
"2005-09-20",0
"2005-09-21",0
"2005-09-22",0
"2005-09-23",0
"2005-09-24",0
"2005-09-25",0
"2005-09-26",0
"2005-09-27",0
"2005-09-28",0
"2005-09-29",0
"2005-09-30",0
"2005-10-01",0
"2005-10-02",0
"2005-10-03",0
"2005-10-04",0
"2005-10-05",0
"2005-10-06",0
"2005-10-07",0
"2005-10-08",0
"2005-10-09",0
"2005-10-10",0
"2005-10-11",0
"2005-10-12",0
"2005-10-13",0
"2005-10-14",0
"2005-10-15",0
"2005-10-16",0
"2005-10-17",0
"2005-10-18",0
"2005-10-19",0
"2005-10-20",0
"2005-10-21",0
"2005-10-22",0
"2005-10-23",0
"2005-10-24",0
"2005-10-25",0
"2005-10-26",0
"2005-10-27",0
"2005-10-28",0
"2005-10-29",0
"2005-10-30",0
"2005-10-31",0
"2005-11-01",0
"2005-11-02",0
"2005-11-03",0
"2005-11-04",0
"2005-11-05",0
"2005-11-06",0
"2005-11-07",0
"2005-11-08",0
"2005-11-09",0
"2005-11-10",0
"2005-11-11",0
"2005-11-12",0
"2005-11-13",0
"2005-11-14",0
"2005-11-15",0
"2005-11-16",0
"2005-11-17",0
"2005-11-18",0
"2005-11-19",0
"2005-11-20",0
"2005-11-21",0
"2005-11-22",0
"2005-11-23",0
"2005-11-24",0
"2005-11-25",0
"2005-11-26",0
"2005-11-27",22
"2005-11-28",14
"2005-11-29",3
"2005-11-30",0
"2005-12-01",0
"2005-12-02",0
"2005-12-03",0
"2005-12-04",0
"2005-12-05",0
"2005-12-06",0
"2005-12-07",0
"2005-12-08",0
"2005-12-09",0
"2005-12-10",0
"2005-12-11",0
"2005-12-12",0
"2005-12-13",2
"2005-12-14",25
"2005-12-15",8
"2005-12-16",0
"2005-12-17",0
"2005-12-18",0
"2005-12-19",0
"2005-12-20",0
"2005-12-21",0
"2005-12-22",0
"2005-12-23",0
"2005-12-24",0
"2005-12-25",0
"2005-12-26",0
"2005-12-27",0
"2005-12-28",0
"2005-12-29",0
"2005-12-30",0
"2005-12-31",0
"2006-01-01",0
"2006-01-02",0
"2006-01-03",0
"2006-01-04",0
"2006-01-05",0
"2006-01-06",0
"2006-01-07",0
"2006-01-08",0
"2006-01-09",0
"2006-01-10",0
"2006-01-11",0
"2006-01-12",0
"2006-01-13",0
"2006-01-14",0
"2006-01-15",0
"2006-01-16",0
"2006-01-17",0
"2006-01-18",0
"2006-01-19",0
"2006-01-20",58
"2006-01-21",46
"2006-01-22",37
"2006-01-23",29
"2006-01-24",21
"2006-01-25",0
"2006-01-26",24
"2006-01-27",13
"2006-01-28",0
"2006-01-29",0
"2006-01-30",7
"2006-01-31",0
"2006-02-01",0
"2006-02-02",0
"2006-02-03",0
"2006-02-04",0
"2006-02-05",0
"2006-02-06",0
"2006-02-07",0
"2006-02-08",0
"2006-02-09",0
"2006-02-10",0
"2006-02-11",0
"2006-02-12",0
"2006-02-13",0
"2006-02-14",0
"2006-02-15",0
"2006-02-16",2
"2006-02-17",22
"2006-02-18",0
"2006-02-19",0
"2006-02-20",0
"2006-02-21",0
"2006-02-22",0
"2006-02-23",0
"2006-02-24",0
"2006-02-25",0
"2006-02-26",0
"2006-02-27",0
"2006-02-28",0
"2006-03-01",0
"2006-03-02",0
"2006-03-03",0
"2006-03-04",0
"2006-03-05",0
"2006-03-06",0
"2006-03-07",0
"2006-03-08",0
"2006-03-09",55
"2006-03-10",53
"2006-03-11",91
"2006-03-12",268
"2006-03-13",342
"2006-03-14",309
"2006-03-15",272
"2006-03-16",236
"2006-03-17",211
"2006-03-18",183
"2006-03-19",163
"2006-03-20",159
"2006-03-21",158
"2006-03-22",170
"2006-03-23",201
"2006-03-24",190
"2006-03-25",171
"2006-03-26",79
"2006-03-27",62
"2006-03-28",53
"2006-03-29",33
"2006-03-30",33
"2006-03-31",35
"2006-04-01",0
"2006-04-02",0
"2006-04-03",0
"2006-04-04",0
"2006-04-05",0
"2006-04-06",0
"2006-04-07",4
"2006-04-08",0
"2006-04-09",0
"2006-04-10",0
"2006-04-11",0
"2006-04-12",0
"2006-04-13",0
"2006-04-14",0
"2006-04-15",0
"2006-04-16",0
"2006-04-17",0
"2006-04-18",0
"2006-04-19",0
"2006-04-20",0
"2006-04-21",0
"2006-04-22",0
"2006-04-23",0
"2006-04-24",0
"2006-04-25",0
"2006-04-26",0
"2006-04-27",0
"2006-04-28",0
"2006-04-29",0
"2006-04-30",0
"2006-05-01",0
"2006-05-02",0
"2006-05-03",0
"2006-05-04",0
"2006-05-05",0
"2006-05-06",0
"2006-05-07",0
"2006-05-08",0
"2006-05-09",0
"2006-05-10",0
"2006-05-11",0
"2006-05-12",0
"2006-05-13",0
"2006-05-14",0
"2006-05-15",0
"2006-05-16",0
"2006-05-17",0
"2006-05-18",0
"2006-05-19",0
"2006-05-20",0
"2006-05-21",0
"2006-05-22",0
"2006-05-23",0
"2006-05-24",0
"2006-05-25",0
"2006-05-26",0
"2006-05-27",0
"2006-05-28",0
"2006-05-29",0
"2006-05-30",0
"2006-05-31",0
"2006-06-01",0
"2006-06-02",0
"2006-06-03",0
"2006-06-04",0
"2006-06-05",0
"2006-06-06",0
"2006-06-07",0
"2006-06-08",0
"2006-06-09",0
"2006-06-10",0
"2006-06-11",0
"2006-06-12",0
"2006-06-13",0
"2006-06-14",0
"2006-06-15",0
"2006-06-16",0
"2006-06-17",0
"2006-06-18",0
"2006-06-19",0
"2006-06-20",0
"2006-06-21",0
"2006-06-22",0
"2006-06-23",0
"2006-06-24",0
"2006-06-25",0
"2006-06-26",0
"2006-06-27",0
"2006-06-28",0
"2006-06-29",0
"2006-06-30",0
"2006-07-01",0
"2006-07-02",0
"2006-07-03",0
"2006-07-04",0
"2006-07-05",0
"2006-07-06",0
"2006-07-07",0
"2006-07-08",0
"2006-07-09",0
"2006-07-10",0
"2006-07-11",0
"2006-07-12",0
"2006-07-13",0
"2006-07-14",0
"2006-07-15",0
"2006-07-16",0
"2006-07-17",0
"2006-07-18",0
"2006-07-19",0
"2006-07-20",0
"2006-07-21",0
"2006-07-22",0
"2006-07-23",0
"2006-07-24",0
"2006-07-25",0
"2006-07-26",0
"2006-07-27",0
"2006-07-28",0
"2006-07-29",0
"2006-07-30",0
"2006-07-31",0
"2006-08-01",0
"2006-08-02",0
"2006-08-03",0
"2006-08-04",0
"2006-08-05",0
"2006-08-06",0
"2006-08-07",0
"2006-08-08",0
"2006-08-09",0
"2006-08-10",0
"2006-08-11",0
"2006-08-12",0
"2006-08-13",0
"2006-08-14",0
"2006-08-15",0
"2006-08-16",0
"2006-08-17",0
"2006-08-18",0
"2006-08-19",0
"2006-08-20",0
"2006-08-21",0
"2006-08-22",0
"2006-08-23",0
"2006-08-24",0
"2006-08-25",0
"2006-08-28",0
"2006-08-29",0
"2006-08-30",0
"2006-08-31",0
"2006-09-01",0
"2006-09-02",0
"2006-09-03",0
"2006-09-04",0
"2006-09-05",0
"2006-09-06",0
"2006-09-07",0
"2006-09-09",0
"2006-09-10",0
"2006-09-11",0
"2006-09-12",0
"2006-09-13",0
"2006-09-14",0
"2006-09-15",0
"2006-09-16",0
"2006-09-17",0
"2006-09-18",0
"2006-09-19",0
"2006-09-20",0
"2006-09-21",0
"2006-09-22",0
"2006-09-23",0
"2006-09-24",0
"2006-09-25",0
"2006-09-26",0
"2006-09-27",0
"2006-09-28",0
"2006-09-29",0
"2006-10-02",0
"2006-10-03",0
"2006-10-04",0
"2006-10-05",0
"2006-10-06",0
"2006-10-07",0
"2006-10-08",0
"2006-10-09",0
"2006-10-10",0
"2006-10-11",0
"2006-10-12",0
"2006-10-13",0
"2006-10-14",0
"2006-10-15",0
"2006-10-16",0
"2006-10-17",0
"2006-10-18",0
"2006-10-19",0
"2006-10-20",0
"2006-10-21",0
"2006-10-22",0
"2006-10-23",0
"2006-10-24",0
"2006-10-25",0
"2006-10-26",0
"2006-10-27",0
"2006-10-28",0
"2006-10-29",0
"2006-10-30",0
"2006-10-31",0
"2006-11-01",0
"2006-11-02",0
"2006-11-03",0
"2006-11-04",0
"2006-11-05",0
"2006-11-06",0
"2006-11-07",0
"2006-11-08",0
"2006-11-09",0
"2006-11-10",0
"2006-11-11",0
"2006-11-12",0
"2006-11-13",28
"2006-11-14",12
"2006-11-15",0
"2006-11-16",0
"2006-11-17",0
"2006-11-18",0
"2006-11-19",0
"2006-11-20",0
"2006-11-21",0
"2006-11-22",0
"2006-11-23",0
"2006-11-24",0
"2006-11-25",0
"2006-11-26",0
"2006-11-27",0
"2006-11-28",0
"2006-11-29",4
"2006-11-30",17
"2006-12-01",6
"2006-12-02",0
"2006-12-03",0
"2006-12-04",0
"2006-12-05",0
"2006-12-06",0
"2006-12-07",0
"2006-12-08",0
"2006-12-09",0
"2006-12-10",0
"2006-12-11",6
"2006-12-12",17
"2006-12-13",2
"2006-12-14",0
"2006-12-15",0
"2006-12-16",0
"2006-12-17",0
"2006-12-18",0
"2006-12-19",19
"2006-12-20",136
"2006-12-21",131
"2006-12-22",103
"2006-12-23",89
"2006-12-24",75
"2006-12-25",56
"2006-12-26",35
"2006-12-27",16
"2006-12-28",0
"2006-12-29",5
"2006-12-30",22
"2006-12-31",8
"2007-01-01",0
"2007-01-02",0
"2007-01-03",0
"2007-01-04",0
"2007-01-05",0
"2007-01-06",32
"2007-01-07",18
"2007-01-08",2
"2007-01-09",0
"2007-01-10",0
"2007-01-11",0
"2007-01-12",0
"2007-01-13",39
"2007-01-14",75
"2007-01-15",74
"2007-01-16",65
"2007-01-17",54
"2007-01-18",46
"2007-01-19",34
"2007-01-20",62
"2007-01-21",91
"2007-01-22",85
"2007-01-23",83
"2007-01-24",65
"2007-01-25",54
"2007-01-26",45
"2007-01-27",32
"2007-01-28",18
"2007-01-29",13
"2007-01-30",2
"2007-01-31",35
"2007-02-01",168
"2007-02-02",159
"2007-02-03",137
"2007-02-04",105
"2007-02-05",80
"2007-02-06",68
"2007-02-07",57
"2007-02-08",45
"2007-02-09",25
"2007-02-10",10
"2007-02-11",2
"2007-02-12",0
"2007-02-13",9
"2007-02-15",38
"2007-02-16",19
"2007-02-17",0
"2007-02-18",0
"2007-02-19",0
"2007-02-20",49
"2007-02-21",57
"2007-02-22",43
"2007-02-23",17
"2007-02-24",41
"2007-02-25",29
"2007-02-26",5
"2007-02-27",0
"2007-02-28",0
"2007-03-01",9
"2007-03-02",0
"2007-03-03",0
"2007-03-04",0
"2007-03-05",0
"2007-03-06",0
"2007-03-07",0
"2007-03-08",0
"2007-03-09",1
"2007-03-10",0
"2007-03-11",0
"2007-03-12",0
"2007-03-13",0
"2007-03-14",0
"2007-03-15",0
"2007-03-16",0
"2007-03-17",0
"2007-03-18",0
"2007-03-19",0
"2007-03-20",0
"2007-03-21",0
"2007-03-22",0
"2007-03-23",0
"2007-03-24",0
"2007-03-25",1
"2007-03-27",0
"2007-03-28",0
"2007-03-29",56
"2007-03-30",70
"2007-03-31",79
"2007-04-01",56
"2007-04-02",0
"2007-04-03",0
"2007-04-04",0
"2007-04-05",0
"2007-04-06",0
"2007-04-07",0
"2007-04-08",0
"2007-04-09",0
"2007-04-10",0
"2007-04-11",0
"2007-04-12",0
"2007-04-13",32
"2007-04-14",54
"2007-04-15",46
"2007-04-16",0
"2007-04-17",0
"2007-04-18",0
"2007-04-19",0
"2007-04-20",0
"2007-04-21",0
"2007-04-22",0
"2007-04-23",0
"2007-04-24",0
"2007-04-25",14
"2007-04-26",0
"2007-04-27",0
"2007-04-28",0
"2007-04-29",0
"2007-04-30",0
"2007-05-01",0
"2007-05-02",0
"2007-05-03",0
"2007-05-04",0
"2007-05-05",0
"2007-05-06",65
"2007-05-07",63
"2007-05-08",55
"2007-05-09",0
"2007-05-10",0
"2007-05-11",0
"2007-05-12",0
"2007-05-13",0
"2007-05-14",0
"2007-05-15",0
"2007-05-16",0
"2007-05-17",0
"2007-05-18",0
"2007-05-19",0
"2007-05-20",0
"2007-05-21",0
"2007-05-22",0
"2007-05-23",0
"2007-05-24",0
"2007-05-25",0
"2007-05-26",0
"2007-05-27",0
"2007-05-28",0
"2007-05-29",0
"2007-05-30",0
"2007-05-31",0
"2007-06-01",0
"2007-06-02",0
"2007-06-03",0
"2007-06-04",0
"2007-06-05",0
"2007-06-06",0
"2007-06-07",0
"2007-06-08",0
"2007-06-09",0
"2007-06-10",0
"2007-06-11",0
"2007-06-12",0
"2007-06-13",0
"2007-06-14",0
"2007-06-15",0
"2007-06-16",0
"2007-06-17",0
"2007-06-18",0
"2007-06-19",0
"2007-06-20",0
"2007-06-21",0
"2007-06-22",0
"2007-06-23",0
"2007-06-24",0
"2007-06-25",0
"2007-06-26",0
"2007-06-27",0
"2007-06-28",0
"2007-06-29",0
"2007-06-30",0
"2007-07-01",0
"2007-07-02",0
"2007-07-03",0
"2007-07-04",0
"2007-07-05",0
"2007-07-06",0
"2007-07-07",0
"2007-07-08",0
"2007-07-09",0
"2007-07-10",0
"2007-07-11",0
"2007-07-12",0
"2007-07-13",0
"2007-07-14",0
"2007-07-15",0
"2007-07-16",0
"2007-07-17",0
"2007-07-18",0
"2007-07-19",0
"2007-07-20",0
"2007-07-21",0
"2007-07-22",0
"2007-07-23",0
"2007-07-24",0
"2007-07-25",0
"2007-07-26",0
"2007-07-27",0
"2007-07-28",0
"2007-07-29",0
"2007-07-30",0
"2007-07-31",0
"2007-08-01",0
"2007-08-02",0
"2007-08-03",0
"2007-08-04",0
"2007-08-05",0
"2007-08-06",0
"2007-08-07",0
"2007-08-08",0
"2007-08-09",0
"2007-08-10",0
"2007-08-11",0
"2007-08-12",0
"2007-08-13",0
"2007-08-14",0
"2007-08-15",0
"2007-08-16",0
"2007-08-17",0
"2007-08-18",0
"2007-08-19",0
"2007-08-20",0
"2007-08-21",0
"2007-08-22",0
"2007-08-23",0
"2007-08-24",0
"2007-08-25",0
"2007-08-26",0
"2007-08-27",0
"2007-08-28",0
"2007-08-29",0
"2007-08-30",0
"2007-08-31",0
"2007-09-01",0
"2007-09-02",0
"2007-09-03",0
"2007-09-04",0
"2007-09-05",0
"2007-09-06",0
"2007-09-07",0
"2007-09-08",0
"2007-09-09",0
"2007-09-10",0
"2007-09-11",0
"2007-09-12",0
"2007-09-13",0
"2007-09-14",0
"2007-09-15",0
"2007-09-16",0
"2007-09-17",0
"2007-09-18",0
"2007-09-19",0
"2007-09-20",0
"2007-09-21",0
"2007-09-22",0
"2007-09-23",0
"2007-09-24",0
"2007-09-25",0
"2007-09-26",0
"2007-09-27",0
"2007-09-28",0
"2007-09-29",0
"2007-09-30",0
"2007-10-01",0
"2007-10-02",0
"2007-10-03",0
"2007-10-04",0
"2007-10-05",0
"2007-10-06",0
"2007-10-07",0
"2007-10-08",0
"2007-10-09",0
"2007-10-10",0
"2007-10-11",0
"2007-10-12",0
"2007-10-13",0
"2007-10-14",0
"2007-10-15",0
"2007-10-16",0
"2007-10-17",0
"2007-10-18",0
"2007-10-19",0
"2007-10-20",0
"2007-10-21",0
"2007-10-22",0
"2007-10-23",0
"2007-10-24",0
"2007-10-25",0
"2007-10-26",0
"2007-10-27",0
"2007-10-28",0
"2007-10-29",0
"2007-10-30",0
"2007-10-31",0
"2007-11-01",0
"2007-11-02",0
"2007-11-03",0
"2007-11-04",0
"2007-11-05",0
"2007-11-06",0
"2007-11-07",0
"2007-11-08",0
"2007-11-09",0
"2007-11-10",0
"2007-11-11",0
"2007-11-12",0
"2007-11-13",0
"2007-11-14",0
"2007-11-15",0
"2007-11-16",0
"2007-11-17",0
"2007-11-18",0
"2007-11-19",0
"2007-11-20",0
"2007-11-21",0
"2007-11-22",0
"2007-11-23",0
"2007-11-24",0
"2007-11-25",0
"2007-11-26",0
"2007-11-27",0
"2007-11-28",0
"2007-11-29",0
"2007-11-30",0
"2007-12-01",0
"2007-12-02",0
"2007-12-03",5
"2007-12-04",0
"2007-12-05",0
"2007-12-06",0
"2007-12-07",0
"2007-12-08",0
"2007-12-09",182
"2007-12-10",168
"2007-12-11",329
"2007-12-12",374
"2007-12-13",341
"2007-12-14",318
"2007-12-15",322
"2007-12-16",303
"2007-12-17",287
"2007-12-18",266
"2007-12-19",249
"2007-12-20",235
"2007-12-21",222
"2007-12-22",241
"2007-12-23",227
"2007-12-24",211
"2007-12-25",197
"2007-12-26",192
"2007-12-27",187
"2007-12-28",192
"2007-12-29",186
"2007-12-30",181
"2007-12-31",171
"2008-01-01",159
"2008-01-02",148
"2008-01-03",132
"2008-01-04",118
"2008-01-05",111
"2008-01-06",112
"2008-01-07",246
"2008-01-08",570
"2008-01-09",521
"2008-01-10",518
"2008-01-11",479
"2008-01-12",443
"2008-01-13",422
"2008-01-14",405
"2008-01-15",389
"2008-01-16",367
"2008-01-17",354
"2008-01-18",344
"2008-01-19",333
"2008-01-20",320
"2008-01-21",302
"2008-01-22",284
"2008-01-23",274
"2008-01-24",266
"2008-01-25",284
"2008-01-26",301
"2008-01-27",286
"2008-01-28",192
"2008-01-29",360
"2008-01-30",346
"2008-01-31",393
"2008-02-01",379
"2008-02-02",363
"2008-02-03",378
"2008-02-04",509
"2008-02-05",581
"2008-02-06",554
"2008-02-07",532
"2008-02-08",505
"2008-02-09",481
"2008-02-10",459
"2008-02-11",445
"2008-02-12",427
"2008-02-13",409
"2008-02-14",385
"2008-02-15",467
"2008-02-16",505
"2008-02-17",480
"2008-02-18",454
"2008-02-19",433
"2008-02-20",417
"2008-02-21",425
"2008-02-22",465
"2008-02-23",588
"2008-02-24",648
"2008-02-25",640
"2008-02-26",627
"2008-02-27",596
"2008-02-28",572
"2008-02-29",547
"2008-03-01",529
"2008-03-02",424
"2008-03-03",424
"2008-03-04",417
"2008-03-05",398
"2008-03-06",388
"2008-03-07",380
"2008-03-08",372
"2008-03-09",363
"2008-03-10",357
"2008-03-11",350
"2008-03-12",341
"2008-03-14",286
"2008-03-15",275
"2008-03-16",264
"2008-03-17",258
"2008-03-18",260
"2008-03-19",250
"2008-03-20",245
"2008-03-21",219
"2008-03-22",213
"2008-03-23",203
"2008-03-24",196
"2008-03-25",184
"2008-03-26",155
"2008-03-27",95
"2008-03-28",58
"2008-03-29",47
"2008-03-30",0
"2008-03-31",0
"2008-04-01",0
"2008-04-02",0
"2008-04-03",0
"2008-04-04",0
"2008-04-05",0
"2008-04-06",0
"2008-04-07",0
"2008-04-08",0
"2008-04-09",0
"2008-04-10",22
"2008-04-11",49
"2008-04-12",25
"2008-04-13",8
"2008-04-14",0
"2008-04-15",0
"2008-04-16",0
"2008-04-17",0
"2008-04-18",0
"2008-04-19",0
"2008-04-20",0
"2008-04-21",0
"2008-04-22",0
"2008-04-23",0
"2008-04-24",0
"2008-04-25",0
"2008-04-26",0
"2008-04-27",0
"2008-04-28",0
"2008-04-29",0
"2008-04-30",0
"2008-05-01",0
"2008-05-02",0
"2008-05-03",0
"2008-05-04",0
"2008-05-05",0
"2008-05-06",0
"2008-05-07",0
"2008-05-08",0
"2008-05-09",0
"2008-05-10",0
"2008-05-11",0
"2008-05-12",0
"2008-05-13",0
"2008-05-14",0
"2008-05-15",0
"2008-05-16",0
"2008-05-17",0
"2008-05-18",0
"2008-05-19",0
"2008-05-20",0
"2008-05-21",0
"2008-05-22",0
"2008-05-23",0
"2008-05-24",11
"2008-05-25",12
"2008-05-26",0
"2008-05-27",0
"2008-05-28",0
"2008-05-29",0
"2008-05-30",0
"2008-05-31",0
"2008-06-01",0
"2008-06-02",0
"2008-06-03",0
"2008-06-04",0
"2008-06-05",0
"2008-06-06",0
"2008-06-07",0
"2008-06-08",0
"2008-06-09",0
"2008-06-10",0
"2008-06-11",0
"2008-06-12",0
"2008-06-14",0
"2008-06-15",0
"2008-06-16",0
"2008-06-17",0
"2008-06-19",0
"2008-06-20",0
"2008-06-21",0
"2008-06-22",0
"2008-06-23",0
"2008-06-24",0
"2008-06-25",0
"2008-06-26",0
"2008-06-27",0
"2008-06-28",0
"2008-06-29",0
"2008-06-30",0
"2008-07-01",0
"2008-07-02",0
"2008-07-03",0
"2008-07-04",0
"2008-07-05",0
"2008-07-06",0
"2008-07-07",0
"2008-07-08",0
"2008-07-09",0
"2008-07-10",0
"2008-07-11",0
"2008-07-12",0
"2008-07-13",0
"2008-07-14",0
"2008-07-15",0
"2008-07-16",0
"2008-07-17",0
"2008-07-18",0
"2008-07-19",0
"2008-07-20",0
"2008-07-21",0
"2008-07-22",0
"2008-07-23",0
"2008-07-24",0
"2008-07-25",0
"2008-07-26",0
"2008-07-27",0
"2008-07-28",0
"2008-07-29",0
"2008-07-30",0
"2008-07-31",0
"2008-08-01",0
"2008-08-02",0
"2008-08-03",0
"2008-08-04",0
"2008-08-05",0
"2008-08-06",0
"2008-08-07",0
"2008-08-08",0
"2008-08-09",0
"2008-08-10",0
"2008-08-11",0
"2008-08-12",0
"2008-08-13",0
"2008-08-14",0
"2008-08-15",0
"2008-08-16",0
"2008-08-17",0
"2008-08-18",0
"2008-08-19",0
"2008-08-20",0
"2008-08-21",0
"2008-08-22",0
"2008-08-23",0
"2008-08-24",0
"2008-08-25",0
"2008-08-26",0
"2008-08-27",0
"2008-08-28",0
"2008-08-29",0
"2008-08-30",0
"2008-08-31",0
"2008-09-01",0
"2008-09-02",0
"2008-09-03",0
"2008-09-04",0
"2008-09-05",0
"2008-09-06",0
"2008-09-07",0
"2008-09-08",0
"2008-09-09",0
"2008-09-10",0
"2008-09-11",0
"2008-09-12",0
"2008-09-13",0
"2008-09-14",0
"2008-09-15",0
"2008-09-16",0
"2008-09-17",0
"2008-09-18",0
"2008-09-19",0
"2008-09-20",0
"2008-09-21",0
"2008-09-22",0
"2008-09-23",0
"2008-09-24",0
"2008-09-25",0
"2008-09-26",0
"2008-09-27",0
"2008-09-28",0
"2008-09-29",0
"2008-09-30",0
"2008-10-01",0
"2008-10-02",0
"2008-10-03",0
"2008-10-04",0
"2008-10-05",0
"2008-10-06",0
"2008-10-07",0
"2008-10-08",0
"2008-10-09",0
"2008-10-10",0
"2008-10-11",0
"2008-10-12",0
"2008-10-13",0
"2008-10-14",0
"2008-10-15",0
"2008-10-16",0
"2008-10-17",0
"2008-10-18",0
"2008-10-19",0
"2008-10-20",0
"2008-10-21",0
"2008-10-22",0
"2008-10-23",0
"2008-10-24",0
"2008-10-25",0
"2008-10-26",0
"2008-10-27",0
"2008-10-28",0
"2008-10-29",0
"2008-10-30",0
"2008-10-31",0
"2008-11-01",0
"2008-11-02",0
"2008-11-03",0
"2008-11-04",0
"2008-11-05",0
"2008-11-06",29
"2008-11-07",10
"2008-11-08",0
"2008-11-09",0
"2008-11-10",0
"2008-11-11",9
"2008-11-12",0
"2008-11-13",0
"2008-11-14",0
"2008-11-15",0
"2008-11-16",0
"2008-11-17",0
"2008-11-18",0
"2008-11-19",0
"2008-11-20",0
"2008-11-21",0
"2008-11-22",0
"2008-11-23",0
"2008-11-24",0
"2008-11-25",0
"2008-11-26",0
"2008-11-27",0
"2008-11-28",27
"2008-11-29",45
"2008-11-30",24
"2008-12-01",0
"2008-12-02",0
"2008-12-03",0
"2008-12-04",0
"2008-12-05",0
"2008-12-06",0
"2008-12-07",0
"2008-12-08",0
"2008-12-09",52
"2008-12-10",41
"2008-12-11",15
"2008-12-12",0
"2008-12-13",0
"2008-12-14",0
"2008-12-15",107
"2008-12-16",130
"2008-12-17",356
"2008-12-18",343
"2008-12-19",376
"2008-12-20",341
"2008-12-21",309
"2008-12-22",286
"2008-12-23",380
"2008-12-24",496
"2008-12-25",465
"2008-12-26",545
"2008-12-27",641
"2008-12-28",595
"2008-12-29",555
"2008-12-30",525
"2008-12-31",497
"2009-01-01",473
"2009-01-02",446
"2009-01-03",426
"2009-01-04",443
"2009-01-05",501
"2009-01-06",526
"2009-01-07",501
"2009-01-08",470
"2009-01-09",447
"2009-01-10",425
"2009-01-11",406
"2009-01-12",383
"2009-01-13",357
"2009-01-14",337
"2009-01-15",319
"2009-01-16",309
"2009-01-17",303
"2009-01-18",294
"2009-01-19",284
"2009-01-20",277
"2009-01-21",268
"2009-01-22",261
"2009-01-23",253
"2009-01-24",254
"2009-01-25",238
"2009-01-26",232
"2009-01-27",265
"2009-01-28",258
"2009-01-29",240
"2009-01-30",226
"2009-01-31",212
"2009-02-01",201
"2009-02-02",188
"2009-02-03",175
"2009-02-04",167
"2009-02-05",158
"2009-02-06",142
"2009-02-07",118
"2009-02-08",107
"2009-02-09",125
"2009-02-10",293
"2009-02-11",417
"2009-02-12",388
"2009-02-13",356
"2009-02-14",337
"2009-02-15",330
"2009-02-16",311
"2009-02-17",280
"2009-02-18",291
"2009-02-19",277
"2009-02-20",259
"2009-02-21",243
"2009-02-22",229
"2009-02-23",190
"2009-02-24",12
"2009-02-25",0
"2009-02-26",0
"2009-02-27",0
"2009-02-28",0
"2009-03-01",0
"2009-03-02",0
"2009-03-03",0
"2009-03-04",0
"2009-03-05",0
"2009-03-06",0
"2009-03-07",0
"2009-03-08",8
"2009-03-09",0
"2009-03-10",0
"2009-03-11",0
"2009-03-12",0
"2009-03-13",0
"2009-03-14",49
"2009-03-15",46
"2009-03-16",30
"2009-03-17",12
"2009-03-18",0
"2009-03-19",0
"2009-03-20",0
"2009-03-21",0
"2009-03-22",0
"2009-03-23",23
"2009-03-24",27
"2009-03-25",8
"2009-03-26",0
"2009-03-27",57
"2009-03-28",40
"2009-03-29",20
"2009-03-30",0
"2009-03-31",10
"2009-04-01",0
"2009-04-02",0
"2009-04-03",0
"2009-04-04",50
"2009-04-05",68
"2009-04-06",55
"2009-04-07",39
"2009-04-08",0
"2009-04-09",0
"2009-04-10",0
"2009-04-11",0
"2009-04-12",15
"2009-04-13",0
"2009-04-14",0
"2009-04-15",0
"2009-04-16",22
"2009-04-17",26
"2009-04-18",24
"2009-04-19",0
"2009-04-20",0
"2009-04-21",0
"2009-04-22",0
"2009-04-23",0
"2009-04-24",0
"2009-04-25",0
"2009-04-26",0
"2009-04-27",0
"2009-04-28",0
"2009-04-29",0
"2009-04-30",0
"2009-05-01",0
"2009-05-02",0
"2009-05-03",0
"2009-05-04",0
"2009-05-05",0
"2009-05-06",0
"2009-05-07",0
"2009-05-08",0
"2009-05-09",0
"2009-05-10",0
"2009-05-11",0
"2009-05-12",0
"2009-05-13",0
"2009-05-14",0
"2009-05-15",0
"2009-05-16",0
"2009-05-17",0
"2009-05-18",0
"2009-05-19",0
"2009-05-20",0
"2009-05-21",0
"2009-05-22",0
"2009-05-23",0
"2009-05-24",0
"2009-05-25",0
"2009-05-26",0
"2009-05-27",0
"2009-05-28",0
"2009-05-29",0
"2009-05-30",0
"2009-05-31",0
"2009-06-01",0
"2009-06-02",0
"2009-06-03",0
"2009-06-04",0
"2009-06-05",0
"2009-06-06",0
"2009-06-07",0
"2009-06-08",0
"2009-06-09",0
"2009-06-10",0
"2009-06-11",0
"2009-06-12",0
"2009-06-13",0
"2009-06-14",0
"2009-06-15",0
"2009-06-16",0
"2009-06-17",0
"2009-06-18",0
"2009-06-19",0
"2009-06-20",0
"2009-06-21",0
"2009-06-22",0
"2009-06-23",0
"2009-06-24",0
"2009-06-25",0
"2009-06-26",0
"2009-06-27",0
"2009-06-28",0
"2009-06-29",0
"2009-06-30",0
"2009-07-01",0
"2009-07-02",0
"2009-07-03",0
"2009-07-04",0
"2009-07-05",0
"2009-07-06",0
"2009-07-07",0
"2009-07-08",0
"2009-07-09",0
"2009-07-10",0
"2009-07-11",0
"2009-07-12",0
"2009-07-13",0
"2009-07-14",0
"2009-07-15",0
"2009-07-16",0
"2009-07-17",0
"2009-07-18",0
"2009-07-19",0
"2009-07-20",0
"2009-07-21",0
"2009-07-22",0
"2009-07-23",0
"2009-07-24",0
"2009-07-25",0
"2009-07-26",0
"2009-07-27",0
"2009-07-28",0
"2009-07-29",0
"2009-07-30",0
"2009-07-31",0
"2009-08-01",0
"2009-08-02",0
"2009-08-03",0
"2009-08-04",0
"2009-08-05",0
"2009-08-06",0
"2009-08-07",0
"2009-08-08",0
"2009-08-09",0
"2009-08-10",0
"2009-08-11",0
"2009-08-12",0
"2009-08-13",0
"2009-08-14",0
"2009-08-15",0
"2009-08-16",0
"2009-08-17",0
"2009-08-18",0
"2009-08-19",0
"2009-08-21",0
"2009-08-22",0
"2009-08-23",0
"2009-08-24",0
"2009-08-25",0
"2009-08-26",0
"2009-08-27",0
"2009-08-28",0
"2009-08-29",0
"2009-08-30",0
"2009-08-31",0
"2009-09-01",0
"2009-09-02",0
"2009-09-03",0
"2009-09-04",0
"2009-09-05",0
"2009-09-06",0
"2009-09-07",0
"2009-09-08",0
"2009-09-09",0
"2009-09-10",0
"2009-09-11",0
"2009-09-12",0
"2009-09-13",0
"2009-09-14",0
"2009-09-15",0
"2009-09-16",0
"2009-09-17",0
"2009-09-18",0
"2009-09-19",0
"2009-09-20",0
"2009-09-21",0
"2009-09-22",0
"2009-09-23",0
"2009-09-24",0
"2009-09-25",0
"2009-09-26",0
"2009-09-27",0
"2009-09-28",0
"2009-09-29",0
"2009-09-30",0
"2009-10-01",0
"2009-10-02",0
"2009-10-03",0
"2009-10-04",0
"2009-10-05",0
"2009-10-06",0
"2009-10-07",0
"2009-10-08",0
"2009-10-09",0
"2009-10-10",0
"2009-10-11",0
"2009-10-12",0
"2009-10-13",0
"2009-10-14",0
"2009-10-15",0
"2009-10-16",0
"2009-10-17",0
"2009-10-18",0
"2009-10-19",0
"2009-10-20",0
"2009-10-21",0
"2009-10-22",0
"2009-10-23",0
"2009-10-24",0
"2009-10-25",0
"2009-10-26",0
"2009-10-27",0
"2009-10-28",22
"2009-10-29",51
"2009-10-30",71
"2009-10-31",51
"2009-11-01",35
"2009-11-02",1
"2009-11-03",0
"2009-11-04",0
"2009-11-05",0
"2009-11-06",0
"2009-11-07",0
"2009-11-08",0
"2009-11-09",0
"2009-11-10",0
"2009-11-11",0
"2009-11-12",0
"2009-11-13",0
"2009-11-14",0
"2009-11-15",8
"2009-11-16",17
"2009-11-17",7
"2009-11-18",1
"2009-11-19",0
"2009-11-20",0
"2009-11-21",0
"2009-11-22",0
"2009-11-23",0
"2009-11-24",0
"2009-11-25",0
"2009-11-26",0
"2009-11-27",0
"2009-11-28",0
"2009-11-29",0
"2009-11-30",4
"2009-12-01",0
"2009-12-02",0
"2009-12-03",0
"2009-12-04",0
"2009-12-05",0
"2009-12-06",0
"2009-12-07",0
"2009-12-08",137
"2009-12-09",214
"2009-12-10",190
"2009-12-11",170
"2009-12-12",154
"2009-12-13",152
"2009-12-14",190
"2009-12-15",172
"2009-12-16",155
"2009-12-17",141
"2009-12-18",126
"2009-12-19",109
"2009-12-20",101
"2009-12-21",88
"2009-12-22",73
"2009-12-23",157
"2009-12-24",197
"2009-12-25",172
"2009-12-26",155
"2009-12-27",146
"2009-12-28",140
"2009-12-29",132
"2009-12-30",181
"2009-12-31",341
"2010-01-01",332
"2010-01-02",298
"2010-01-03",272
"2010-01-04",250
"2010-01-05",236
"2010-01-06",222
"2010-01-07",198
"2010-01-08",181
"2010-01-09",168
"2010-01-10",155
"2010-01-11",148
"2010-01-12",141
"2010-01-13",127
"2010-01-14",122
"2010-01-15",146
"2010-01-16",134
"2010-01-17",122
"2010-01-18",112
"2010-01-19",191
"2010-01-20",241
"2010-01-21",307
"2010-01-22",576
"2010-01-23",719
"2010-01-24",715
"2010-01-25",665
"2010-01-26",1750
"2010-01-27",1615
"2010-01-28",1535
"2010-01-29",1574
"2010-01-30",1507
"2010-01-31",1452
"2010-02-01",1405
"2010-02-02",1361
"2010-02-03",1327
"2010-02-04",1348
"2010-02-05",1319
"2010-02-06",1323
"2010-02-07",1299
"2010-02-08",1332
"2010-02-09",1322
"2010-02-10",1325
"2010-02-11",1308
"2010-02-12",1277
"2010-02-13",1384
"2010-02-14",1348
"2010-02-15",1317
"2010-02-16",1295
"2010-02-17",1280
"2010-02-18",1265
"2010-02-19",1243
"2010-02-20",1222
"2010-02-21",1215
"2010-02-22",1314
"2010-02-23",1430
"2010-02-24",1615
"2010-02-25",1598
"2010-02-26",1571
"2010-02-27",1542
"2010-02-28",1511
"2010-03-01",1487
"2010-03-02",1589
"2010-03-03",1569
"2010-03-04",1545
"2010-03-05",1517
"2010-03-06",1548
"2010-03-07",1530
"2010-03-08",1538
"2010-03-09",1527
"2010-03-10",1588
"2010-03-11",1628
"2010-03-12",1706
"2010-03-13",1673
"2010-03-14",1641
"2010-03-15",1652
"2010-03-16",1642
"2010-03-17",1618
"2010-03-18",1592
"2010-03-19",1564
"2010-03-20",1549
"2010-03-21",1544
"2010-03-22",1523
"2010-03-23",1502
"2010-03-24",1486
"2010-03-25",1512
"2010-03-26",1495
"2010-03-27",1501
"2010-03-28",1483
"2010-03-29",1467
"2010-03-30",1437
"2010-03-31",1320
"2010-04-01",1233
"2010-04-02",1290
"2010-04-03",1281
"2010-04-04",1258
"2010-04-05",1214
"2010-04-06",1132
"2010-04-07",1006.0001
"2010-04-08",995
"2010-04-09",988
"2010-04-10",954
"2010-04-11",909
"2010-04-12",854
"2010-04-13",738
"2010-04-14",739
"2010-04-15",604
"2010-04-16",561
"2010-04-17",472
"2010-04-18",421
"2010-04-19",374
"2010-04-20",168
"2010-04-21",71
"2010-04-22",0
"2010-04-23",50
"2010-04-24",43
"2010-04-25",1
"2010-04-26",0
"2010-04-27",0
"2010-04-28",0
"2010-04-29",0
"2010-04-30",9
"2010-05-01",7
"2010-05-02",2
"2010-05-03",35
"2010-05-04",0
"2010-05-05",0
"2010-05-06",0
"2010-05-07",0
"2010-05-08",0
"2010-05-09",0
"2010-05-10",0
"2010-05-11",0
"2010-05-12",0
"2010-05-13",0
"2010-05-14",0
"2010-05-15",0
"2010-05-16",0
"2010-05-17",0
"2010-05-18",0
"2010-05-19",0
"2010-05-20",0
"2010-05-21",0
"2010-05-22",0
"2010-05-23",0
"2010-05-24",0
"2010-05-25",0
"2010-05-26",0
"2010-05-27",0
"2010-05-28",0
"2010-05-29",0
"2010-05-30",0
"2010-05-31",0
"2010-06-01",0
"2010-06-02",0
"2010-06-03",0
"2010-06-04",0
"2010-06-05",0
"2010-06-06",0
"2010-06-07",0
"2010-06-08",0
"2010-06-09",0
"2010-06-10",0
"2010-06-11",0
"2010-06-12",0
"2010-06-13",0
"2010-06-14",0
"2010-06-15",0
"2010-06-16",0
"2010-06-17",0
"2010-06-18",0
"2010-06-19",0
"2010-06-20",0
"2010-06-21",0
"2010-06-22",0
"2010-06-23",0
"2010-06-24",0
"2010-06-25",0
"2010-06-26",0
"2010-06-27",0
"2010-06-28",0
"2010-06-29",0
"2010-06-30",0
"2010-07-01",0
"2010-07-02",0
"2010-07-03",0
"2010-07-04",0
"2010-07-05",0
"2010-07-06",0
"2010-07-07",0
"2010-07-08",0
"2010-07-09",0
"2010-07-10",0
"2010-07-11",0
"2010-07-12",0
"2010-07-13",0
"2010-07-14",0
"2010-07-15",0
"2010-07-16",0
"2010-07-17",0
"2010-07-18",0
"2010-07-19",0
"2010-07-20",0
"2010-07-21",0
"2010-07-22",0
"2010-07-23",0
"2010-07-24",0
"2010-07-25",0
"2010-07-26",0
"2010-07-27",0
"2010-07-28",0
"2010-07-29",0
"2010-07-30",0
"2010-07-31",0
"2010-08-01",0
"2010-08-02",0
"2010-08-03",0
"2010-08-04",0
"2010-08-05",0
"2010-08-06",0
"2010-08-07",0
"2010-08-08",0
"2010-08-09",0
"2010-08-10",0
"2010-08-11",0
"2010-08-12",0
"2010-08-13",0
"2010-08-14",0
"2010-08-15",0
"2010-08-16",0
"2010-08-17",0
"2010-08-18",0
"2010-08-19",0
"2010-08-20",0
"2010-08-21",0
"2010-08-22",0
"2010-08-23",0
"2010-08-24",0
"2010-08-25",0
"2010-08-26",0
"2010-08-27",0
"2010-08-28",0
"2010-08-29",0
"2010-08-30",0
"2010-08-31",0
"2010-09-01",0
"2010-09-02",0
"2010-09-03",0
"2010-09-04",0
"2010-09-05",0
"2010-09-06",0
"2010-09-07",0
"2010-09-08",0
"2010-09-09",0
"2010-09-10",0
"2010-09-11",0
"2010-09-12",0
"2010-09-13",0
"2010-09-14",0
"2010-09-15",0
"2010-09-16",0
"2010-09-17",0
"2010-09-18",0
"2010-09-19",0
"2010-09-20",0
"2010-09-21",0
"2010-09-22",0
"2010-09-23",0
"2010-09-24",0
"2010-09-25",0
"2010-09-26",0
"2010-09-27",0
"2010-09-28",0
"2010-09-29",0
"2010-09-30",0
"2010-10-01",0
"2010-10-02",0
"2010-10-03",0
"2010-10-04",0
"2010-10-05",0
"2010-10-06",0
"2010-10-07",0
"2010-10-08",0
"2010-10-09",0
"2010-10-10",0
"2010-10-11",0
"2010-10-12",0
"2010-10-13",0
"2010-10-14",0
"2010-10-15",0
"2010-10-16",0
"2010-10-17",0
"2010-10-18",0
"2010-10-19",0
"2010-10-20",0
"2010-10-21",0
"2010-10-22",0
"2010-10-23",0
"2010-10-24",0
"2010-10-25",0
"2010-10-26",2
"2010-10-27",0
"2010-10-28",0
"2010-10-29",0
"2010-10-30",0
"2010-10-31",0
"2010-11-01",0
"2010-11-02",0
"2010-11-03",0
"2010-11-04",0
"2010-11-05",0
"2010-11-06",0
"2010-11-07",0
"2010-11-08",0
"2010-11-09",0
"2010-11-10",4
"2010-11-11",0
"2010-11-12",0
"2010-11-13",0
"2010-11-14",0
"2010-11-15",0
"2010-11-16",0
"2010-11-17",0
"2010-11-18",0
"2010-11-19",0
"2010-11-20",0
"2010-11-21",0
"2010-11-22",54
"2010-11-23",143
"2010-11-24",116
"2010-11-25",158
"2010-11-26",141
"2010-11-27",122
"2010-11-28",96
"2010-11-29",119
"2010-11-30",117
"2010-12-01",101
"2010-12-02",83
"2010-12-03",72
"2010-12-04",15
"2010-12-05",4
"2010-12-06",0
"2010-12-07",58
"2010-12-08",43
"2010-12-09",30
"2010-12-10",16
"2010-12-11",3
"2010-12-12",0
"2010-12-13",0
"2010-12-14",0
"2010-12-15",0
"2010-12-16",15
"2010-12-17",207
"2010-12-18",200
"2010-12-19",333
"2010-12-20",320
"2010-12-21",289
"2010-12-22",274
"2010-12-23",265
"2010-12-24",278
"2010-12-25",275
"2010-12-26",266
"2010-12-27",255
"2010-12-28",317
"2010-12-29",311
"2010-12-30",466
"2010-12-31",643
"2011-01-01",630
"2011-01-02",603
"2011-01-03",572
"2011-01-04",549
"2011-01-05",791
"2011-01-06",754
"2011-01-07",723
"2011-01-08",701
"2011-01-09",682
"2011-01-10",668
"2011-01-11",669
"2011-01-12",681
"2011-01-13",664
"2011-01-14",642
"2011-01-15",617
"2011-01-16",594
"2011-01-17",573
"2011-01-18",532
"2011-01-19",610
"2011-01-20",592
"2011-01-21",581
"2011-01-22",565
"2011-01-23",550
"2011-01-24",539
"2011-01-25",524
"2011-01-26",555
"2011-01-27",547
"2011-01-28",537
"2011-01-29",530
"2011-01-30",518
"2011-01-31",505
"2011-02-01",517
"2011-02-02",509
"2011-02-03",587
"2011-02-04",579
"2011-02-05",562
"2011-02-06",547
"2011-02-07",532
"2011-02-08",518
"2011-02-09",548
"2011-02-10",598
"2011-02-11",590
"2011-02-12",578
"2011-02-13",570
"2011-02-14",560
"2011-02-15",532
"2011-02-16",514
"2011-02-17",487
"2011-02-18",477
"2011-02-19",462
"2011-02-20",490
"2011-02-21",575
"2011-02-22",568
"2011-02-23",692
"2011-02-24",676
"2011-02-25",668
"2011-02-26",653
"2011-02-27",625
"2011-02-28",626
"2011-03-01",618
"2011-03-02",604
"2011-03-03",616
"2011-03-04",594
"2011-03-05",581
"2011-03-06",574
"2011-03-07",559
"2011-03-08",590
"2011-03-09",624
"2011-03-10",606
"2011-03-11",592
"2011-03-12",533
"2011-03-13",481
"2011-03-14",467
"2011-03-15",446
"2011-03-16",418
"2011-03-17",147
"2011-03-18",86
"2011-03-19",47
"2011-03-20",12
"2011-03-21",0
"2011-03-22",37
"2011-03-23",67
"2011-03-24",49
"2011-03-25",17
"2011-03-26",0
"2011-03-27",8
"2011-03-28",0
"2011-03-29",0
"2011-03-30",0
"2011-03-31",0
"2011-04-01",0
"2011-04-02",0
"2011-04-03",0
"2011-04-04",0
"2011-04-05",0
"2011-04-06",0
"2011-04-07",0
"2011-04-08",0
"2011-04-09",0
"2011-04-10",35
"2011-04-11",22
"2011-04-12",0
"2011-04-13",0
"2011-04-14",0
"2011-04-15",0
"2011-04-16",0
"2011-04-17",0
"2011-04-18",0
"2011-04-19",0
"2011-04-20",0
"2011-04-21",0
"2011-04-22",0
"2011-04-23",0
"2011-04-24",0
"2011-04-25",0
"2011-04-26",0
"2011-04-27",0
"2011-04-28",0
"2011-04-29",0
"2011-04-30",0
"2011-05-01",0
"2011-05-02",0
"2011-05-03",0
"2011-05-04",0
"2011-05-05",0
"2011-05-06",0
"2011-05-07",0
"2011-05-08",0
"2011-05-09",0
"2011-05-10",0
"2011-05-11",0
"2011-05-12",3
"2011-05-13",0
"2011-05-14",0
"2011-05-15",0
"2011-05-16",0
"2011-05-17",0
"2011-05-18",0
"2011-05-19",7
"2011-05-20",14
"2011-05-21",0
"2011-05-22",0
"2011-05-23",0
"2011-05-24",0
"2011-05-25",0
"2011-05-26",0
"2011-05-27",0
"2011-05-28",0
"2011-05-29",0
"2011-05-30",0
"2011-05-31",0
"2011-06-01",0
"2011-06-02",0
"2011-06-03",0
"2011-06-04",0
"2011-06-05",0
"2011-06-06",0
"2011-06-07",0
"2011-06-08",0
"2011-06-09",0
"2011-06-10",0
"2011-06-11",0
"2011-06-12",0
"2011-06-13",0
"2011-06-14",0
"2011-06-15",0
"2011-06-16",0
"2011-06-17",0
"2011-06-18",0
"2011-06-19",0
"2011-06-20",0
"2011-06-21",0
"2011-06-22",0
"2011-06-23",0
"2011-06-24",0
"2011-06-25",0
"2011-06-26",0
"2011-06-27",0
"2011-06-28",0
"2011-06-29",0
"2011-06-30",0
"2011-07-01",0
"2011-07-02",0
"2011-07-03",0
"2011-07-04",0
"2011-07-05",0
"2011-07-06",0
"2011-07-07",0
"2011-07-08",0
"2011-07-09",0
"2011-07-10",0
"2011-07-11",0
"2011-07-12",0
"2011-07-13",0
"2011-07-14",0
"2011-07-15",0
"2011-07-16",0
"2011-07-17",0
"2011-07-18",0
"2011-07-19",0
"2011-07-20",0
"2011-07-21",0
"2011-07-22",0
"2011-07-23",0
"2011-07-24",0
"2011-07-25",0
"2011-07-26",0
"2011-07-27",0
"2011-07-28",0
"2011-07-29",0
"2011-07-30",0
"2011-07-31",0
"2011-08-01",0
"2011-08-02",0
"2011-08-03",0
"2011-08-04",0
"2011-08-05",0
"2011-08-06",0
"2011-08-07",0
"2011-08-08",0
"2011-08-09",0
"2011-08-10",0
"2011-08-11",0
"2011-08-12",0
"2011-08-13",0
"2011-08-14",0
"2011-08-15",0
"2011-08-16",0
"2011-08-17",0
"2011-08-18",0
"2011-08-19",0
"2011-08-20",0
"2011-08-21",0
"2011-08-22",0
"2011-08-23",0
"2011-08-24",0
"2011-08-25",0
"2011-08-26",0
"2011-08-27",0
"2011-08-28",0
"2011-08-29",0
"2011-08-30",0
"2011-08-31",0
"2011-09-01",0
"2011-09-02",0
"2011-09-03",0
"2011-09-04",0
"2011-09-05",0
"2011-09-06",0
"2011-09-07",0
"2011-09-08",0
"2011-09-09",0
"2011-09-10",0
"2011-09-11",0
"2011-09-12",0
"2011-09-13",0
"2011-09-14",0
"2011-09-15",0
"2011-09-16",0
"2011-09-17",0
"2011-09-18",0
"2011-09-19",0
"2011-09-20",0
"2011-09-21",0
"2011-09-22",0
"2011-09-23",0
"2011-09-24",0
"2011-09-25",0
"2011-09-26",0
"2011-09-27",0
"2011-09-28",0
"2011-09-29",0
"2011-09-30",0
"2011-10-01",0
"2011-10-02",0
"2011-10-03",0
"2011-10-04",0
"2011-10-05",0
"2011-10-06",0
"2011-10-07",0
"2011-10-08",0
"2011-10-09",0
"2011-10-10",0
"2011-10-11",0
"2011-10-12",0
"2011-10-13",0
"2011-10-14",0
"2011-10-15",0
"2011-10-16",0
"2011-10-17",0
"2011-10-18",0
"2011-10-19",0
"2011-10-20",0
"2011-10-21",0
"2011-10-22",0
"2011-10-23",0
"2011-10-24",0
"2011-10-25",0
"2011-10-26",0
"2011-10-27",2
"2011-10-28",0
"2011-10-29",0
"2011-10-30",0
"2011-10-31",0
"2011-11-01",0
"2011-11-02",0
"2011-11-03",0
"2011-11-04",0
"2011-11-05",0
"2011-11-06",46
"2011-11-07",39
"2011-11-08",109
"2011-11-09",126
"2011-11-10",112
"2011-11-11",96
"2011-11-12",73
"2011-11-13",50
"2011-11-14",57
"2011-11-15",53
"2011-11-16",172
"2011-11-17",164
"2011-11-18",159
"2011-11-19",149
"2011-11-20",138
"2011-11-21",133
"2011-11-22",136
"2011-11-23",134
"2011-11-24",119
"2011-11-25",108
"2011-11-26",101
"2011-11-27",86
"2011-11-28",81
"2011-11-29",66
"2011-11-30",146
"2011-12-01",136
"2011-12-02",141
"2011-12-03",236
"2011-12-04",309
"2011-12-05",306
"2011-12-06",347
"2011-12-07",328
"2011-12-08",275
"2011-12-09",261
"2011-12-10",249
"2011-12-11",239
"2011-12-12",227
"2011-12-13",269
"2011-12-14",269
"2011-12-15",310
"2011-12-16",424
"2011-12-17",403
"2011-12-18",382
"2011-12-19",368
"2011-12-20",405
"2011-12-21",408
"2011-12-22",400
"2011-12-23",405
"2011-12-24",399
"2011-12-25",380
"2011-12-26",363
"2011-12-27",333
"2011-12-28",372
"2011-12-29",350
"2011-12-30",329
"2011-12-31",278
"2012-01-01",224
"2012-01-02",215
"2012-01-03",208
"2012-01-04",278
"2012-01-05",268
"2012-01-06",261
"2012-01-07",254
"2012-01-08",246
"2012-01-09",243
"2012-01-10",227
"2012-01-11",218
"2012-01-12",206
"2012-01-13",198
"2012-01-14",188
"2012-01-15",181
"2012-01-16",170
"2012-01-17",342
"2012-01-18",340
"2012-01-19",312
"2012-01-20",259
"2012-01-21",242
"2012-01-22",297
"2012-01-23",344
"2012-01-24",413
"2012-01-25",557
"2012-01-26",501
"2012-01-27",475
"2012-01-28",456
"2012-01-29",436
"2012-01-30",419
"2012-01-31",503
"2012-02-01",487
"2012-02-02",477
"2012-02-03",485
"2012-02-04",505
"2012-02-05",495
"2012-02-06",483
"2012-02-07",493
"2012-02-08",479
"2012-02-09",466
"2012-02-10",449
"2012-02-11",437
"2012-02-12",426
"2012-02-13",446
"2012-02-14",668
"2012-02-15",745
"2012-02-16",726
"2012-02-17",703
"2012-02-18",681
"2012-02-19",659
"2012-02-20",677
"2012-02-21",664
"2012-02-22",641
"2012-02-23",614
"2012-02-24",608
"2012-02-25",595
"2012-02-26",570
"2012-02-27",557
"2012-02-28",585
"2012-02-29",643
"2012-03-01",626
"2012-03-02",630
"2012-03-03",686
"2012-03-04",658
"2012-03-05",640
"2012-03-06",621
"2012-03-07",575
"2012-03-08",567
"2012-03-09",573
"2012-03-10",567
"2012-03-11",566
"2012-03-12",547
"2012-03-13",668
"2012-03-14",626
"2012-03-15",602
"2012-03-16",449
"2012-03-17",369
"2012-03-18",319
"2012-03-19",355
"2012-03-20",340
"2012-03-21",323
"2012-03-22",302
"2012-03-23",265
"2012-03-24",195
"2012-03-25",101
"2012-03-26",0
"2012-03-27",0
"2012-03-28",0
"2012-03-29",0
"2012-03-30",0
"2012-03-31",0
"2012-04-01",0
"2012-04-02",0
"2012-04-03",10
"2012-04-04",19
"2012-04-05",0
"2012-04-06",0
"2012-04-07",0
"2012-04-08",0
"2012-04-09",0
"2012-04-10",0
"2012-04-11",0
"2012-04-12",0
"2012-04-13",7
"2012-04-14",0
"2012-04-15",59
"2012-04-16",62
"2012-04-17",188
"2012-04-18",33
"2012-04-19",0
"2012-04-20",0
"2012-04-21",0
"2012-04-22",0
"2012-04-23",0
"2012-04-24",0
"2012-04-25",0
"2012-04-26",0
"2012-04-27",0
"2012-04-28",0
"2012-04-29",0
"2012-04-30",0
"2012-05-01",0
"2012-05-02",0
"2012-05-03",0
"2012-05-04",0
"2012-05-05",0
"2012-05-06",0
"2012-05-07",0
"2012-05-08",0
"2012-05-09",0
"2012-05-10",0
"2012-05-11",0
"2012-05-12",0
"2012-05-13",0
"2012-05-14",0
"2012-05-15",0
"2012-05-16",0
"2012-05-17",0
"2012-05-18",0
"2012-05-19",0
"2012-05-20",0
"2012-05-21",0
"2012-05-22",0
"2012-05-23",0
"2012-05-24",0
"2012-05-25",0
"2012-05-26",0
"2012-05-27",0
"2012-05-28",0
"2012-05-29",0
"2012-05-30",0
"2012-05-31",0
"2012-06-01",0
"2012-06-02",0
"2012-06-03",0
"2012-06-04",0
"2012-06-05",0
"2012-06-06",0
"2012-06-07",0
"2012-06-08",0
"2012-06-09",0
"2012-06-10",0
"2012-06-11",0
"2012-06-12",0
"2012-06-13",0
"2012-06-14",0
"2012-06-15",0
"2012-06-16",0
"2012-06-17",0
"2012-06-18",0
"2012-06-19",0
"2012-06-20",0
"2012-06-21",0
"2012-06-22",0
"2012-06-23",0
"2012-06-24",0
"2012-06-25",0
"2012-06-26",0
"2012-06-27",0
"2012-06-28",0
"2012-06-29",0
"2012-06-30",0
"2012-07-01",0
"2012-07-02",0
"2012-07-03",0
"2012-07-04",0
"2012-07-05",0
"2012-07-06",0
"2012-07-07",0
"2012-07-08",0
"2012-07-09",0
"2012-07-10",0
"2012-07-11",0
"2012-07-12",0
"2012-07-13",0
"2012-07-14",0
"2012-07-15",0
"2012-07-16",0
"2012-07-17",0
"2012-07-18",0
"2012-07-19",0
"2012-07-20",0
"2012-07-21",0
"2012-07-22",0
"2012-07-23",0
"2012-07-24",0
"2012-07-25",0
"2012-07-26",0
"2012-07-27",0
"2012-07-28",0
"2012-07-29",0
"2012-07-30",0
"2012-07-31",0
"2012-08-01",0
"2012-08-02",0
"2012-08-03",0
"2012-08-04",0
"2012-08-05",0
"2012-08-06",0
"2012-08-07",0
"2012-08-08",0
"2012-08-09",0
"2012-08-10",0
"2012-08-11",0
"2012-08-12",0
"2012-08-13",0
"2012-08-14",0
"2012-08-15",0
"2012-08-16",0
"2012-08-17",0
"2012-08-18",0
"2012-08-19",0
"2012-08-20",0
"2012-08-21",0
"2012-08-22",0
"2012-08-23",0
"2012-08-24",0
"2012-08-25",0
"2012-08-26",0
"2012-08-27",0
"2012-08-28",0
"2012-08-29",0
"2012-08-30",0
"2012-08-31",0
"2012-09-01",0
"2012-09-02",0
"2012-09-03",0
"2012-09-04",0
"2012-09-05",0
"2012-09-06",0
"2012-09-07",0
"2012-09-08",0
"2012-09-09",0
"2012-09-10",0
"2012-09-11",0
"2012-09-12",0
"2012-09-13",0
"2012-09-14",0
"2012-09-15",0
"2012-09-16",0
"2012-09-17",0
"2012-09-18",0
"2012-09-19",0
"2012-09-20",0
"2012-09-21",0
"2012-09-22",0
"2012-09-23",0
"2012-09-24",0
"2012-09-25",0
"2012-09-26",0
"2012-09-27",0
"2012-09-28",0
"2012-09-29",0
"2012-09-30",0
"2012-10-01",0
"2012-10-02",0
"2012-10-03",0
"2012-10-04",0
"2012-10-05",0
"2012-10-06",0
"2012-10-07",0
"2012-10-08",0
"2012-10-09",0
"2012-10-10",0
"2012-10-11",0
"2012-10-12",0
"2012-10-13",0
"2012-10-14",0
"2012-10-15",0
"2012-10-16",0
"2012-10-17",0
"2012-10-18",0
"2012-10-19",0
"2012-10-20",0
"2012-10-21",0
"2012-10-22",0
"2012-10-23",0
"2012-10-24",0
"2012-10-25",0
"2012-10-26",0
"2012-10-27",0
"2012-10-28",0
"2012-10-29",0
"2012-10-30",0
"2012-10-31",0
"2012-11-01",0
"2012-11-02",0
"2012-11-03",0
"2012-11-04",0
"2012-11-05",0
"2012-11-06",0
"2012-11-07",0
"2012-11-08",0
"2012-11-09",0
"2012-11-10",0
"2012-11-11",82
"2012-11-12",71
"2012-11-13",60
"2012-11-14",50
"2012-11-15",37
"2012-11-16",28
"2012-11-17",0
"2012-11-18",0
"2012-11-19",0
"2012-11-20",0
"2012-11-21",0
"2012-11-22",0
"2012-11-23",0
"2012-11-24",0
"2012-11-25",0
"2012-11-26",0
"2012-11-27",0
"2012-11-28",0
"2012-11-29",0
"2012-11-30",0
"2012-12-01",0
"2012-12-02",0
"2012-12-03",0
"2012-12-04",0
"2012-12-05",0
"2012-12-06",0
"2012-12-07",0
"2012-12-08",0
"2012-12-09",0
"2012-12-10",23
"2012-12-11",7
"2012-12-12",0
"2012-12-13",0
"2012-12-14",0
"2012-12-15",0
"2012-12-16",166
"2012-12-17",164
"2012-12-18",151
"2012-12-19",139
"2012-12-21",286
"2012-12-22",255
"2012-12-23",230
"2012-12-24",208
"2012-12-25",274
"2012-12-26",266
"2012-12-27",62
"2012-12-28",132
"2012-12-29",123
"2012-12-30",105
"2012-12-31",111
"2013-01-01",144
"2013-01-02",138
"2013-01-03",127
"2013-01-04",120
"2013-01-05",113
"2013-01-06",99
"2013-01-07",84
"2013-01-08",75
"2013-01-09",60
"2013-01-10",51
"2013-01-11",58
"2013-01-12",124
"2013-01-13",120
"2013-01-14",115
"2013-01-15",139
"2013-01-16",125
"2013-01-17",110
"2013-01-18",103
"2013-01-19",45
"2013-01-20",26
"2013-01-21",10
"2013-01-22",4
"2013-01-23",0
"2013-01-24",0
"2013-01-25",0
"2013-01-26",0
"2013-01-27",17
"2013-01-28",70
"2013-01-29",222
"2013-01-30",239
"2013-01-31",222
"2013-02-01",204
"2013-02-02",186
"2013-02-03",166
"2013-02-04",158
"2013-02-05",149
"2013-02-06",596
"2013-02-07",563
"2013-02-08",544
"2013-02-09",514
"2013-02-10",598
"2013-02-11",703
"2013-02-12",723
"2013-02-13",692
"2013-02-14",660
"2013-02-15",636
"2013-02-16",613
"2013-02-17",583
"2013-02-18",555
"2013-02-19",539
"2013-02-20",519
"2013-02-21",530
"2013-02-22",583
"2013-02-23",582
"2013-02-24",573
"2013-02-25",571
"2013-02-26",553
"2013-02-27",960
"2013-02-28",941
"2013-03-01",917
"2013-03-02",853
"2013-03-03",786
"2013-03-04",745
"2013-03-05",795
"2013-03-06",779
"2013-03-07",749
"2013-03-08",699
"2013-03-09",692
"2013-03-10",730
"2013-03-11",715
"2013-03-12",539
"2013-03-13",525
"2013-03-14",496
"2013-03-15",458
"2013-03-16",361
"2013-03-17",303
"2013-03-18",284
"2013-03-19",517
"2013-03-20",508
"2013-03-21",468
"2013-03-22",449
"2013-03-23",423
"2013-03-24",398
"2013-03-25",388
"2013-03-26",472
"2013-03-27",441
"2013-03-28",416
"2013-03-29",374
"2013-03-30",333
"2013-03-31",288
"2013-04-01",224
"2013-04-02",155
"2013-04-03",14
"2013-04-04",0
"2013-04-05",0
"2013-04-06",0
"2013-04-07",0
"2013-04-08",0
"2013-04-09",55
"2013-04-10",139
"2013-04-11",117
"2013-04-12",78
"2013-04-13",81
"2013-04-14",0
"2013-04-15",0
"2013-04-16",0
"2013-04-17",0
"2013-04-18",15
"2013-04-19",0
"2013-04-20",0
"2013-04-21",0
"2013-04-22",0
"2013-04-23",0
"2013-04-24",0
"2013-04-25",0
"2013-04-26",0
"2013-04-27",0
"2013-04-28",0
"2013-04-29",0
"2013-04-30",0
"2013-05-01",0
"2013-05-02",0
"2013-05-03",0
"2013-05-04",0
"2013-05-05",0
"2013-05-06",0
"2013-05-07",0
"2013-05-08",0
"2013-05-09",0
"2013-05-10",0
"2013-05-11",0
"2013-05-12",0
"2013-05-13",0
"2013-05-14",0
"2013-05-15",0
"2013-05-16",0
"2013-05-17",0
"2013-05-18",0
"2013-05-19",0
"2013-05-20",0
"2013-05-21",0
"2013-05-22",0
"2013-05-23",0
"2013-05-24",0
"2013-05-25",0
"2013-05-26",0
"2013-05-27",0
"2013-05-28",0
"2013-05-29",0
"2013-05-30",0
"2013-05-31",0
"2013-06-01",0
"2013-06-02",0
"2013-06-03",0
"2013-06-04",0
"2013-06-05",0
"2013-06-06",0
"2013-06-07",0
"2013-06-08",0
"2013-06-09",0
"2013-06-10",0
"2013-06-11",0
"2013-06-12",0
"2013-06-13",0
"2013-06-14",0
"2013-06-15",0
"2013-06-16",0
"2013-06-17",0
"2013-06-18",0
"2013-06-19",0
"2013-06-20",0
"2013-06-21",0
"2013-06-22",0
"2013-06-23",0
"2013-06-24",0
"2013-06-25",0
"2013-06-26",0
"2013-06-27",0
"2013-06-28",0
"2013-06-29",0
"2013-06-30",0
"2013-07-01",0
"2013-07-02",0
"2013-07-03",0
"2013-07-04",0
"2013-07-05",0
"2013-07-06",0
"2013-07-07",0
"2013-07-08",0
"2013-07-09",0
"2013-07-10",0
"2013-07-11",0
"2013-07-12",0
"2013-07-13",0
"2013-07-14",0
"2013-07-15",0
"2013-07-16",0
"2013-07-17",0
"2013-07-18",0
"2013-07-19",0
"2013-07-20",0
"2013-07-21",0
"2013-07-22",0
"2013-07-23",0
"2013-07-24",0
"2013-07-25",0
"2013-07-26",0
"2013-07-27",0
"2013-07-28",0
"2013-07-29",0
"2013-07-30",0
"2013-07-31",0
"2013-08-01",0
"2013-08-02",0
"2013-08-03",0
"2013-08-04",0
"2013-08-05",0
"2013-08-06",0
"2013-08-07",0
"2013-08-08",0
"2013-08-09",0
"2013-08-10",0
"2013-08-11",0
"2013-08-12",0
"2013-08-13",0
"2013-08-14",0
"2013-08-15",0
"2013-08-16",0
"2013-08-17",0
"2013-08-18",0
"2013-08-19",0
"2013-08-20",0
"2013-08-21",0
"2013-08-22",0
"2013-08-23",0
"2013-08-24",0
"2013-08-25",0
"2013-08-26",0
"2013-08-27",0
"2013-08-28",0
"2013-08-29",0
"2013-08-30",0
"2013-08-31",0
"2013-09-01",0
"2013-09-02",0
"2013-09-03",0
"2013-09-04",0
"2013-09-05",0
"2013-09-06",0
"2013-09-07",0
"2013-09-08",0
"2013-09-09",0
"2013-09-10",0
"2013-09-11",0
"2013-09-12",0
"2013-09-13",0
"2013-09-14",0
"2013-09-15",0
"2013-09-16",0
"2013-09-17",0
"2013-09-18",0
"2013-09-19",0
"2013-09-20",0
"2013-09-21",0
"2013-09-22",0
"2013-09-23",0
"2013-09-24",0
"2013-09-25",0
"2013-09-26",0
"2013-09-27",0
"2013-09-28",6
"2013-09-29",0
"2013-09-30",0
"2013-10-01",0
"2013-10-02",0
"2013-10-03",0
"2013-10-04",0
"2013-10-05",0
"2013-10-06",0
"2013-10-07",0
"2013-10-08",0
"2013-10-09",0
"2013-10-10",0
"2013-10-11",0
"2013-10-12",0
"2013-10-13",0
"2013-10-14",0
"2013-10-15",0
"2013-10-16",0
"2013-10-17",0
"2013-10-18",0
"2013-10-19",0
"2013-10-20",0
"2013-10-21",0
"2013-10-22",0
"2013-10-23",0
"2013-10-24",0
"2013-10-25",0
"2013-10-26",0
"2013-10-27",0
"2013-10-28",0
"2013-10-29",0
"2013-10-30",0
"2013-10-31",13
"2013-11-01",5
"2013-11-02",0
"2013-11-03",0
"2013-11-04",0
"2013-11-05",4
"2013-11-06",35
"2013-11-07",25
"2013-11-08",14
"2013-11-09",0
"2013-11-10",0
"2013-11-11",0
"2013-11-12",0
"2013-11-13",0
"2013-11-14",0
"2013-11-15",0
"2013-11-16",0
"2013-11-17",0
"2013-11-18",0
"2013-11-19",0
"2013-11-20",0
"2013-11-21",0
"2013-11-22",11
"2013-11-23",219
"2013-11-24",347
"2013-11-25",498
"2013-11-26",461
"2013-11-27",429
"2013-11-28",195
"2013-11-29",184
"2013-11-30",173
"2013-12-01",164
"2013-12-02",156
"2013-12-03",139
"2013-12-04",109
"2013-12-05",152
"2013-12-06",150
"2013-12-07",249
"2013-12-08",247
"2013-12-09",358
"2013-12-10",339
"2013-12-11",319
"2013-12-12",303
"2013-12-13",288
"2013-12-14",280
"2013-12-15",266
"2013-12-16",249
"2013-12-17",217
"2013-12-18",203
"2013-12-19",308
"2013-12-20",286
"2013-12-21",308
"2013-12-22",326
"2013-12-23",316
"2013-12-24",305
"2013-12-25",293
"2013-12-26",279
"2013-12-27",265
"2013-12-28",258
"2013-12-29",248
"2013-12-30",241
"2013-12-31",285
"2014-01-01",276
"2014-01-02",264
"2014-01-03",255
"2014-01-04",242
"2014-01-05",228
"2014-01-06",219
"2014-01-07",211
"2014-01-08",203
"2014-01-09",197
"2014-01-10",187
"2014-01-11",271
"2014-01-12",261
"2014-01-13",247
"2014-01-14",235
"2014-01-15",221
"2014-01-16",207
"2014-01-17",193
"2014-01-18",182
"2014-01-19",171
"2014-01-20",162
"2014-01-21",149
"2014-01-22",183
"2014-01-23",173
"2014-01-24",169
"2014-01-25",164
"2014-01-26",154
"2014-01-27",142
"2014-01-28",131
"2014-01-29",119
"2014-01-30",108
"2014-01-31",74
"2014-02-01",120
"2014-02-02",125
"2014-02-03",121
"2014-02-04",165
"2014-02-05",174
"2014-02-06",169
"2014-02-07",189
"2014-02-08",212
"2014-02-09",195
"2014-02-10",161
"2014-02-11",397
"2014-02-12",383
"2014-02-13",366
"2014-02-14",236
"2014-02-15",150
"2014-02-16",60
"2014-02-17",0
"2014-02-18",0
"2014-02-19",0
"2014-02-20",75
"2014-02-21",64
"2014-02-22",52
"2014-02-23",39
"2014-02-24",26
"2014-02-25",11
"2014-02-26",0
"2014-02-27",0
"2014-02-28",4
"2014-03-01",0
"2014-03-02",191
"2014-03-03",268
"2014-03-04",245
"2014-03-05",275
"2014-03-06",251
"2014-03-07",202
"2014-03-08",179
"2014-03-09",169
"2014-03-10",160
"2014-03-11",80
"2014-03-12",68
"2014-03-13",64
"2014-03-14",34
"2014-03-15",65
"2014-03-16",47
"2014-03-17",30
"2014-03-18",0
"2014-03-19",0
"2014-03-20",3
"2014-03-21",0
"2014-03-22",0
"2014-03-23",0
"2014-03-24",0
"2014-03-25",0
"2014-03-26",0
"2014-03-27",58
"2014-03-28",53
"2014-03-29",39
"2014-03-30",0
"2014-03-31",0
"2014-04-01",0
"2014-04-02",0
"2014-04-03",19
"2014-04-04",45
"2014-04-05",28
"2014-04-06",14
"2014-04-07",0
"2014-04-08",0
"2014-04-09",0
"2014-04-10",0
"2014-04-11",0
"2014-04-12",0
"2014-04-13",0
"2014-04-14",6
"2014-04-15",0
"2014-04-16",0
"2014-04-17",0
"2014-04-18",0
"2014-04-19",0
"2014-04-20",0
"2014-04-21",0
"2014-04-22",0
"2014-04-23",0
"2014-04-24",0
"2014-04-25",0
"2014-04-26",0
"2014-04-27",77
"2014-04-28",99
"2014-04-29",72
"2014-04-30",48
"2014-05-01",269
"2014-05-02",226
"2014-05-03",73
"2014-05-04",0
"2014-05-05",0
"2014-05-06",0
"2014-05-07",0
"2014-05-08",0
"2014-05-09",0
"2014-05-10",0
"2014-05-11",0
"2014-05-12",0
"2014-05-13",0
"2014-05-14",0
"2014-05-15",0
"2014-05-16",0
"2014-05-17",0
"2014-05-18",0
"2014-05-19",0
"2014-05-20",0
"2014-05-21",0
"2014-05-22",0
"2014-05-23",0
"2014-05-24",0
"2014-05-25",0
"2014-05-26",0
"2014-05-27",0
"2014-05-28",0
"2014-05-29",0
"2014-05-30",0
"2014-05-31",0
"2014-06-01",0
"2014-06-02",0
"2014-06-03",0
"2014-06-04",0
"2014-06-05",0
"2014-06-06",0
"2014-06-07",0
"2014-06-08",0
"2014-06-09",0
"2014-06-10",0
"2014-06-11",0
"2014-06-12",0
"2014-06-13",0
"2014-06-14",0
"2014-06-15",0
"2014-06-16",0
"2014-06-17",0
"2014-06-18",0
"2014-06-19",0
"2014-06-20",0
"2014-06-21",0
"2014-06-22",0
"2014-06-23",0
"2014-06-24",0
"2014-06-25",0
"2014-06-26",0
"2014-06-27",0
"2014-06-28",0
"2014-06-29",0
"2014-06-30",0
"2014-07-01",0
"2014-07-02",0
"2014-07-03",0
"2014-07-04",0
"2014-07-05",0
"2014-07-06",0
"2014-07-07",0
"2014-07-08",0
"2014-07-09",0
"2014-07-10",0
"2014-07-11",0
"2014-07-12",0
"2014-07-13",0
"2014-07-14",0
"2014-07-15",0
"2014-07-16",0
"2014-07-17",0
"2014-07-18",0
"2014-07-19",0
"2014-07-20",0
"2014-07-21",0
"2014-07-22",0
"2014-07-23",0
"2014-07-24",0
"2014-07-25",0
"2014-07-26",0
"2014-07-27",0
"2014-07-28",0
"2014-07-29",0
"2014-07-30",0
"2014-07-31",0
"2014-08-01",0
"2014-08-02",0
"2014-08-03",0
"2014-08-04",0
"2014-08-05",0
"2014-08-06",0
"2014-08-07",0
"2014-08-08",0
"2014-08-09",0
"2014-08-10",0
"2014-08-11",0
"2014-08-12",0
"2014-08-13",0
"2014-08-14",0
"2014-08-15",0
"2014-08-16",0
"2014-08-17",0
"2014-08-18",0
"2014-08-19",0
"2014-08-20",0
"2014-08-21",0
"2014-08-22",0
"2014-08-23",0
"2014-08-24",0
"2014-08-25",0
"2014-08-26",0
"2014-08-27",0
"2014-08-28",0
"2014-08-29",0
"2014-08-30",0
"2014-08-31",0
"2014-09-01",0
"2014-09-02",0
"2014-09-03",0
"2014-09-04",0
"2014-09-05",0
"2014-09-06",0
"2014-09-07",0
"2014-09-08",0
"2014-09-09",0
"2014-09-10",0
"2014-09-11",0
"2014-09-12",0
"2014-09-13",0
"2014-09-14",0
"2014-09-15",0
"2014-09-16",0
"2014-09-17",0
"2014-09-18",0
"2014-09-19",0
"2014-09-20",0
"2014-09-21",0
"2014-09-22",0
"2014-09-23",0
"2014-09-24",0
"2014-09-25",0
"2014-09-26",0
"2014-09-27",0
"2014-09-28",0
"2014-09-29",0
"2014-09-30",0
"2014-10-01",0
"2014-10-02",0
"2014-10-03",0
"2014-10-04",0
"2014-10-05",0
"2014-10-06",0
"2014-10-07",0
"2014-10-08",0
"2014-10-09",0
"2014-10-10",0
"2014-10-11",0
"2014-10-12",0
"2014-10-13",0
"2014-10-14",0
"2014-10-15",0
"2014-10-16",0
"2014-10-17",0
"2014-10-18",0
"2014-10-19",0
"2014-10-20",0
"2014-10-21",0
"2014-10-22",0
"2014-10-23",0
"2014-10-24",0
"2014-10-25",0
"2014-10-26",0
"2014-10-27",0
"2014-10-28",0
"2014-10-29",0
"2014-10-30",0
"2014-10-31",0
"2014-11-01",0
"2014-11-02",0
"2014-11-03",0
"2014-11-04",0
"2014-11-05",0
"2014-11-06",0
"2014-11-07",0
"2014-11-08",0
"2014-11-09",0
"2014-11-10",0
"2014-11-11",0
"2014-11-12",0
"2014-11-13",0
"2014-11-14",0
"2014-11-15",0
"2014-11-16",6
"2014-11-17",66
"2014-11-18",51
"2014-11-19",35
"2014-11-20",16
"2014-11-21",4
"2014-11-22",0
"2014-11-23",0
"2014-11-24",0
"2014-11-25",0
"2014-11-26",0
"2014-11-27",0
"2014-11-28",0
"2014-11-29",0
"2014-11-30",0
"2014-12-01",0
"2014-12-02",0
"2014-12-03",0
"2014-12-04",0
"2014-12-05",16
"2014-12-06",17
"2014-12-07",11
"2014-12-08",10
"2014-12-09",5
"2014-12-10",0
"2014-12-11",0
"2014-12-12",0
"2014-12-13",0
"2014-12-14",36
"2014-12-15",40
"2014-12-16",30
"2014-12-17",17
"2014-12-18",63
"2014-12-19",121
"2014-12-20",108
"2014-12-21",97
"2014-12-22",83
"2014-12-23",73
"2014-12-24",64
"2014-12-25",51
"2014-12-26",101
"2014-12-27",133
"2014-12-28",124
"2014-12-29",109
"2014-12-30",91
"2014-12-31",71
"2015-01-01",64
"2015-01-02",124
"2015-01-03",287
"2015-01-04",265
"2015-01-05",246
"2015-01-06",229
"2015-01-07",202
"2015-01-08",189
"2015-01-09",213
"2015-01-10",206
"2015-01-11",201
"2015-01-12",208
"2015-01-13",270
"2015-01-14",356
"2015-01-15",385
"2015-01-16",364
"2015-01-17",335
"2015-01-18",316
"2015-01-19",300
"2015-01-20",285
"2015-01-21",275
"2015-01-22",344
"2015-01-23",325
"2015-01-24",307
"2015-01-25",291
"2015-01-26",269
"2015-01-27",297
"2015-01-28",249
"2015-01-29",243
"2015-01-30",238
"2015-01-31",423
"2015-02-01",484
"2015-02-02",454
"2015-02-03",479
"2015-02-04",458
"2015-02-05",433
"2015-02-06",417
"2015-02-07",354
"2015-02-08",227
"2015-02-09",193
"2015-02-10",125
"2015-02-11",103
"2015-02-12",98
"2015-02-13",185
"2015-02-14",171
"2015-02-15",157
"2015-02-16",131
"2015-02-17",119
"2015-02-18",21
"2015-02-19",12
"2015-02-20",0
"2015-02-21",0
"2015-02-22",0
"2015-02-23",7
"2015-02-24",169
"2015-02-25",216
"2015-02-26",185
"2015-02-27",181
"2015-02-28",311
"2015-03-01",381
"2015-03-02",409
"2015-03-03",379
"2015-03-04",364
"2015-03-05",351
"2015-03-06",335
"2015-03-07",320
"2015-03-08",309
"2015-03-09",295
"2015-03-10",285
"2015-03-11",272
"2015-03-12",259
"2015-03-13",250
"2015-03-14",228
"2015-03-15",209
"2015-03-16",152
"2015-03-17",178
"2015-03-18",129
"2015-03-19",60
"2015-03-20",43
"2015-03-21",39
"2015-03-22",2
"2015-03-23",0
"2015-03-24",0
"2015-03-25",0
"2015-03-26",0
"2015-03-27",0
"2015-03-28",0
"2015-03-29",0
"2015-03-30",0
"2015-03-31",0
"2015-04-01",0
"2015-04-02",0
"2015-04-03",0
"2015-04-04",0
"2015-04-05",0
"2015-04-06",0
"2015-04-07",0
"2015-04-08",0
"2015-04-09",0
"2015-04-10",0
"2015-04-11",0
"2015-04-12",0
"2015-04-13",0
"2015-04-14",0
"2015-04-15",0
"2015-04-16",0
"2015-04-17",0
"2015-04-18",11
"2015-04-19",0
"2015-04-20",0
"2015-04-21",0
"2015-04-22",0
"2015-04-23",0
"2015-04-24",0
"2015-04-25",0
"2015-04-26",10
"2015-04-27",158
"2015-04-28",100
"2015-04-29",56
"2015-04-30",0
"2015-05-01",0
"2015-05-02",0
"2015-05-03",0
"2015-05-04",0
"2015-05-05",0
"2015-05-06",0
"2015-05-07",0
"2015-05-08",0
"2015-05-09",0
"2015-05-10",53
"2015-05-11",38
"2015-05-12",0
"2015-05-13",0
"2015-05-14",0
"2015-05-15",0
"2015-05-16",0
"2015-05-17",85
"2015-05-18",37
"2015-05-19",0
"2015-05-20",0
"2015-05-21",0
"2015-05-22",0
"2015-05-23",0
"2015-05-24",0
"2015-05-25",0
"2015-05-26",0
"2015-05-27",0
"2015-05-28",0
"2015-05-29",0
"2015-05-30",0
"2015-05-31",0
"2015-06-01",0
"2015-06-02",0
"2015-06-03",0
"2015-06-04",0
"2015-06-05",0
"2015-06-06",0
"2015-06-07",0
"2015-06-08",0
"2015-06-09",0
"2015-06-10",0
"2015-06-11",0
"2015-06-12",0
"2015-06-13",0
"2015-06-14",0
"2015-06-15",0
"2015-06-16",0
"2015-06-17",0
"2015-06-18",0
"2015-06-19",0
"2015-06-20",0
"2015-06-21",0
"2015-06-22",0
"2015-06-23",0
"2015-06-24",0
"2015-06-25",0
"2015-06-26",0
"2015-06-27",0
"2015-06-28",0
"2015-06-29",0
"2015-06-30",0
"2015-07-01",0
"2015-07-02",0
"2015-07-03",0
"2015-07-04",0
"2015-07-05",0
"2015-07-06",0
"2015-07-07",0
"2015-07-08",0
"2015-07-09",0
"2015-07-10",0
"2015-07-11",0
"2015-07-12",0
"2015-07-13",0
"2015-07-14",0
"2015-07-15",0
"2015-07-16",0
"2015-07-17",0
"2015-07-18",0
"2015-07-19",0
"2015-07-20",0
"2015-07-21",0
"2015-07-22",0
"2015-07-23",0
"2015-07-24",0
"2015-07-25",0
"2015-07-26",0
"2015-07-27",0
"2015-07-28",0
"2015-07-29",0
"2015-07-30",0
"2015-07-31",0
"2015-08-01",0
"2015-08-02",0
"2015-08-03",0
"2015-08-04",0
"2015-08-05",0
"2015-08-06",0
"2015-08-07",0
"2015-08-08",0
"2015-08-09",0
"2015-08-10",0
"2015-08-11",0
"2015-08-12",0
"2015-08-13",0
"2015-08-14",0
"2015-08-15",0
"2015-08-16",0
"2015-08-17",0
"2015-08-18",0
"2015-08-19",0
"2015-08-20",0
"2015-08-21",0
"2015-08-22",0
"2015-08-23",0
"2015-08-24",0
"2015-08-25",0
"2015-08-26",0
"2015-08-27",0
"2015-08-28",0
"2015-08-29",0
"2015-08-30",0
"2015-08-31",0
"2015-09-01",0
"2015-09-02",0
"2015-09-03",0
"2015-09-04",0
"2015-09-05",0
"2015-09-06",0
"2015-09-07",0
"2015-09-08",0
"2015-09-09",0
"2015-09-10",0
"2015-09-11",0
"2015-09-12",0
"2015-09-13",0
"2015-09-14",0
"2015-09-15",0
"2015-09-16",0
"2015-09-17",0
"2015-09-18",0
"2015-09-19",0
"2015-09-20",0
"2015-09-21",0
"2015-09-22",0
"2015-09-23",0
"2015-09-24",0
"2015-09-25",0
"2015-09-26",0
"2015-09-27",0
"2015-09-28",0
"2015-09-29",0
"2015-09-30",0
"2015-10-01",0
"2015-10-02",0
"2015-10-03",0
"2015-10-04",0
"2015-10-05",0
"2015-10-06",0
"2015-10-07",0
"2015-10-08",0
"2015-10-09",0
"2015-10-10",0
"2015-10-11",0
"2015-10-12",0
"2015-10-13",0
"2015-10-14",0
"2015-10-15",0
"2015-10-16",0
"2015-10-17",0
"2015-10-18",0
"2015-10-19",0
"2015-10-20",0
"2015-10-21",0
"2015-10-22",0
"2015-10-23",0
"2015-10-24",0
"2015-10-25",0
"2015-10-26",0
"2015-10-27",0
"2015-10-28",0
"2015-10-29",0
"2015-10-30",0
"2015-10-31",10
"2015-11-01",0
"2015-11-02",0
"2015-11-03",0
"2015-11-04",0
"2015-11-05",56
"2015-11-06",236
"2015-11-07",219
"2015-11-08",202
"2015-11-09",187
"2015-11-10",85
"2015-11-11",101
"2015-11-12",105
"2015-11-13",90
"2015-11-14",79
"2015-11-15",69
"2015-11-16",67
"2015-11-17",233
"2015-11-18",242
"2015-11-19",218
"2015-11-20",257
"2015-11-21",202
"2015-11-22",188
"2015-11-23",180
"2015-11-24",190
"2015-11-25",86
"2015-11-26",20
"2015-11-27",13
"2015-11-28",5
"2015-11-29",0
"2015-11-30",6
"2015-12-01",0
"2015-12-02",0
"2015-12-03",0
"2015-12-04",0
"2015-12-05",70
"2015-12-06",48
"2015-12-07",31
"2015-12-08",11
"2015-12-09",22
"2015-12-10",0
"2015-12-11",18
"2015-12-12",18
"2015-12-13",202
"2015-12-14",164
"2015-12-15",200
"2015-12-16",204
"2015-12-17",191
"2015-12-18",458
"2015-12-19",429
"2015-12-20",365
"2015-12-21",371
"2015-12-22",367
"2015-12-23",551
"2015-12-24",728
"2015-12-25",692
"2015-12-26",747
"2015-12-27",706
"2015-12-28",670
"2015-12-29",678
"2015-12-30",686
"2015-12-31",665
"2016-01-01",646
"2016-01-02",633
"2016-01-03",616
"2016-01-04",597
"2016-01-05",650
"2016-01-06",673
"2016-01-07",757
"2016-01-08",835
"2016-01-09",838
"2016-01-10",812
"2016-01-11",795
"2016-01-12",767
"2016-01-13",738
"2016-01-14",714
"2016-01-15",690
"2016-01-16",703
"2016-01-17",688
"2016-01-18",669
"2016-01-19",646
"2016-01-20",814
"2016-01-21",829
"2016-01-22",805
"2016-01-23",789
"2016-01-24",765
"2016-01-25",749
"2016-01-26",739
"2016-01-27",726
"2016-01-28",768
"2016-01-29",752
"2016-01-30",723
"2016-01-31",697
"2016-02-01",804
"2016-02-02",906
"2016-02-03",913
"2016-02-04",894
"2016-02-05",877
"2016-02-06",858
"2016-02-07",840
"2016-02-08",816
"2016-02-09",758
"2016-02-10",776
"2016-02-11",746
"2016-02-12",721
"2016-02-13",690
"2016-02-14",652
"2016-02-15",625
"2016-02-16",610
"2016-02-17",615
"2016-02-18",520
"2016-02-19",371
"2016-02-20",332
"2016-02-21",302
"2016-02-22",281
"2016-02-23",425
"2016-02-24",422
"2016-02-25",419
"2016-02-26",407
"2016-02-27",394
"2016-02-28",357
"2016-02-29",335
"2016-03-01",281
"2016-03-02",235
"2016-03-03",162
"2016-03-04",123
"2016-03-05",87
"2016-03-06",43
"2016-03-07",0
"2016-03-08",82
"2016-03-09",66
"2016-03-10",49
"2016-03-11",30
"2016-03-12",0
"2016-03-13",0
"2016-03-14",0
"2016-03-15",0
"2016-03-16",0
"2016-03-17",0
"2016-03-18",0
"2016-03-19",0
"2016-03-20",0
"2016-03-21",0
"2016-03-22",0
"2016-03-23",0
"2016-03-24",0
"2016-03-25",0
"2016-03-26",0
"2016-03-27",0
"2016-03-28",0
"2016-03-29",0
"2016-03-30",50
"2016-03-31",43
"2016-04-01",31
"2016-04-02",21
"2016-04-03",8
"2016-04-04",0
"2016-04-05",0
"2016-04-06",0
"2016-04-07",0
"2016-04-08",0
"2016-04-09",0
"2016-04-10",0
"2016-04-11",2
"2016-04-12",0
"2016-04-13",0
"2016-04-14",0
"2016-04-15",0
"2016-04-16",102
"2016-04-17",246
"2016-04-18",327
"2016-04-19",5
"2016-04-20",0
"2016-04-21",0
"2016-04-22",0
"2016-04-23",0
"2016-04-24",0
"2016-04-25",0
"2016-04-26",0
"2016-04-27",6
"2016-04-28",0
"2016-04-29",0
"2016-04-30",28
"2016-05-01",56
"2016-05-02",266
"2016-05-03",253
"2016-05-04",195
"2016-05-05",6
"2016-05-06",0
"2016-05-07",0
"2016-05-08",0
"2016-05-09",0
"2016-05-10",0
"2016-05-11",0
"2016-05-12",0
"2016-05-13",0
"2016-05-14",0
"2016-05-15",0
"2016-05-16",0
"2016-05-17",0
"2016-05-18",0
"2016-05-19",0
"2016-05-20",0
"2016-05-21",0
"2016-05-22",0
"2016-05-23",0
"2016-05-24",0
"2016-05-25",0
"2016-05-26",0
"2016-05-27",0
"2016-05-28",0
"2016-05-29",0
"2016-05-30",0
"2016-05-31",0
"2016-06-01",0
"2016-06-02",0
"2016-06-03",0
"2016-06-04",0
"2016-06-05",0
"2016-06-06",0
"2016-06-07",0
"2016-06-08",0
"2016-06-09",0
"2016-06-10",0
"2016-06-11",0
"2016-06-12",0
"2016-06-13",0
"2016-06-14",0
"2016-06-15",0
"2016-06-16",0
"2016-06-17",0
"2016-06-18",0
"2016-06-19",0
"2016-06-20",0
"2016-06-21",0
"2016-06-22",0
"2016-06-23",0
"2016-06-24",0
"2016-06-25",0
"2016-06-26",0
"2016-06-27",0
"2016-06-28",0
"2016-06-29",0
"2016-06-30",0
"2016-07-01",0
"2016-07-02",0
"2016-07-03",0
"2016-07-04",0
"2016-07-05",0
"2016-07-06",0
"2016-07-07",0
"2016-07-08",0
"2016-07-09",0
"2016-07-10",0
"2016-07-11",0
"2016-07-12",0
"2016-07-13",0
"2016-07-14",0
"2016-07-15",0
"2016-07-16",0
"2016-07-17",0
"2016-07-18",0
"2016-07-19",0
"2016-07-20",0
"2016-07-21",0
"2016-07-22",0
"2016-07-23",0
"2016-07-24",0
"2016-07-25",0
"2016-07-26",0
"2016-07-27",0
"2016-07-28",0
"2016-07-29",0
"2016-07-30",0
"2016-07-31",0
"2016-08-01",0
"2016-08-02",0
"2016-08-03",0
"2016-08-04",0
"2016-08-05",0
"2016-08-06",0
"2016-08-07",0
"2016-08-08",0
"2016-08-09",0
"2016-08-10",0
"2016-08-11",0
"2016-08-12",0
"2016-08-13",0
"2016-08-14",0
"2016-08-15",0
"2016-08-16",0
"2016-08-17",0
"2016-08-18",0
"2016-08-19",0
"2016-08-20",0
"2016-08-21",0
"2016-08-22",0
"2016-08-23",0
"2016-08-24",0
"2016-08-25",0
"2016-08-26",0
"2016-08-27",0
"2016-08-28",0
"2016-08-29",0
"2016-08-30",0
"2016-08-31",0
"2016-09-01",0
"2016-09-02",0
"2016-09-03",0
"2016-09-04",0
"2016-09-05",0
"2016-09-06",0
"2016-09-07",0
"2016-09-08",0
"2016-09-09",0
"2016-09-10",0
"2016-09-11",0
"2016-09-12",0
"2016-09-13",0
"2016-09-14",0
"2016-09-15",0
"2016-09-16",0
"2016-09-17",0
"2016-09-18",0
"2016-09-19",0
"2016-09-20",0
"2016-09-21",0
"2016-09-22",0
"2016-09-23",0
"2016-09-24",0
"2016-09-25",0
"2016-09-26",0
"2016-09-27",0
"2016-09-28",0
"2016-09-29",0
"2016-09-30",0
"2016-10-01",0
"2016-10-02",0
"2016-10-03",0
"2016-10-04",0
"2016-10-05",0
"2016-10-06",0
"2016-10-07",0
"2016-10-08",0
"2016-10-09",0
"2016-10-10",0
"2016-10-11",0
"2016-10-12",0
"2016-10-13",0
"2016-10-14",0
"2016-10-15",0
"2016-10-16",0
"2016-10-17",0
"2016-10-18",0
"2016-10-19",0
"2016-10-20",0
"2016-10-21",0
"2016-10-22",0
"2016-10-23",0
"2016-10-24",0
"2016-10-25",0
"2016-10-26",0
"2016-10-27",0
"2016-10-28",0
"2016-10-29",0
"2016-10-30",0
"2016-10-31",0
"2016-11-01",0
"2016-11-02",0
"2016-11-03",0
"2016-11-04",0
"2016-11-05",0
"2016-11-06",0
"2016-11-07",0
"2016-11-08",0
"2016-11-09",0
"2016-11-10",0
"2016-11-11",0
"2016-11-12",0
"2016-11-13",0
"2016-11-14",0
"2016-11-15",0
"2016-11-16",0
"2016-11-17",0
"2016-11-18",0
"2016-11-19",0
"2016-11-20",0
"2016-11-21",0
"2016-11-22",16
"2016-11-23",32
"2016-11-24",17
"2016-11-25",2
"2016-11-26",0
"2016-11-27",0
"2016-11-28",34
"2016-11-29",240
"2016-11-30",212
"2016-12-01",194
"2016-12-02",180
"2016-12-03",207
"2016-12-04",193
"2016-12-05",173
"2016-12-06",172
"2016-12-07",151
"2016-12-08",167
"2016-12-09",158
"2016-12-10",150
"2016-12-11",70
"2016-12-12",61
"2016-12-13",55
"2016-12-14",44
"2016-12-15",0
"2016-12-16",0
"2016-12-17",0
"2016-12-18",55
"2016-12-19",48
"2016-12-20",526
"2016-12-21",502
"2016-12-22",461
"2016-12-23",461
"2016-12-24",417
"2016-12-25",391
"2016-12-26",366
"2016-12-27",354
"2016-12-28",383
"2016-12-29",358
"2016-12-30",353
"2016-12-31",342
"2017-01-01",360
"2017-01-02",440
"2017-01-03",435
"2017-01-04",577
"2017-01-05",563
"2017-01-06",650
"2017-01-07",667
"2017-01-08",652
"2017-01-09",570
"2017-01-10",537
"2017-01-11",594
"2017-01-12",615
"2017-01-13",595
"2017-01-14",572
"2017-01-15",593
"2017-01-16",599
"2017-01-17",644
"2017-01-18",664
"2017-01-19",652
"2017-01-20",811
"2017-01-21",841
"2017-01-22",883
"2017-01-23",873
"2017-01-24",1116
"2017-01-25",1109
"2017-01-26",1171
"2017-01-27",1150
"2017-01-28",1126
"2017-01-29",1091
"2017-01-30",1068
"2017-01-31",1061
"2017-02-01",1041
"2017-02-02",1025
"2017-02-03",995
"2017-02-04",976
"2017-02-05",957
"2017-02-06",940
"2017-02-07",941
"2017-02-08",895
"2017-02-09",839
"2017-02-10",794
"2017-02-11",596
"2017-02-12",473
"2017-02-13",475
"2017-02-14",992
"2017-02-15",976
"2017-02-16",962
"2017-02-17",960
"2017-02-18",943
"2017-02-19",925
"2017-02-20",930
"2017-02-21",920
"2017-02-22",816
"2017-02-23",734
"2017-02-24",723
"2017-02-25",713
"2017-02-26",703
"2017-02-27",700
"2017-02-28",787
"2017-03-01",1083
"2017-03-02",1047
"2017-03-03",1291
"2017-03-04",1258
"2017-03-05",1142
"2017-03-06",1065
"2017-03-07",1021
"2017-03-08",1003
"2017-03-09",971
"2017-03-10",927
"2017-03-11",861
"2017-03-12",822
"2017-03-13",755
"2017-03-14",697
"2017-03-15",617
"2017-03-16",535
"2017-03-17",440
"2017-03-18",391
"2017-03-19",239
"2017-03-20",129
"2017-03-21",197
"2017-03-22",77
"2017-03-23",0
"2017-03-24",96
"2017-03-25",52
"2017-03-26",39
"2017-03-27",30
"2017-03-28",21
"2017-03-29",69
"2017-03-30",27
"2017-03-31",0
"2017-04-01",36
"2017-04-02",32
"2017-04-03",0
"2017-04-04",22
"2017-04-05",41
"2017-04-06",31
"2017-04-07",0
"2017-04-08",0
"2017-04-09",0
"2017-04-10",0
"2017-04-11",0
"2017-04-12",0
"2017-04-13",0
"2017-04-14",0
"2017-04-15",0
"2017-04-16",0
"2017-04-17",0
"2017-04-18",0
"2017-04-19",0
"2017-04-20",0
"2017-04-21",0
"2017-04-22",0
"2017-04-23",0
"2017-04-24",0
"2017-04-25",0
"2017-04-26",20
"2017-04-27",0
"2017-04-28",0
"2017-04-29",24
"2017-04-30",12
"2017-05-01",0
"2017-05-02",0
"2017-05-03",0
"2017-05-04",0
"2017-05-05",0
"2017-05-06",0
"2017-05-07",0
"2017-05-08",0
"2017-05-09",0
"2017-05-10",0
"2017-05-11",0
"2017-05-12",0
"2017-05-13",0
"2017-05-14",0
"2017-05-15",0
"2017-05-16",0
"2017-05-17",0
"2017-05-18",39
"2017-05-19",65
"2017-05-20",54
"2017-05-21",4
"2017-05-22",0
"2017-05-23",0
"2017-05-24",0
"2017-05-25",0
"2017-05-26",0
"2017-05-27",0
"2017-05-28",0
"2017-05-29",0
"2017-05-30",0
"2017-05-31",0
"2017-06-01",0
"2017-06-02",0
"2017-06-03",0
"2017-06-04",0
"2017-06-05",0
"2017-06-06",0
"2017-06-07",0
"2017-06-08",0
"2017-06-09",0
"2017-06-10",0
"2017-06-11",0
"2017-06-12",0
"2017-06-13",0
"2017-06-14",0
"2017-06-15",0
"2017-06-16",0
"2017-06-17",0
"2017-06-18",0
"2017-06-19",0
"2017-06-20",0
"2017-06-21",0
"2017-06-22",0
"2017-06-23",0
"2017-06-24",0
"2017-06-25",0
"2017-06-26",0
"2017-06-27",0
"2017-06-28",0
"2017-06-29",0
"2017-06-30",0
"2017-07-01",0
"2017-07-02",0
"2017-07-03",0
"2017-07-04",0
"2017-07-05",0
"2017-07-06",0
"2017-07-07",0
"2017-07-08",0
"2017-07-09",0
"2017-07-10",0
"2017-07-11",0
"2017-07-12",0
"2017-07-13",0
"2017-07-14",0
"2017-07-15",0
"2017-07-16",0
"2017-07-17",0
"2017-07-18",0
"2017-07-19",0
"2017-07-20",0
"2017-07-21",0
"2017-07-22",0
"2017-07-23",0
"2017-07-24",0
"2017-07-25",0
"2017-07-26",0
"2017-07-27",0
"2017-07-28",0
"2017-07-29",0
"2017-07-30",0
"2017-07-31",0
"2017-08-01",0
"2017-08-02",0
"2017-08-03",0
"2017-08-04",0
"2017-08-05",0
"2017-08-06",0
"2017-08-07",0
"2017-08-08",0
"2017-08-09",0
"2017-08-10",0
"2017-08-11",0
"2017-08-12",0
"2017-08-13",0
"2017-08-14",0
"2017-08-15",0
"2017-08-16",0
"2017-08-17",0
"2017-08-18",0
"2017-08-19",0
"2017-08-20",0
"2017-08-21",0
"2017-08-22",0
"2017-08-23",0
"2017-08-24",0
"2017-08-25",0
"2017-08-26",0
"2017-08-27",0
"2017-08-28",0
"2017-08-29",0
"2017-08-30",0
"2017-08-31",0
"2017-09-01",0
"2017-09-02",0
"2017-09-03",0
"2017-09-04",0
"2017-09-05",0
"2017-09-06",0
"2017-09-07",0
"2017-09-08",0
"2017-09-09",0
"2017-09-10",0
"2017-09-11",0
"2017-09-12",0
"2017-09-13",0
"2017-09-14",0
"2017-09-15",0
"2017-09-16",0
"2017-09-17",0
"2017-09-18",0
"2017-09-19",0
"2017-09-20",0
"2017-09-21",0
"2017-09-22",0
"2017-09-23",0
"2017-09-24",0
"2017-09-25",0
"2017-09-26",0
"2017-09-27",0
"2017-09-28",0
"2017-09-29",0
"2017-09-30",0
"2017-10-01",0
"2017-10-02",0
"2017-10-03",0
"2017-10-04",0
"2017-10-05",0
"2017-10-06",0
"2017-10-07",0
"2017-10-08",0
"2017-10-09",0
"2017-10-10",0
"2017-10-11",0
"2017-10-12",0
"2017-10-13",0
"2017-10-14",0
"2017-10-15",0
"2017-10-16",0
"2017-10-17",0
"2017-10-18",0
"2017-10-19",0
"2017-10-20",0
"2017-10-21",0
"2017-10-22",0
"2017-10-23",0
"2017-10-24",0
"2017-10-25",0
"2017-10-26",0
"2017-10-27",0
"2017-10-28",0
"2017-10-29",0
"2017-10-30",0
"2017-10-31",0
"2017-11-01",0
"2017-11-02",0
"2017-11-03",0
"2017-11-04",0
"2017-11-05",0
"2017-11-06",0
"2017-11-07",0
"2017-11-08",0
"2017-11-09",0
"2017-11-10",0
"2017-11-11",0
"2017-11-12",0
"2017-11-13",0
"2017-11-14",0
"2017-11-15",0
"2017-11-16",0
"2017-11-17",0
"2017-11-18",2
"2017-11-19",0
"2017-11-20",0
"2017-11-21",0
"2017-11-22",0
"2017-11-23",0
"2017-11-24",0
"2017-11-25",0
"2017-11-26",0
"2017-11-27",0
"2017-11-28",0
"2017-11-29",0
"2017-11-30",0
"2017-12-01",0
"2017-12-02",0
"2017-12-03",0
"2017-12-04",0
"2017-12-05",0
"2017-12-06",0
"2017-12-07",0
"2017-12-08",0
"2017-12-09",0
"2017-12-10",0
"2017-12-11",0
"2017-12-12",0
"2017-12-13",0
"2017-12-14",0
"2017-12-15",0
"2017-12-16",0
"2017-12-17",0
"2017-12-18",0
"2017-12-19",0
"2017-12-20",0
"2017-12-21",0
"2017-12-22",22
"2017-12-23",11
"2017-12-24",0
"2017-12-25",0
"2017-12-26",0
"2017-12-27",0
"2017-12-28",0
"2017-12-29",0
"2017-12-30",0
"2017-12-31",0
"2018-01-01",0
"2018-01-02",0
"2018-01-03",0
"2018-01-04",0
"2018-01-05",0
"2018-01-06",0
"2018-01-07",3
"2018-01-08",22
"2018-01-09",12
"2018-01-10",0
"2018-01-11",95
"2018-01-12",114
"2018-01-13",94
"2018-01-14",82
"2018-01-15",70
"2018-01-16",55
"2018-01-17",51
"2018-01-18",43
"2018-01-19",34
"2018-01-20",8
"2018-01-21",57
"2018-01-22",75
"2018-01-23",63
"2018-01-24",121
"2018-01-25",94
"2018-01-26",58
"2018-01-27",43
"2018-01-28",37
"2018-01-29",22
"2018-01-30",16
"2018-01-31",3
"2018-02-01",21
"2018-02-02",0
"2018-02-03",0
"2018-02-04",0
"2018-02-05",0
"2018-02-06",0
"2018-02-07",9
"2018-02-08",0
"2018-02-09",0
"2018-02-10",0
"2018-02-11",41
"2018-02-12",24
"2018-02-13",35
"2018-02-14",26
"2018-02-15",67
"2018-02-16",73
"2018-02-17",64
"2018-02-18",49
"2018-02-19",14
"2018-02-20",114
"2018-02-21",91
"2018-02-22",89
"2018-02-23",73
"2018-02-24",77
"2018-02-25",66
"2018-02-26",61
"2018-02-27",38
"2018-02-28",11
"2018-03-01",5
"2018-03-02",0
"2018-03-03",0
"2018-03-04",0
"2018-03-05",0
"2018-03-06",0
"2018-03-07",0
"2018-03-08",0
"2018-03-09",0
"2018-03-10",0
"2018-03-11",1
"2018-03-12",73
"2018-03-13",72
"2018-03-14",65
"2018-03-15",0
"2018-03-16",60
"2018-03-17",46
"2018-03-18",20
"2018-03-19",53
"2018-03-20",33
"2018-03-21",21
"2018-03-22",0
"2018-03-23",0
"2018-03-24",0
"2018-03-25",0
"2018-03-26",0
"2018-03-27",0
"2018-03-28",0
"2018-03-29",0
"2018-03-30",0
"2018-03-31",0
"2018-04-01",0
"2018-04-02",0
"2018-04-03",0
"2018-04-04",0
"2018-04-05",0
"2018-04-06",0
"2018-04-07",0
"2018-04-08",0
"2018-04-09",0
"2018-04-10",0
"2018-04-11",0
"2018-04-12",0
"2018-04-13",0
"2018-04-14",0
"2018-04-15",0
"2018-04-16",0
"2018-04-17",0
"2018-04-18",0
"2018-04-19",0
"2018-04-20",0
"2018-04-21",18
"2018-04-22",0
"2018-04-23",0
"2018-04-24",0
"2018-04-25",0
"2018-04-26",0
"2018-04-27",0
"2018-04-28",0
"2018-04-29",0
"2018-04-30",0
"2018-05-01",0
"2018-05-02",0
"2018-05-03",26
"2018-05-04",10
"2018-05-05",0
"2018-05-06",0
"2018-05-07",0
"2018-05-08",0
"2018-05-09",0
"2018-05-10",0
"2018-05-11",0
"2018-05-12",0
"2018-05-13",0
"2018-05-14",0
"2018-05-15",0
"2018-05-16",0
"2018-05-17",0
"2018-05-18",0
"2018-05-19",0
"2018-05-20",0
"2018-05-21",0
"2018-05-22",0
"2018-05-23",0
"2018-05-24",0
"2018-05-25",0
"2018-05-26",0
"2018-05-27",0
"2018-05-28",0
"2018-05-29",0
"2018-05-30",0
"2018-05-31",0
"2018-06-01",0
"2018-06-02",0
"2018-06-03",0
"2018-06-04",0
"2018-06-05",0
"2018-06-06",0
"2018-06-07",0
"2018-06-08",0
"2018-06-09",0
"2018-06-10",0
"2018-06-11",0
"2018-06-12",0
"2018-06-13",0
"2018-06-14",0
"2018-06-15",0
"2018-06-16",0
"2018-06-17",0
"2018-06-18",0
"2018-06-19",0
"2018-06-20",0
"2018-06-21",0
"2018-06-22",0
"2018-06-23",0
"2018-06-24",0
"2018-06-25",0
"2018-06-26",0
"2018-06-27",0
"2018-06-28",0
"2018-06-29",0
"2018-06-30",0
"2018-07-01",0
"2018-07-02",0
"2018-07-03",0
"2018-07-04",0
"2018-07-05",0
"2018-07-06",0
"2018-07-07",0
"2018-07-08",0
"2018-07-09",0
"2018-07-10",0
"2018-07-11",0
"2018-07-12",0
"2018-07-13",0
"2018-07-14",0
"2018-07-15",0
"2018-07-16",0
"2018-07-17",0
"2018-07-18",0
"2018-07-19",0
"2018-07-20",0
"2018-07-21",0
"2018-07-22",0
"2018-07-23",0
"2018-07-24",0
"2018-07-25",0
"2018-07-26",0
"2018-07-27",0
"2018-07-28",0
"2018-07-29",0
"2018-07-30",0
"2018-07-31",0
"2018-08-01",0
"2018-08-02",0
"2018-08-03",0
"2018-08-04",0
"2018-08-05",0
"2018-08-06",0
"2018-08-07",0
"2018-08-08",0
"2018-08-09",0
"2018-08-10",0
"2018-08-11",0
"2018-08-12",0
"2018-08-13",0
"2018-08-14",0
"2018-08-15",0
"2018-08-16",0
"2018-08-17",0
"2018-08-18",0
"2018-08-19",0
"2018-08-20",0
"2018-08-21",0
"2018-08-22",0
"2018-08-23",0
"2018-08-24",0
"2018-08-25",0
"2018-08-26",0
"2018-08-27",0
"2018-08-28",0
"2018-08-29",0
"2018-08-30",0
"2018-08-31",0
"2018-09-01",0
"2018-09-02",0
"2018-09-03",0
"2018-09-04",0
"2018-09-05",0
"2018-09-06",0
"2018-09-07",0
"2018-09-08",0
"2018-09-09",0
"2018-09-10",0
"2018-09-11",0
"2018-09-12",0
"2018-09-13",0
"2018-09-14",0
"2018-09-15",0
"2018-09-16",0
"2018-09-17",0
"2018-09-18",0
"2018-09-19",0
"2018-09-20",0
"2018-09-21",0
"2018-09-22",0
"2018-09-23",0
"2018-09-24",0
"2018-09-25",0
"2018-09-26",0
"2018-09-27",0
"2018-09-28",0
"2018-09-29",0
"2018-09-30",0
"2018-10-01",0
"2018-10-02",0
"2018-10-03",0
"2018-10-04",0
"2018-10-05",0
"2018-10-06",0
"2018-10-07",0
"2018-10-08",3
"2018-10-09",6
"2018-10-10",32
"2018-10-11",0
"2018-10-12",0
"2018-10-13",0
"2018-10-14",0
"2018-10-15",0
"2018-10-16",0
"2018-10-17",11
"2018-10-18",10
"2018-10-19",0
"2018-10-20",0
"2018-10-21",0
"2018-10-22",0
"2018-10-23",0
"2018-10-24",0
"2018-10-25",0
"2018-10-26",0
"2018-10-27",0
"2018-10-28",0
"2018-10-29",0
"2018-10-30",0
"2018-10-31",22
"2018-11-01",8
"2018-11-02",0
"2018-11-03",0
"2018-11-04",0
"2018-11-05",0
"2018-11-06",0
"2018-11-07",0
"2018-11-08",0
"2018-11-09",0
"2018-11-10",0
"2018-11-11",0
"2018-11-12",4
"2018-11-13",0
"2018-11-14",0
"2018-11-15",0
"2018-11-16",0
"2018-11-17",0
"2018-11-18",0
"2018-11-19",0
"2018-11-20",0
"2018-11-21",0
"2018-11-22",0
"2018-11-23",45
"2018-11-24",34
"2018-11-25",0
"2018-11-26",0
"2018-11-27",0
"2018-11-28",0
"2018-11-29",0
"2018-11-30",0
"2018-12-01",0
"2018-12-02",0
"2018-12-03",347
"2018-12-04",0
"2018-12-05",0
"2018-12-06",0
"2018-12-07",323
"2018-12-08",339
"2018-12-09",0
"2018-12-10",303
"2018-12-11",0
"2018-12-12",305
"2018-12-13",0
"2018-12-14",0
"2018-12-15",0
"2018-12-16",271
"2018-12-17",0
"2018-12-18",0
"2018-12-19",0
"2018-12-20",0
"2018-12-21",0
"2018-12-22",0
"2018-12-23",196
"2018-12-24",0
"2018-12-25",0
"2018-12-26",0
"2018-12-27",0
"2018-12-28",0
"2018-12-29",465
"2018-12-30",448
"2018-12-31",0
"2019-01-01",0
"2019-01-02",0
"2019-01-03",0
"2019-01-04",0
"2019-01-05",0
"2019-01-06",459
"2019-01-07",613
"2019-01-08",639
"2019-01-09",608
"2019-01-10",580
"2019-01-11",560
"2019-01-12",546
"2019-01-13",535
"2019-01-14",614
"2019-01-15",629
"2019-01-16",628
"2019-01-17",668
"2019-01-18",669
"2019-01-19",955
"2019-01-20",899
"2019-01-21",855
"2019-01-22",858
"2019-01-23",839
"2019-01-24",766
"2019-01-25",745
"2019-01-26",726
"2019-01-27",709
"2019-01-28",693
"2019-01-29",676
"2019-01-30",666
"2019-01-31",656
"2019-02-01",646
"2019-02-02",638
"2019-02-03",631
"2019-02-04",626
"2019-02-05",619
"2019-02-06",610
"2019-02-07",826
"2019-02-08",821
"2019-02-09",798
"2019-02-10",765
"2019-02-11",742
"2019-02-12",837
"2019-02-13",823
"2019-02-14",792
"2019-02-15",855
"2019-02-16",754
"2019-02-17",845
"2019-02-18",881
"2019-02-19",919
"2019-02-20",970
"2019-02-21",960
"2019-02-22",1057
"2019-02-23",1122
"2019-02-24",1085
"2019-02-25",1054
"2019-02-26",1026
"2019-02-27",986
"2019-02-28",964
"2019-03-01",928
"2019-03-02",908
"2019-03-03",1038
"2019-03-04",1045
"2019-03-05",1119
"2019-03-06",1097
"2019-03-07",1020
"2019-03-08",990
"2019-03-09",1081
"2019-03-10",1060
"2019-03-11",1039
"2019-03-12",1102
"2019-03-13",1118
"2019-03-14",1330
"2019-03-15",1296
"2019-03-16",1263
"2019-03-17",1234
"2019-03-18",1210
"2019-03-19",1189
"2019-03-20",1175
"2019-03-21",1140
"2019-03-22",1165
"2019-03-23",1156
"2019-03-24",1143
"2019-03-25",1127
"2019-03-26",1224
"2019-03-27",1154
"2019-03-28",1063
"2019-03-29",974
"2019-03-30",994
"2019-03-31",986
"2019-04-01",1002
"2019-04-02",993
"2019-04-03",963
"2019-04-04",959
"2019-04-05",929
"2019-04-06",888
"2019-04-07",863
"2019-04-08",812
"2019-04-09",767
"2019-04-10",551
"2019-04-11",624
"2019-04-12",645
"2019-04-13",796
"2019-04-14",782
"2019-04-15",670
"2019-04-16",577
"2019-04-17",528
"2019-04-18",486
"2019-04-19",410
"2019-04-20",374
"2019-04-21",267
"2019-04-22",152
"2019-04-23",122
"2019-04-24",174
"2019-04-25",63
"2019-04-26",0
"2019-04-27",0
"2019-04-28",0
"2019-04-29",0
"2019-04-30",0
"2019-05-01",0
"2019-05-02",0
"2019-05-03",0
"2019-05-04",0
"2019-05-05",0
"2019-05-06",0
"2019-05-07",0
"2019-05-08",0
"2019-05-09",1
"2019-05-10",3
"2019-05-11",8
"2019-05-12",0
"2019-05-13",0
"2019-05-14",0
"2019-05-15",0
"2019-05-16",0
"2019-05-17",0
"2019-05-18",33
"2019-05-19",0
"2019-05-20",0
"2019-05-21",122
"2019-05-22",71
"2019-05-23",80
"2019-05-24",105
"2019-05-25",25
"2019-05-26",0
"2019-05-27",0
"2019-05-28",9
"2019-05-29",0
"2019-05-30",0
"2019-05-31",0
"2019-06-01",0
"2019-06-02",0
"2019-06-03",0
"2019-06-04",0
"2019-06-05",0
"2019-06-06",0
"2019-06-07",0
"2019-06-08",0
"2019-06-09",0
"2019-06-10",0
"2019-06-11",0
"2019-06-12",0
"2019-06-13",0
"2019-06-14",0
"2019-06-15",0
"2019-06-16",0
"2019-06-17",0
"2019-06-18",0
"2019-06-19",0
"2019-06-20",0
"2019-06-21",0
"2019-06-22",0
"2019-06-23",0
"2019-06-24",0
"2019-06-25",0
"2019-06-26",0
"2019-06-27",0
"2019-06-28",0
"2019-06-29",0
"2019-06-30",0
"2019-07-01",0
"2019-07-02",0
"2019-07-03",0
"2019-07-04",0
"2019-07-05",0
"2019-07-06",0
"2019-07-07",0
"2019-07-08",0
"2019-07-09",0
"2019-07-10",0
"2019-07-11",0
"2019-07-12",0
"2019-07-13",0
"2019-07-14",0
"2019-07-15",0
"2019-07-16",0
"2019-07-17",0
"2019-07-18",0
"2019-07-19",0
"2019-07-20",0
"2019-07-21",0
"2019-07-22",0
"2019-07-23",0
"2019-07-24",0
"2019-07-25",0
"2019-07-26",0
"2019-07-27",0
"2019-07-28",0
"2019-07-29",0
"2019-07-30",0
"2019-07-31",0
"2019-08-01",0
"2019-08-02",0
"2019-08-03",0
"2019-08-04",0
"2019-08-05",0
"2019-08-06",0
"2019-08-07",0
"2019-08-08",0
"2019-08-09",0
"2019-08-10",0
"2019-08-11",0
"2019-08-12",0
"2019-08-13",0
"2019-08-14",0
"2019-08-15",0
"2019-08-16",0
"2019-08-17",0
"2019-08-18",0
"2019-08-19",0
"2019-08-20",0
"2019-08-21",0
"2019-08-22",0
"2019-08-23",0
"2019-08-24",0
"2019-08-25",0
"2019-08-26",0
"2019-08-27",0
"2019-08-28",0
"2019-08-29",0
"2019-08-30",0
"2019-08-31",0
"2019-09-01",0
"2019-09-02",0
"2019-09-03",0
"2019-09-04",0
"2019-09-05",0
"2019-09-06",0
"2019-09-07",0
"2019-09-08",0
"2019-09-09",0
"2019-09-10",0
"2019-09-11",0
"2019-09-12",0
"2019-09-13",0
"2019-09-14",0
"2019-09-15",0
"2019-09-16",0
"2019-09-17",0
"2019-09-18",0
"2019-09-19",0
"2019-09-20",0
"2019-09-21",0
"2019-09-22",0
"2019-09-23",0
"2019-09-24",0
"2019-09-25",0
"2019-09-26",0
"2019-09-27",0
"2019-09-28",0
"2019-09-29",0
"2019-09-30",0
"2019-10-01",0
"2019-10-02",0
"2019-10-03",0
"2019-10-04",0
"2019-10-05",0
"2019-10-06",0
"2019-10-07",0
"2019-10-08",0
"2019-10-09",0
"2019-10-10",0
"2019-10-11",0
"2019-10-12",0
"2019-10-13",0
"2019-10-14",0
"2019-10-15",0
"2019-10-16",0
"2019-10-17",0
"2019-10-18",0
"2019-10-19",0
"2019-10-20",0
"2019-10-21",0
"2019-10-22",0
"2019-10-23",0
"2019-10-24",0
"2019-10-25",0
"2019-10-26",0
"2019-10-27",0
"2019-10-28",0
"2019-10-29",23
"2019-10-30",0
"2019-10-31",0
"2019-11-01",0
"2019-11-02",0
"2019-11-03",0
"2019-11-04",0
"2019-11-05",0
"2019-11-06",0
"2019-11-07",0
"2019-11-08",0
"2019-11-09",0
"2019-11-10",0
"2019-11-11",0
"2019-11-12",0
"2019-11-13",0
"2019-11-14",0
"2019-11-15",0
"2019-11-16",0
"2019-11-17",0
"2019-11-18",0
"2019-11-19",0
"2019-11-20",0
"2019-11-21",0
"2019-11-22",71
"2019-11-23",66
"2019-11-24",59
"2019-11-25",48
"2019-11-26",86
"2019-11-27",102
"2019-11-28",86
"2019-11-29",76
"2019-11-30",368
"2019-12-01",362
"2019-12-02",320
"2019-12-03",291
"2019-12-04",323
"2019-12-05",61
"2019-12-06",75
"2019-12-07",73
"2019-12-08",70
"2019-12-09",158
"2019-12-10",174
"2019-12-11",170
"2019-12-12",164
"2019-12-13",90
"2019-12-14",109
"2019-12-15",118
"2019-12-16",239
"2019-12-17",149
"2019-12-18",141
"2019-12-19",128
"2019-12-20",119
"2019-12-21",111
"2019-12-22",107
"2019-12-23",98
"2019-12-24",88
"2019-12-25",179
"2019-12-26",230
"2019-12-27",239
"2019-12-28",323
"2019-12-29",327
"2019-12-30",305
"2019-12-31",290
"2020-01-01",277
"2020-01-02",267
"2020-01-03",253
"2020-01-04",240
"2020-01-05",227
"2020-01-06",213
"2020-01-07",327
"2020-01-08",317
"2020-01-09",299
"2020-01-10",298
"2020-01-11",291
"2020-01-12",280
"2020-01-13",289
"2020-01-14",275
"2020-01-15",252
"2020-01-16",242
"2020-01-17",324
"2020-01-18",326
"2020-01-19",315
"2020-01-20",305
"2020-01-21",293
"2020-01-22",545
"2020-01-23",538
"2020-01-24",515
"2020-01-25",497
"2020-01-26",482
"2020-01-27",467
"2020-01-28",496
"2020-01-29",477
"2020-01-30",466
"2020-01-31",453
"2020-02-01",434
"2020-02-02",421
"2020-02-03",387
"2020-02-04",374
"2020-02-05",373
"2020-02-06",366
"2020-02-07",359
"2020-02-08",349
"2020-02-09",328
"2020-02-10",316
"2020-02-11",447
"2020-02-12",455
"2020-02-13",431
"2020-02-14",421
"2020-02-15",412
"2020-02-16",398
"2020-02-17",369
"2020-02-18",361
"2020-02-19",355
"2020-02-20",348
"2020-02-21",343
"2020-02-22",332
"2020-02-23",396
"2020-02-24",528
"2020-02-25",648
"2020-02-26",626
"2020-02-27",607
"2020-02-28",589
"2020-02-29",575
"2020-03-01",552
"2020-03-02",535
"2020-03-03",527
"2020-03-04",513
"2020-03-05",475
"2020-03-06",456
"2020-03-07",417
"2020-03-08",338
"2020-03-09",326
"2020-03-10",310
"2020-03-11",312
"2020-03-12",286
"2020-03-13",265
"2020-03-14",298
"2020-03-15",294
"2020-03-16",259
"2020-03-17",232
"2020-03-18",205
"2020-03-19",255
"2020-03-20",345
"2020-03-21",328
"2020-03-22",307
"2020-03-23",209
"2020-03-24",199
"2020-03-25",171
"2020-03-26",141
"2020-03-27",83
"2020-03-28",120
"2020-03-29",119
"2020-03-30",106
"2020-03-31",47
"2020-04-01",0
"2020-04-02",0
"2020-04-03",0
"2020-04-04",0
"2020-04-05",0
"2020-04-06",0
"2020-04-07",0
"2020-04-08",0
"2020-04-09",0
"2020-04-10",0
"2020-04-11",0
"2020-04-12",0
"2020-04-13",2
"2020-04-14",21
"2020-04-15",14
"2020-04-16",0
"2020-04-17",0
"2020-04-18",0
"2020-04-19",0
"2020-04-20",0
"2020-04-21",0
"2020-04-22",8
"2020-04-23",0
"2020-04-24",0
"2020-04-25",0
"2020-04-26",0
"2020-04-27",0
"2020-04-28",0
"2020-04-29",0
"2020-04-30",0
"2020-05-01",0
"2020-05-02",0
"2020-05-03",0
"2020-05-04",0
"2020-05-05",0
"2020-05-06",0
"2020-05-07",0
"2020-05-08",0
"2020-05-09",0
"2020-05-10",0
"2020-05-11",0
"2020-05-12",0
"2020-05-13",0
"2020-05-14",0
"2020-05-15",0
"2020-05-16",0
"2020-05-17",0
"2020-05-18",0
"2020-05-19",0
"2020-05-20",0
"2020-05-21",0
"2020-05-22",0
"2020-05-23",0
"2020-05-24",0
"2020-05-25",0
"2020-05-26",0
"2020-05-27",0
"2020-05-28",0
"2020-05-29",0
"2020-05-30",0
"2020-05-31",0
"2020-06-01",0
"2020-06-02",0
"2020-06-03",0
"2020-06-04",0
"2020-06-05",0
"2020-06-06",0
"2020-06-07",0
"2020-06-08",0
"2020-06-09",0
"2020-06-10",0
"2020-06-11",0
"2020-06-12",0
"2020-06-13",0
"2020-06-14",0
"2020-06-15",0
"2020-06-16",0